Workbook

Sheet 4D CONTROL
D1: 4D PARAMETER AUDIT
B2: TRADE COMPANY | C2: CODE | D2: BIM COMPANY | E2: CODE | F2: ACC VERSION (R22) - META DO DIA 17/07 | G2: ACC FILE DATE (R22) - META DO DIA 17/07 | H2: ACC VERSION (R24) - META DO DIA 17/07 | I2: ACC FILE DATE (R24) - META DO DIA 17/07 | J2: VERSION | K2: VERSION DATE | L2: FILE NAME (R22) | M2: FILE NAME (R24) | N2: SHARED PARAMETER | O2: PARAMETER INFORMATION FILLED - TABLE | P2: ROUND 1 | Q2: ROUND 2 | R2: ROUND 3 | S2: ISSUES (ROUND 3) | T2: ROUND 4 | U2: ISSUES (ROUND 4) | V2: ROUND 5 | W2: ISSUES (ROUND 5) | X2: ROUND 6 | Y2: ISSUES (ROUND 6) | Z2: ROUND 7 | AA2: ISSUES (ROUND 7) | AB2: ROUND 8 | AC2: ISSUES (ROUND 8) | AD2: ROUND 9 | AE2: ISSUES (ROUND 9) | AF2: ROUND 10 | AG2: ISSUES (ROUND 10) | AH2: ROUND 11 | AI2: ISSUES (ROUND 11) | AJ2: ROUND 12 | AK2: ISSUES (ROUND 12) | AL2: ROUND 13 | AM2: ISSUES (ROUND 13) | AN2: ROUND 14 | AO2: ISSUES (ROUND 14) | AP2: ROUND 15 | AQ2: ISSUES (ROUND 15) | AR2: ROUND 16 | AS2: ISSUES (ROUND 16) | AT2: ROUND 17 | AU2: ISSUES (ROUND 17) | AV2: ROUND 18 | AW2: ISSUES (ROUND 18) | AX2: ROUND 19 | AY2: ISSUES (ROUND 19) | AZ2: ROUND 20 | BA2: ISSUES (ROUND 20) | BB2: ROUND 21 | BC2: ISSUES (ROUND 21) | BD2: ROUND 22 | BE2: ISSUES (ROUND 22) | BF2: ROUND 23 | BG2: ISSUES (ROUND 23) | BH2: ROUND 24 | BI2: ISSUES (ROUND 24) | BJ2: ROUND 25 | BK2: ISSUES (ROUND 25) | BL2: ROUND 26 | BM2: ISSUES (ROUND 26) | BN2: ROUND 27 | BO2: ISSUES (ROUND 27) | BP2: ROUND 28 | BQ2: ISSUES (ROUND 28) | BR2: ROUND 29 | BS2: ISSUES (ROUND 29) | BT2: ROUND 30 | BU2: ISSUES (ROUND 30) | BV2: ROUND 31 | BW2: ISSUES (ROUND 31) | BX2: ROUND 32 | BY2: ISSUES (ROUND 32) | BZ2: ROUND 33 | CA2: ISSUES (ROUND 33) | CB2: ROUND 34 | CC2: ISSUES (ROUND 34) | CD2: ROUND 35 | CE2: ISSUES (ROUND 35) | CF2: ROUND 36 | CG2: ISSUES (ROUND 36) | CH2: ROUND 37 | CI2: ISSUES (ROUND 37) | CJ2: ROUND 38 | CK2: ISSUES (ROUND 38) | CL2: ESTIMATED DELIVERY R38(DD/MM/AAAA) | CM2: RESUMO | CN2: RESPONSÁVEL DA ANÁLISE - R4 | CO2: HÁ ATUALIZAÇÃO NO ACC (ATUALIZADO XX/XX) | CP2: STATUS DAS ISSUES (ATUALIZADO) | CQ2: INTERAÇÃO NA ISSUE
A3: 28 | B3: BLACKBOX | C3: 1114 | D3: BLACKBOX | E3: 1114 | F3: =IFERROR(VLOOKUP(L3:L64,'R22 RELATÓRIO ACC'!B:F,5,FALSE),"NOT PUBLISHED") -> V15 | G3: =IFERROR(VLOOKUP(L3:L64,'R22 RELATÓRIO ACC'!B:P,15,FALSE),"NOT PUBLISHED") -> 27/04/2026 | H3: =IFERROR(VLOOKUP(M3:M64,'RELATÓRIO ACC'!B:F,5,FALSE),"NOT PUBLISHED") -> V3 | I3: =IFERROR(VLOOKUP(M3:M64,'RELATÓRIO ACC'!B:P,15,FALSE),"NOT PUBLISHED") -> 12/07/2026 | J3: V2 | K3: 29/06/2026 | L3: CPQ11-EPMS-DEVS-DATA-R22.rvt | M3: CPQ11-EPMS-DEVS-DATA-R24.rvt | N3: TRUE | O3: TRUE | P3: NOT FOUND | Q3: APPROVED | R3: APPROVED | S3: NO ISSUE | T3: APPROVED | U3: NO ISSUE | V3: PREVIOUSLY APPROVED | W3: NO ISSUE | X3: PREVIOUSLY APPROVED | Y3: NO ISSUE | Z3: PREVIOUSLY APPROVED | AA3: NO ISSUE | AB3: PREVIOUSLY APPROVED | AC3: NO ISSUE | AD3: PREVIOUSLY APPROVED | AE3: NO ISSUE | AF3: PREVIOUSLY APPROVED | AG3: NO ISSUE | AH3: PREVIOUSLY APPROVED | AI3: NO ISSUE | AJ3: PREVIOUSLY APPROVED | AK3: NO ISSUE | AL3: PREVIOUSLY APPROVED | AM3: NO ISSUE | AN3: PREVIOUSLY APPROVED | AO3: NO ISSUE | AP3: PREVIOUSLY APPROVED | AQ3: NO ISSUE | AR3: PREVIOUSLY APPROVED | AS3: NO ISSUE | AT3: PREVIOUSLY APPROVED | AU3: NO ISSUE | AV3: PREVIOUSLY APPROVED | AW3: NO ISSUE | AX3: PREVIOUSLY APPROVED | AY3: NO ISSUE | AZ3: PREVIOUSLY APPROVED | BA3: NO ISSUE | BB3: PREVIOUSLY APPROVED | BC3: NO ISSUE | BD3: PREVIOUSLY APPROVED | BE3: NO ISSUE | BF3: PREVIOUSLY APPROVED | BG3: NO ISSUE | BH3: PREVIOUSLY APPROVED | BI3: NO ISSUE | BJ3: PREVIOUSLY APPROVED | BK3: NO ISSUE | BL3: PREVIOUSLY APPROVED | BM3: NO ISSUE | BN3: PREVIOUSLY APPROVED | BO3: NO ISSUE | BP3: PREVIOUSLY APPROVED | BQ3: NO ISSUE | BR3: REPROVED | BS3: POSTED ISSUE | BT3: OUTDATED | BU3: OUTDATED | BV3: NEXT ROUND | BW3: NEXT ROUND | BX3: NEXT ROUND | BY3: NEXT ROUND | BZ3: REPROVED | CA3: POSTED ISSUE | CB3: OUTDATED | CC3: OUTDATED | CD3: OUTDATED | CE3: OUTDATED | CF3: NEXT ROUND | CG3: NEXT ROUND | CH3: REPROVED | CI3: POSTED ISSUE | CJ3: ANALYSING | CK3: ANALYSING | CL3: ANALYSING | CM3: =IF( OR(CL3="APPROVED", CL3="PREVIOUSLY APPROVED"), "APPROVED", "REPROVED" ) -> REPROVED | CP3: ABERTO | CQ3: COMENTÁRIO
A4: 31 | B4: MENDES HOLLER | C4: 1112 | D4: MENDES HOLLER | F4: =IFERROR(VLOOKUP(L4:L65,'R22 RELATÓRIO ACC'!B:F,5,FALSE),"NOT PUBLISHED") -> V11 | G4: =IFERROR(VLOOKUP(L4:L65,'R22 RELATÓRIO ACC'!B:P,15,FALSE),"NOT PUBLISHED") -> 08/05/2026 | H4: =IFERROR(VLOOKUP(M4:M65,'RELATÓRIO ACC'!B:F,5,FALSE),"NOT PUBLISHED") -> V3 | I4: =IFERROR(VLOOKUP(M4:M65,'RELATÓRIO ACC'!B:P,15,FALSE),"NOT PUBLISHED") -> 10/07/2026 | J4: V3 | K4: 10/07/2026 | L4: CPQ11-FALM-FALM-SITE-R22.rvt | M4: CPQ11-FALM-FALM-SITE-R24.rvt | N4: TRUE | O4: FALSE | P4: NOT FOUND | Q4: NOT FOUND | R4: REPROVED | S4: POSTED ISSUES | T4: OUTDATED | U4: OUTDATED | V4: OUTDATED | W4: OUTDATED | X4: OUTDATED | Y4: OUTDATED | Z4: OUTDATED | AA4: OUTDATED | AB4: OUTDATED | AC4: OUTDATED | AD4: OUTDATED | AE4: OUTDATED | AF4: OUTDATED | AG4: OUTDATED | AH4: OUTDATED | AI4: OUTDATED | AJ4: OUTDATED | AK4: OUTDATED | AL4: REPROVED | AM4: POSTED ISSUE | AN4: REPROVED | AO4: POSTED ISSUE | AP4: OUTDATED | AQ4: OUTDATED | AR4: REPROVED | AS4: POSTED ISSUE | AT4: REPROVED | AU4: POSTED ISSUE | AV4: OUTDATED | AW4: OUTDATED | AX4: OUTDATED | AY4: OUTDATED | AZ4: REPROVED | BA4: POSTED ISSUE | BB4: OUTDATED | BC4: OUTDATED | BD4: NEXT ROUND | BE4: NEXT ROUND | BF4: NEXT ROUND | BG4: NEXT ROUND | BH4: REPROVED | BI4: POSTED ISSUE | BJ4: REPROVED | BK4: POSTED ISSUE | BL4: OUTDATED | BM4: OUTDATED | BN4: OUTDATED | BO4: OUTDATED | BP4: OUTDATED | BQ4: OUTDATED | BR4: NEXT ROUND | BS4: NEXT ROUND | BT4: REPROVED | BU4: POSTED ISSUE | BV4: NEXT ROUND | BW4: NEXT ROUND | BX4: IMPROPER | BY4: IMPROPER | BZ4: OUTDATED | CA4: OUTDATED | CB4: OUTDATED | CC4: OUTDATED | CD4: NEXT ROUND | CE4: NEXT ROUND | CF4: REPROVED | CG4: POSTED ISSUE | CH4: OUTDATED | CI4: OUTDATED | CJ4: REPROVED | CK4: POSTED ISSUE | CL4: REPROVED | CM4: =IF( OR(CL4="APPROVED", CL4="PREVIOUSLY APPROVED"), "APPROVED", "REPROVED" ) -> REPROVED | CP4: ABERTO | CQ4: SEM INTERAÇÃO
A5: 30 | B5: MENDES HOLLER | C5: 1112 | D5: MENDES HOLLER | E5: 1112 | F5: =IFERROR(VLOOKUP(L5:L66,'R22 RELATÓRIO ACC'!B:F,5,FALSE),"NOT PUBLISHED") -> V24 | G5: =IFERROR(VLOOKUP(L5:L66,'R22 RELATÓRIO ACC'!B:P,15,FALSE),"NOT PUBLISHED") -> 15/05/2026 | H5: =IFERROR(VLOOKUP(M5:M66,'RELATÓRIO ACC'!B:F,5,FALSE),"NOT PUBLISHED") -> V2 | I5: =IFERROR(VLOOKUP(M5:M66,'RELATÓRIO ACC'!B:P,15,FALSE),"NOT PUBLISHED") -> 06/07/2026 | J5: V1 | K5: 46161 | L5: CPQ11-FALM-FALM-DATA-R22.rvt | M5: CPQ11-FALM-FALM-DATA-R24.rvt | N5: TRUE | O5: NON-RECIVED TABLE | P5: NOT FOUND | Q5: REPROVED | R5: REPROVED | S5: POSTED ISSUES | T5: REPROVED | U5: POSTED ISSUES | V5: OUTDATED | W5: OUTDATED | X5: OUTDATED | Y5: OUTDATED | Z5: OUTDATED | AA5: OUTDATED | AB5: OUTDATED | AC5: OUTDATED | AD5: OUTDATED | AE5: OUTDATED | AF5: OUTDATED | AG5: OUTDATED | AH5: REPROVED | AI5: POSTED ISSUE | AJ5: OUTDATED | AK5: OUTDATED | AL5: REPROVED | AM5: POSTED ISSUE | AN5: REPROVED | AO5: POSTED ISSUE | AP5: OUTDATED | AQ5: OUTDATED | AR5: OUTDATED | AS5: NO ISSUE | AT5: REPROVED | AU5: POSTED ISSUE | AV5: OUTDATED | AW5: OUTDATED | AX5: OUTDATED | AY5: OUTDATED | AZ5: REPROVED | BA5: POSTED ISSUE | BB5: OUTDATED | BC5: OUTDATED | BD5: NEXT ROUND | BE5: NEXT ROUND | BF5: REPROVED | BG5: POSTED ISSUE | BH5: OUTDATED | BI5: OUTDATED | BJ5: REPROVED | BK5: POSTED ISSUE | BL5: NEXT ROUND | BM5: NEXT ROUND | BN5: REPROVED | BO5: POSTED ISSUE | BP5: NEXT ROUND | BQ5: NEXT ROUND | BR5: REPROVED | BS5: POSTED ISSUE | BT5: REPROVED | BU5: POSTED ISSUE | BV5: OUTDATED | BW5: OUTDATED | BX5: OUTDATED | BY5: OUTDATED | BZ5: OUTDATED | CA5: OUTDATED | CB5: OUTDATED | CC5: OUTDATED | CD5: OUTDATED | CE5: OUTDATED | CF5: OUTDATED | CG5: OUTDATED | CH5: OUTDATED | CI5: OUTDATED | CJ5: ANALYSING | CK5: ANALYSING | CL5: ANALYSING | CM5: =IF( OR(CL5="APPROVED", CL5="PREVIOUSLY APPROVED"), "APPROVED", "REPROVED" ) -> REPROVED | CP5: ABERTO | CQ5: NA
A6: 10 | B6: IDEIA DRYWALL | D6: FCH | E6: 1126 | F6: =IFERROR(VLOOKUP(L6:L67,'R22 RELATÓRIO ACC'!B:F,5,FALSE),"NOT PUBLISHED") -> V24 | G6: =IFERROR(VLOOKUP(L6:L67,'R22 RELATÓRIO ACC'!B:P,15,FALSE),"NOT PUBLISHED") -> 07/04/2026 | H6: =IFERROR(VLOOKUP(M6:M67,'RELATÓRIO ACC'!B:F,5,FALSE),"NOT PUBLISHED") -> V2 | I6: =IFERROR(VLOOKUP(M6:M67,'RELATÓRIO ACC'!B:P,15,FALSE),"NOT PUBLISHED") -> 27/05/2026 | J6: V23 | K6: 46086 | L6: CPQ11-ARCH-PART-C12A-R22.rvt | M6: CPQ11-ARCH-PART-C12A-R24.rvt | N6: TRUE | O6: NON-RECIVED TABLE | P6: NOT FOUND | Q6: REPROVED | R6: REPROVED | S6: POSTED ISSUES | T6: REPROVED | U6: POSTED ISSUES | V6: OUTDATED | W6: OUTDATED | X6: REPROVED | Y6: POSTED ISSUES | Z6: OUTDATED | AA6: OUTDATED | AB6: REPROVED | AC6: POSTED ISSUES | AD6: OUTDATED | AE6: OUTDATED | AF6: REPROVED | AG6: POSTED ISSUES | AH6: REPROVED | AI6: POSTED ISSUE | AJ6: OUTDATED | AK6: OUTDATED | AL6: REPROVED | AM6: POSTED ISSUE | AN6: REPROVED | AO6: POSTED ISSUE | AP6: REPROVED | AQ6: POSTED ISSUE | AR6: REPROVED | AS6: POSTED ISSUE | AT6: REPROVED | AU6: POSTED ISSUE | AV6: REPROVED | AW6: POSTED ISSUE | AX6: APPROVED | AY6: NO ISSUE | AZ6: PREVIOUSLY APPROVED | BA6: NO ISSUE | BB6: PREVIOUSLY APPROVED | BC6: NO ISSUE | BD6: PREVIOUSLY APPROVED | BE6: NO ISSUE | BF6: PREVIOUSLY APPROVED | BG6: NO ISSUE | BH6: PREVIOUSLY APPROVED | BI6: NO ISSUE | BJ6: PREVIOUSLY APPROVED | BK6: NO ISSUE | BL6: PREVIOUSLY APPROVED | BM6: NO ISSUE | BN6: PREVIOUSLY APPROVED | BO6: NO ISSUE | BP6: PREVIOUSLY APPROVED | BQ6: NO ISSUE | BR6: PREVIOUSLY APPROVED | BS6: NO ISSUE | BT6: PREVIOUSLY APPROVED | BU6: NO ISSUE | BV6: PREVIOUSLY APPROVED | BW6: NO ISSUE | BX6: PREVIOUSLY APPROVED | BY6: NO ISSUE | BZ6: PREVIOUSLY APPROVED | CA6: NO ISSUE | CB6: PREVIOUSLY APPROVED | CC6: NO ISSUE | CD6: PREVIOUSLY APPROVED | CE6: NO ISSUE | CF6: PREVIOUSLY APPROVED | CG6: NO ISSUE | CH6: PREVIOUSLY APPROVED | CI6: NO ISSUE | CJ6: REPROVED | CK6: POSTED ISSUE | CL6: REPROVED | CM6: =IF( OR(CL6="APPROVED", CL6="PREVIOUSLY APPROVED"), "APPROVED", "REPROVED" ) -> REPROVED | CP6: FECHADO | CQ6: NA
A7: 26 | B7: MENDES HOLLER | D7: PGMAK | E7: 1129 | F7: =IFERROR(VLOOKUP(L7:L68,'R22 RELATÓRIO ACC'!B:F,5,FALSE),"NOT PUBLISHED") -> V52 | G7: =IFERROR(VLOOKUP(L7:L68,'R22 RELATÓRIO ACC'!B:P,15,FALSE),"NOT PUBLISHED") -> 30/04/2026 | H7: =IFERROR(VLOOKUP(M7:M68,'RELATÓRIO ACC'!B:F,5,FALSE),"NOT PUBLISHED") -> V4 | I7: =IFERROR(VLOOKUP(M7:M68,'RELATÓRIO ACC'!B:P,15,FALSE),"NOT PUBLISHED") -> 06/07/2026 | J7: V4 | K7: 06/07/2026 | L7: CPQ11-ELEC-ELEC-DATA-R22.rvt | M7: CPQ11-ELEC-ELEC-DATA-R24.rvt | N7: TRUE | O7: TRUE | P7: NOT FOUND | Q7: REPROVED | R7: REPROVED | S7: POSTED ISSUES | T7: REPROVED | U7: POSTED ISSUES | V7: REPROVED | W7: POSTED ISSUES | X7: OUTDATED | Y7: OUTDATED | Z7: REPROVED | AA7: POSTED ISSUES | AB7: OUTDATED | AC7: OUTDATED | AD7: REPROVED | AE7: POSTED ISSUES | AF7: REPROVED | AG7: POSTED ISSUES | AH7: NEXT ROUND | AI7: NEXT ROUND | AJ7: REPROVED | AK7: POSTED ISSUE | AL7: REPROVED | AM7: POSTED ISSUE | AN7: REPROVED | AO7: POSTED ISSUE | AP7: OUTDATED | AQ7: OUTDATED | AR7: OUTDATED | AS7: OUTDATED | AT7: REPROVED | AU7: POSTED ISSUE | AV7: REPROVED | AW7: POSTED ISSUE | AX7: OUTDATED | AY7: OUTDATED | AZ7: REPROVED | BA7: POSTED ISSUE | BB7: OUTDATED | BC7: OUTDATED | BD7: OUTDATED | BE7: OUTDATED | BF7: NEXT ROUND | BG7: NEXT ROUND | BH7: REPROVED | BI7: POSTED ISSUE | BJ7: REPROVED | BK7: POSTED ISSUE | BL7: OUTDATED | BM7: OUTDATED | BN7: OUTDATED | BO7: OUTDATED | BP7: NEXT ROUND | BQ7: NEXT ROUND | BR7: REPROVED | BS7: POSTED ISSUE | BT7: OUTDATED | BU7: OUTDATED | BV7: NEXT ROUND | BW7: NEXT ROUND | BX7: IMPROPER | BY7: IMPROPER | BZ7: OUTDATED | CA7: OUTDATED | CB7: REPROVED | CC7: POSTED ISSUE | CD7: OUTDATED | CE7: OUTDATED | CF7: OUTDATED | CG7: OUTDATED | CH7: NEXT ROUND | CI7: NEXT ROUND | CJ7: REPROVED | CK7: POSTED ISSUE | CL7: REPROVED | CM7: =IF( OR(CL7="APPROVED", CL7="PREVIOUSLY APPROVED"), "APPROVED", "REPROVED" ) -> REPROVED | CO7: FALSE | CP7: ABERTO | CQ7: COMENTÁRIO
A8: 66 | B8: MENDES HOLLER | C8: 1112 | D8: MENDES HOLLER | F8: =IFERROR(VLOOKUP(L8:L69,'R22 RELATÓRIO ACC'!B:F,5,FALSE),"NOT PUBLISHED") -> V13 | G8: =IFERROR(VLOOKUP(L8:L69,'R22 RELATÓRIO ACC'!B:P,15,FALSE),"NOT PUBLISHED") -> 12/05/2026 | H8: =IFERROR(VLOOKUP(M8:M69,'RELATÓRIO ACC'!B:F,5,FALSE),"NOT PUBLISHED") -> V5 | I8: =IFERROR(VLOOKUP(M8:M69,'RELATÓRIO ACC'!B:P,15,FALSE),"NOT PUBLISHED") -> 13/07/2026 | J8: V5 | K8: 46216 | L8: CPQ11-ELEC-SPDA-DATA-R22.rvt | M8: CPQ11-ELEC-SPDA-DATA-R24.rvt | N8: TRUE | O8: FALSE | P8: NOT FOUND | Q8: NOT FOUND | R8: NOT FOUND | S8: NOT FOUND | T8: NOT FOUND | U8: NOT FOUND | V8: NOT FOUND | W8: NOT FOUND | X8: NOT FOUND | Y8: NOT FOUND | Z8: NOT FOUND | AA8: NOT FOUND | AB8: REPROVED | AC8: POSTED ISSUES | AD8: REPROVED | AE8: POSTED ISSUES | AF8: REPROVED | AG8: POSTED ISSUES | AH8: OUTDATED | AI8: OUTDATED | AJ8: OUTDATED | AK8: OUTDATED | AL8: REPROVED | AM8: POSTED ISSUE | AN8: REPROVED | AO8: POSTED ISSUE | AP8: OUTDATED | AQ8: OUTDATED | AR8: REPROVED | AS8: POSTED ISSUE | AT8: OUTDATED | AU8: OUTDATED | AV8: REPROVED | AW8: POSTED ISSUE | AX8: OUTDATED | AY8: OUTDATED | AZ8: REPROVED | BA8: POSTED ISSUE | BB8: OUTDATED | BC8: OUTDATED | BD8: OUTDATED | BE8: OUTDATED | BF8: NEXT ROUND | BG8: NEXT ROUND | BH8: IMPROPER | BI8: POSTED ISSUE | BJ8: OUTDATED | BK8: OUTDATED | BL8: REPROVED | BM8: POSTED ISSUE | BN8: OUTDATED | BO8: OUTDATED | BP8: NEXT ROUND | BQ8: NEXT ROUND | BR8: REPROVED | BS8: POSTED ISSUE | BT8: OUTDATED | BU8: OUTDATED | BV8: NEXT ROUND | BW8: NEXT ROUND | BX8: REPROVED | BY8: POSTED ISSUE | BZ8: OUTDATED | CA8: OUTDATED | CB8: REPROVED | CC8: POSTED ISSUE | CD8: OUTDATED | CE8: OUTDATED | CF8: REPROVED | CG8: POSTED ISSUE | CH8: NEXT ROUND | CI8: NEXT ROUND | CJ8: REPROVED | CK8: POSTED ISSUE | CL8: REPROVED | CM8: =IF( OR(CL8="APPROVED", CL8="PREVIOUSLY APPROVED"), "APPROVED", "REPROVED" ) -> REPROVED | CP8: ABERTO | CQ8: COMENTÁRIO
A9: 3 | B9: SERCOP | D9: ARE ARQUITETURA | F9: =IFERROR(VLOOKUP(L9:L70,'R22 RELATÓRIO ACC'!B:F,5,FALSE),"NOT PUBLISHED") -> V12 | G9: =IFERROR(VLOOKUP(L9:L70,'R22 RELATÓRIO ACC'!B:P,15,FALSE),"NOT PUBLISHED") -> 05/05/2026 | H9: =IFERROR(VLOOKUP(M9:M70,'RELATÓRIO ACC'!B:F,5,FALSE),"NOT PUBLISHED") -> V5 | I9: =IFERROR(VLOOKUP(M9:M70,'RELATÓRIO ACC'!B:P,15,FALSE),"NOT PUBLISHED") -> 22/06/2026 | J9: V5 | K9: 22/06/2026 | L9: CPQ11-ARCH-METL-SITE-R22.rvt | M9: CPQ11-ARCH-METL-SITE-R24.rvt | N9: TRUE | O9: FALSE | P9: NOT FOUND | Q9: NOT FOUND | R9: NOT FOUND | S9: NOT FOUND | T9: NOT FOUND | U9: NOT FOUND | V9: NOT FOUND | W9: NOT FOUND | X9: APPROVED | Y9: NO ISSUE | Z9: PREVIOUSLY APPROVED | AA9: NO ISSUE | AB9: PREVIOUSLY APPROVED | AC9: NO ISSUE | AD9: PREVIOUSLY APPROVED | AE9: NO ISSUE | AF9: PREVIOUSLY APPROVED | AG9: NO ISSUE | AH9: PREVIOUSLY APPROVED | AI9: NO ISSUE | AJ9: PREVIOUSLY APPROVED | AK9: NO ISSUE | AL9: PREVIOUSLY APPROVED | AM9: NO ISSUE | AN9: PREVIOUSLY APPROVED | AO9: NO ISSUE | AP9: PREVIOUSLY APPROVED | AQ9: NO ISSUE | AR9: PREVIOUSLY APPROVED | AS9: NO ISSUE | AT9: PREVIOUSLY APPROVED | AU9: NO ISSUE | AV9: PREVIOUSLY APPROVED | AW9: NO ISSUE | AX9: PREVIOUSLY APPROVED | AY9: NO ISSUE | AZ9: PREVIOUSLY APPROVED | BA9: NO ISSUE | BB9: PREVIOUSLY APPROVED | BC9: NO ISSUE | BD9: PREVIOUSLY APPROVED | BE9: NO ISSUE | BF9: PREVIOUSLY APPROVED | BG9: NO ISSUE | BH9: PREVIOUSLY APPROVED | BI9: NO ISSUE | BJ9: PREVIOUSLY APPROVED | BK9: NO ISSUE | BL9: PREVIOUSLY APPROVED | BM9: NO ISSUE | BN9: PREVIOUSLY APPROVED | BO9: NO ISSUE | BP9: PREVIOUSLY APPROVED | BQ9: NO ISSUE | BR9: PREVIOUSLY APPROVED | BS9: NO ISSUE | BT9: PREVIOUSLY APPROVED | BU9: NO ISSUE | BV9: PREVIOUSLY APPROVED | BW9: NO ISSUE | BX9: PREVIOUSLY APPROVED | BY9: NO ISSUE | BZ9: PREVIOUSLY APPROVED | CA9: NO ISSUE | CB9: PREVIOUSLY APPROVED | CC9: NO ISSUE | CD9: PREVIOUSLY APPROVED | CE9: NO ISSUE | CF9: PREVIOUSLY APPROVED | CG9: NO ISSUE | CH9: PREVIOUSLY APPROVED | CI9: NO ISSUE | CJ9: REPROVED | CK9: POSTED ISSUE | CL9: REPROVED | CM9: =IF( OR(CL9="APPROVED", CL9="PREVIOUSLY APPROVED"), "APPROVED", "REPROVED" ) -> REPROVED | CP9: ABERTO | CQ9: SEM INTERAÇÃO, COMENTÁRIO
A10: 32 | B10: MENDES HOLLER | C10: 1112 | D10: MENDES HOLLER | E10: 1112 | F10: =IFERROR(VLOOKUP(L10:L71,'R22 RELATÓRIO ACC'!B:F,5,FALSE),"NOT PUBLISHED") -> V17 | G10: =IFERROR(VLOOKUP(L10:L71,'R22 RELATÓRIO ACC'!B:P,15,FALSE),"NOT PUBLISHED") -> 14/05/2026 | H10: =IFERROR(VLOOKUP(M10:M71,'RELATÓRIO ACC'!B:F,5,FALSE),"NOT PUBLISHED") -> V4 | I10: =IFERROR(VLOOKUP(M10:M71,'RELATÓRIO ACC'!B:P,15,FALSE),"NOT PUBLISHED") -> 25/06/2026 | J10: V4 | K10: 25/06/2026 | L10: CPQ11-FPRT-FPRT-DATA-R22.rvt | M10: CPQ11-FPRT-FPRT-DATA-R24.rvt | N10: TRUE | O10: TRUE | P10: NOT FOUND | Q10: REPROVED | R10: REPROVED | S10: POSTED ISSUES | T10: REPROVED | U10: POSTED ISSUES | V10: OUTDATED | W10: OUTDATED | X10: OUTDATED | Y10: OUTDATED | Z10: OUTDATED | AA10: OUTDATED | AB10: OUTDATED | AC10: OUTDATED | AD10: OUTDATED | AE10: OUTDATED | AF10: OUTDATED | AG10: OUTDATED | AH10: REPROVED | AI10: POSTED ISSUE | AJ10: OUTDATED | AK10: OUTDATED | AL10: REPROVED | AM10: POSTED ISSUE | AN10: REPROVED | AO10: POSTED ISSUE | AP10: OUTDATED | AQ10: OUTDATED | AR10: OUTDATED | AS10: NO ISSUE | AT10: REPROVED | AU10: POSTED ISSUE | AV10: OUTDATED | AW10: OUTDATED | AX10: REPROVED | AY10: POSTED ISSUE | AZ10: OUTDATED | BA10: OUTDATED | BB10: OUTDATED | BC10: OUTDATED | BD10: OUTDATED | BE10: OUTDATED | BF10: NEXT ROUND | BG10: NEXT ROUND | BH10: REPROVED | BI10: POSTED ISSUE | BJ10: OUTDATED | BK10: OUTDATED | BL10: NEXT ROUND | BM10: NEXT ROUND | BN10: REPROVED | BO10: POSTED ISSUE | BP10: IMPROPER | BQ10: IMPROPER | BR10: OUTDATED | BS10: OUTDATED | BT10: REPROVED | BU10: POSTED ISSUE | BV10: NEXT ROUND | BW10: NEXT ROUND | BX10: IMPROPER | BY10: IMPROPER | BZ10: OUTDATED | CA10: OUTDATED | CB10: OUTDATED | CC10: OUTDATED | CD10: REPROVED | CE10: POSTED ISSUE | CF10: IMPROPER | CG10: IMPROPER | CH10: OUTDATED | CI10: OUTDATED | CJ10: OUTDATED | CK10: OUTDATED | CL10: OUTDATED | CM10: =IF( OR(CL10="APPROVED", CL10="PREVIOUSLY APPROVED"), "APPROVED", "REPROVED" ) -> REPROVED | CO10: FALSE | CP10: ABERTO | CQ10: COMENTÁRIO
A11: 68 | B11: IDEIA DRYWALL | D11: T2B | F11: =IFERROR(VLOOKUP(L11:L72,'R22 RELATÓRIO ACC'!B:F,5,FALSE),"NOT PUBLISHED") -> V4 | G11: =IFERROR(VLOOKUP(L11:L72,'R22 RELATÓRIO ACC'!B:P,15,FALSE),"NOT PUBLISHED") -> 29/04/2026 | H11: =IFERROR(VLOOKUP(M11:M72,'RELATÓRIO ACC'!B:F,5,FALSE),"NOT PUBLISHED") -> V1 | I11: =IFERROR(VLOOKUP(M11:M72,'RELATÓRIO ACC'!B:P,15,FALSE),"NOT PUBLISHED") -> 04/06/2026 | J11: V1 | K11: 04/06/2026 | L11: CPQ11-ARCH-CEIL-DATA-R22.rvt | M11: CPQ11-ARCH-CEIL-DATA-R24.rvt | N11: TRUE | O11: TRUE | P11: NOT FOUND | Q11: NOT FOUND | R11: NOT FOUND | S11: NOT FOUND | T11: NOT FOUND | U11: NOT FOUND | V11: NOT FOUND | W11: NOT FOUND | X11: NOT FOUND | Y11: NOT FOUND | Z11: NOT FOUND | AA11: NOT FOUND | AB11: NOT FOUND | AC11: NOT FOUND | AD11: NOT FOUND | AE11: NOT FOUND | AF11: NOT FOUND | AG11: NOT FOUND | AH11: REPROVED | AI11: POSTED ISSUE | AJ11: OUTDATED | AK11: OUTDATED | AL11: OUTDATED | AM11: OUTDATED | AN11: OUTDATED | AO11: OUTDATED | AP11: OUTDATED | AQ11: OUTDATED | AR11: OUTDATED | AS11: OUTDATED | AT11: OUTDATED | AU11: OUTDATED | AV11: OUTDATED | AW11: OUTDATED | AX11: REPROVED | AY11: POSTED ISSUE | AZ11: OUTDATED | BA11: OUTDATED | BB11: OUTDATED | BC11: OUTDATED | BD11: OUTDATED | BE11: OUTDATED | BF11: NEXT ROUND | BG11: NEXT ROUND | BH11: IMPROPER | BI11: POSTED ISSUE | BJ11: OUTDATED | BK11: OUTDATED | BL11: OUTDATED | BM11: OUTDATED | BN11: OUTDATED | BO11: OUTDATED | BP11: REPROVED | BQ11: POSTED ISSUE | BR11: OUTDATED | BS11: OUTDATED | BT11: OUTDATED | BU11: OUTDATED | BV11: OUTDATED | BW11: OUTDATED | BX11: OUTDATED | BY11: OUTDATED | BZ11: IMPROPER | CA11: IMPROPER | CB11: OUTDATED | CC11: OUTDATED | CD11: OUTDATED | CE11: OUTDATED | CF11: OUTDATED | CG11: OUTDATED | CH11: OUTDATED | CI11: OUTDATED | CJ11: OUTDATED | CK11: OUTDATED | CL11: OUTDATED | CM11: =IF( OR(CL11="APPROVED", CL11="PREVIOUSLY APPROVED"), "APPROVED", "REPROVED" ) -> REPROVED | CP11: ABERTO | CQ11: COMENTÁRIO
A12: 70 | B12: IDEIA DRYWALL | D12: T2B | F12: =IFERROR(VLOOKUP(L12:L73,'R22 RELATÓRIO ACC'!B:F,5,FALSE),"NOT PUBLISHED") -> V2 | G12: =IFERROR(VLOOKUP(L12:L73,'R22 RELATÓRIO ACC'!B:P,15,FALSE),"NOT PUBLISHED") -> 29/04/2026 | H12: =IFERROR(VLOOKUP(M12:M73,'RELATÓRIO ACC'!B:F,5,FALSE),"NOT PUBLISHED") -> V1 | I12: =IFERROR(VLOOKUP(M12:M73,'RELATÓRIO ACC'!B:P,15,FALSE),"NOT PUBLISHED") -> 12/06/2026 | J12: V1 | K12: 46185 | L12: CPQ11-ARCH-CEIL-SITE-R22.rvt | M12: CPQ11-ARCH-CEIL-SITE-R24.rvt | N12: TRUE | O12: TRUE | P12: NOT FOUND | Q12: NOT FOUND | R12: NOT FOUND | S12: NOT FOUND | T12: NOT FOUND | U12: NOT FOUND | V12: NOT FOUND | W12: NOT FOUND | X12: NOT FOUND | Y12: NOT FOUND | Z12: NOT FOUND | AA12: NOT FOUND | AB12: NOT FOUND | AC12: NOT FOUND | AD12: NOT FOUND | AE12: NOT FOUND | AF12: NOT FOUND | AG12: NOT FOUND | AH12: APPROVED | AI12: APPROVED | AJ12: PREVIOUSLY APPROVED | AK12: PREVIOUSLY APPROVED | AL12: PREVIOUSLY APPROVED | AM12: PREVIOUSLY APPROVED | AN12: PREVIOUSLY APPROVED | AO12: NO ISSUE | AP12: PREVIOUSLY APPROVED | AQ12: NO ISSUE | AR12: PREVIOUSLY APPROVED | AS12: NO ISSUE | AT12: PREVIOUSLY APPROVED | AU12: NO ISSUE | AV12: PREVIOUSLY APPROVED | AW12: NO ISSUE | AX12: PREVIOUSLY APPROVED | AY12: NO ISSUE | AZ12: PREVIOUSLY APPROVED | BA12: NO ISSUE | BB12: PREVIOUSLY APPROVED | BC12: NO ISSUE | BD12: PREVIOUSLY APPROVED | BE12: NO ISSUE | BF12: PREVIOUSLY APPROVED | BG12: NO ISSUE | BH12: PREVIOUSLY APPROVED | BI12: NO ISSUE | BJ12: PREVIOUSLY APPROVED | BK12: NO ISSUE | BL12: PREVIOUSLY APPROVED | BM12: NO ISSUE | BN12: PREVIOUSLY APPROVED | BO12: NO ISSUE | BP12: REPROVED | BQ12: POSTED ISSUE | BR12: OUTDATED | BS12: OUTDATED | BT12: OUTDATED | BU12: OUTDATED | BV12: OUTDATED | BW12: OUTDATED | BX12: OUTDATED | BY12: OUTDATED | BZ12: IMPROPER | CA12: IMPROPER | CB12: OUTDATED | CC12: OUTDATED | CD12: OUTDATED | CE12: OUTDATED | CF12: OUTDATED | CG12: OUTDATED | CH12: OUTDATED | CI12: OUTDATED | CJ12: OUTDATED | CK12: OUTDATED | CL12: OUTDATED | CM12: =IF( OR(CL12="APPROVED", CL12="PREVIOUSLY APPROVED"), "APPROVED", "REPROVED" ) -> REPROVED | CP12: SEM ISSUE | CQ12: NA
A13: 72 | B13: FM SECURITY | D13: FM SECURITY | F13: =IFERROR(VLOOKUP(L13:L74,'R22 RELATÓRIO ACC'!B:F,5,FALSE),"NOT PUBLISHED") -> V2 | G13: =IFERROR(VLOOKUP(L13:L74,'R22 RELATÓRIO ACC'!B:P,15,FALSE),"NOT PUBLISHED") -> 07/05/2026 | H13: =IFERROR(VLOOKUP(M13:M74,'RELATÓRIO ACC'!B:F,5,FALSE),"NOT PUBLISHED") -> V5 | I13: =IFERROR(VLOOKUP(M13:M74,'RELATÓRIO ACC'!B:P,15,FALSE),"NOT PUBLISHED") -> 08/07/2026 | J13: V4 | K13: 02/07/2026 | L13: CPQ11-SCTY-GATE-SITE-R24.rvt | M13: CPQ11-SCTY-GATE-SITE-R24.rvt | N13: TRUE | O13: TRUE | P13: NOT FOUND | Q13: NOT FOUND | R13: NOT FOUND | S13: NOT FOUND | T13: NOT FOUND | U13: NOT FOUND | V13: NOT FOUND | W13: NOT FOUND | X13: NOT FOUND | Y13: NOT FOUND | Z13: NOT FOUND | AA13: NOT FOUND | AB13: NOT FOUND | AC13: NOT FOUND | AD13: NOT FOUND | AE13: NOT FOUND | AF13: NOT FOUND | AG13: NOT FOUND | AH13: NOT FOUND | AI13: NOT FOUND | AJ13: NOT FOUND | AK13: NOT FOUND | AL13: NOT FOUND | AM13: NOT FOUND | AN13: NOT FOUND | AO13: NOT FOUND | AP13: NOT FOUND | AQ13: NOT FOUND | AR13: NOT FOUND | AS13: NOT FOUND | AT13: NOT FOUND | AU13: NOT FOUND | AV13: NOT FOUND | AW13: NOT FOUND | AX13: NOT FOUND | AY13: NOT FOUND | AZ13: NOT FOUND | BA13: NOT FOUND | BB13: NOT FOUND | BC13: NOT FOUND | BD13: NOT FOUND | BE13: NOT FOUND | BF13: NOT FOUND | BG13: NOT FOUND | BH13: NOT FOUND | BI13: NOT FOUND | BJ13: NOT FOUND | BK13: NOT FOUND | BL13: REPROVED | BM13: POSTED ISSUE | BN13: OUTDATED | BO13: OUTDATED | BP13: OUTDATED | BQ13: OUTDATED | BR13: NEXT ROUND | BS13: NEXT ROUND | BT13: IMPROPER | BU13: IMPROPER | BV13: NEXT ROUND | BW13: NEXT ROUND | BX13: NEXT ROUND | BY13: NEXT ROUND | BZ13: NEXT ROUND | CA13: NEXT ROUND | CB13: REPROVED | CC13: POSTED ISSUE | CD13: REPROVED | CE13: POSTED ISSUE | CF13: NEXT ROUND | CG13: NEXT ROUND | CH13: APPROVED | CI13: NO ISSUE | CJ13: PREVIOUSLY APPROVED | CK13: NO ISSUE | CL13: PREVIOUSLY APPROVED | CM13: =IF( OR(CL13="APPROVED", CL13="PREVIOUSLY APPROVED"), "APPROVED", "REPROVED" ) -> APPROVED | CO13: FALSE
A14: 74 | B14: MODAX | D14: MODAX | F14: =IFERROR(VLOOKUP(L14:L75,'R22 RELATÓRIO ACC'!B:F,5,FALSE),"NOT PUBLISHED") -> V1 | G14: =IFERROR(VLOOKUP(L14:L75,'R22 RELATÓRIO ACC'!B:P,15,FALSE),"NOT PUBLISHED") -> 05/05/2026 | H14: =IFERROR(VLOOKUP(M14:M75,'RELATÓRIO ACC'!B:F,5,FALSE),"NOT PUBLISHED") -> V3 | I14: =IFERROR(VLOOKUP(M14:M75,'RELATÓRIO ACC'!B:P,15,FALSE),"NOT PUBLISHED") -> 20/06/2026 | J14: V2 | K14: 26/05/2026 | L14: CPQ11-STRC-FLOO-DATA-R22.rvt | M14: CPQ11-STRC-FLOO-DATA-R24.rvt | N14: TRUE | O14: FALSE | P14: NOT FOUND | Q14: NOT FOUND | R14: NOT FOUND | S14: NOT FOUND | T14: NOT FOUND | U14: NOT FOUND | V14: NOT FOUND | W14: NOT FOUND | X14: NOT FOUND | Y14: NOT FOUND | Z14: NOT FOUND | AA14: NOT FOUND | AB14: NOT FOUND | AC14: NOT FOUND | AD14: NOT FOUND | AE14: NOT FOUND | AF14: NOT FOUND | AG14: NOT FOUND | AH14: NOT FOUND | AI14: NOT FOUND | AJ14: NOT FOUND | AK14: NOT FOUND | AL14: NOT FOUND | AM14: NOT FOUND | AN14: NOT FOUND | AO14: NOT FOUND | AP14: NOT FOUND | AQ14: NOT FOUND | AR14: NOT FOUND | AS14: NOT FOUND | AT14: NOT FOUND | AU14: NOT FOUND | AV14: NOT FOUND | AW14: NOT FOUND | AX14: NOT FOUND | AY14: NOT FOUND | AZ14: NOT FOUND | BA14: NOT FOUND | BB14: NOT FOUND | BC14: NOT FOUND | BD14: NOT FOUND | BE14: NOT FOUND | BF14: NOT FOUND | BG14: NOT FOUND | BH14: NOT FOUND | BI14: NOT FOUND | BJ14: NOT FOUND | BK14: NOT FOUND | BL14: NOT FOUND | BM14: NOT FOUND | BN14: NOT FOUND | BO14: NOT FOUND | BP14: NOT FOUND | BQ14: NOT FOUND | BR14: NOT FOUND | BS14: NOT FOUND | BT14: REPROVED | BU14: POSTED ISSUE | BV14: OUTDATED | BW14: OUTDATED | BX14: APPROVED | BY14: NO ISSUE | BZ14: PREVIOUSLY APPROVED | CA14: NO ISSUE | CB14: PREVIOUSLY APPROVED | CC14: NO ISSUE | CD14: PREVIOUSLY APPROVED | CE14: NO ISSUE | CF14: PREVIOUSLY APPROVED | CG14: NO ISSUE | CH14: PREVIOUSLY APPROVED | CI14: NO ISSUE | CJ14: PREVIOUSLY APPROVED | CK14: NO ISSUE | CL14: PREVIOUSLY APPROVED | CM14: =IF( OR(CL14="APPROVED", CL14="PREVIOUSLY APPROVED"), "APPROVED", "REPROVED" ) -> APPROVED | CP14: SEM ISSUE | CQ14: NA
A15: 73 | B15: MODAX | D15: MODAX | F15: =IFERROR(VLOOKUP(L15:L76,'R22 RELATÓRIO ACC'!B:F,5,FALSE),"NOT PUBLISHED") -> V1 | G15: =IFERROR(VLOOKUP(L15:L76,'R22 RELATÓRIO ACC'!B:P,15,FALSE),"NOT PUBLISHED") -> 05/05/2026 | H15: =IFERROR(VLOOKUP(M15:M76,'RELATÓRIO ACC'!B:F,5,FALSE),"NOT PUBLISHED") -> V2 | I15: =IFERROR(VLOOKUP(M15:M76,'RELATÓRIO ACC'!B:P,15,FALSE),"NOT PUBLISHED") -> 26/05/2026 | J15: V1 | K15: 46160 | L15: CPQ11-STRC-FLOO-SITE-R22.rvt | M15: CPQ11-STRC-FLOO-SITE-R24.rvt | N15: FALSE | O15: FALSE | P15: NOT FOUND | Q15: NOT FOUND | R15: NOT FOUND | S15: NOT FOUND | T15: NOT FOUND | U15: NOT FOUND | V15: NOT FOUND | W15: NOT FOUND | X15: NOT FOUND | Y15: NOT FOUND | Z15: NOT FOUND | AA15: NOT FOUND | AB15: NOT FOUND | AC15: NOT FOUND | AD15: NOT FOUND | AE15: NOT FOUND | AF15: NOT FOUND | AG15: NOT FOUND | AH15: NOT FOUND | AI15: NOT FOUND | AJ15: NOT FOUND | AK15: NOT FOUND | AL15: NOT FOUND | AM15: NOT FOUND | AN15: NOT FOUND | AO15: NOT FOUND | AP15: NOT FOUND | AQ15: NOT FOUND | AR15: NOT FOUND | AS15: NOT FOUND | AT15: NOT FOUND | AU15: NOT FOUND | AV15: NOT FOUND | AW15: NOT FOUND | AX15: NOT FOUND | AY15: NOT FOUND | AZ15: NOT FOUND | BA15: NOT FOUND | BB15: NOT FOUND | BC15: NOT FOUND | BD15: NOT FOUND | BE15: NOT FOUND | BF15: NOT FOUND | BG15: NOT FOUND | BH15: NOT FOUND | BI15: NOT FOUND | BJ15: NOT FOUND | BK15: NOT FOUND | BL15: NOT FOUND | BM15: NOT FOUND | BN15: NOT FOUND | BO15: NOT FOUND | BP15: NOT FOUND | BQ15: NOT FOUND | BR15: NOT FOUND | BS15: NOT FOUND | BT15: APPROVED | BU15: NO ISSUE | BV15: PREVIOUSLY APPROVED | BW15: NO ISSUE | BX15: PREVIOUSLY APPROVED | BY15: NO ISSUE | BZ15: PREVIOUSLY APPROVED | CA15: NO ISSUE | CB15: PREVIOUSLY APPROVED | CC15: NO ISSUE | CD15: PREVIOUSLY APPROVED | CE15: NO ISSUE | CF15: PREVIOUSLY APPROVED | CG15: NO ISSUE | CH15: PREVIOUSLY APPROVED | CI15: NO ISSUE | CJ15: PREVIOUSLY APPROVED | CK15: NO ISSUE | CL15: PREVIOUSLY APPROVED | CM15: =IF( OR(CL15="APPROVED", CL15="PREVIOUSLY APPROVED"), "APPROVED", "REPROVED" ) -> APPROVED | CP15: PENDENTE | CQ15: COMENTÁRIO
A16: 1 | B16: ARE ARQUITETURA | C16: ARE ARQUITETURA | D16: ARE ARQUITETURA | E16: 1130 | F16: =IFERROR(VLOOKUP(L16:L77,'R22 RELATÓRIO ACC'!B:F,5,FALSE),"NOT PUBLISHED") -> V29 | G16: =IFERROR(VLOOKUP(L16:L77,'R22 RELATÓRIO ACC'!B:P,15,FALSE),"NOT PUBLISHED") -> 13/04/2026 | H16: =IFERROR(VLOOKUP(M16:M77,'RELATÓRIO ACC'!B:F,5,FALSE),"NOT PUBLISHED") -> V3 | I16: =IFERROR(VLOOKUP(M16:M77,'RELATÓRIO ACC'!B:P,15,FALSE),"NOT PUBLISHED") -> 03/06/2026 | J16: V18 | K16: 45904 | L16: CPQ11-ARCH-ARCH-DATA-R22.rvt | M16: CPQ11-ARCH-ARCH-DATA-R24.rvt | N16: TRUE | O16: TRUE | P16: NOT FOUND | Q16: REPROVED | R16: REPROVED | S16: POSTED ISSUES | T16: APPROVED | U16: NO ISSUE | V16: PREVIOUSLY APPROVED | W16: NO ISSUE | X16: PREVIOUSLY APPROVED | Y16: NO ISSUE | Z16: PREVIOUSLY APPROVED | AA16: NO ISSUE | AB16: PREVIOUSLY APPROVED | AC16: NO ISSUE | AD16: PREVIOUSLY APPROVED | AE16: NO ISSUE | AF16: PREVIOUSLY APPROVED | AG16: NO ISSUE | AH16: PREVIOUSLY APPROVED | AI16: NO ISSUE | AJ16: PREVIOUSLY APPROVED | AK16: NO ISSUE | AL16: PREVIOUSLY APPROVED | AM16: NO ISSUE | AN16: PREVIOUSLY APPROVED | AO16: NO ISSUE | AP16: PREVIOUSLY APPROVED | AQ16: NO ISSUE | AR16: PREVIOUSLY APPROVED | AS16: NO ISSUE | AT16: PREVIOUSLY APPROVED | AU16: NO ISSUE | AV16: PREVIOUSLY APPROVED | AW16: NO ISSUE | AX16: PREVIOUSLY APPROVED | AY16: NO ISSUE | AZ16: PREVIOUSLY APPROVED | BA16: NO ISSUE | BB16: PREVIOUSLY APPROVED | BC16: NO ISSUE | BD16: PREVIOUSLY APPROVED | BE16: NO ISSUE | BF16: PREVIOUSLY APPROVED | BG16: NO ISSUE | BH16: PREVIOUSLY APPROVED | BI16: NO ISSUE | BJ16: PREVIOUSLY APPROVED | BK16: NO ISSUE | BL16: PREVIOUSLY APPROVED | BM16: NO ISSUE | BN16: PREVIOUSLY APPROVED | BO16: NO ISSUE | BP16: PREVIOUSLY APPROVED | BQ16: NO ISSUE | BR16: PREVIOUSLY APPROVED | BS16: NO ISSUE | BT16: PREVIOUSLY APPROVED | BU16: NO ISSUE | BV16: PREVIOUSLY APPROVED | BW16: NO ISSUE | BX16: PREVIOUSLY APPROVED | BY16: NO ISSUE | BZ16: PREVIOUSLY APPROVED | CA16: NO ISSUE | CB16: PREVIOUSLY APPROVED | CC16: NO ISSUE | CD16: PREVIOUSLY APPROVED | CE16: NO ISSUE | CF16: PREVIOUSLY APPROVED | CG16: NO ISSUE | CH16: PREVIOUSLY APPROVED | CI16: NO ISSUE | CJ16: PREVIOUSLY APPROVED | CK16: NO ISSUE | CL16: PREVIOUSLY APPROVED | CM16: =IF( OR(CL16="APPROVED", CL16="PREVIOUSLY APPROVED"), "APPROVED", "REPROVED" ) -> APPROVED | CP16: SEM ISSUE | CQ16: NA
A17: 2 | B17: ARE ARQUITETURA | D17: ARE ARQUITETURA | E17: 1130 | F17: =IFERROR(VLOOKUP(L17:L78,'R22 RELATÓRIO ACC'!B:F,5,FALSE),"NOT PUBLISHED") -> V28 | G17: =IFERROR(VLOOKUP(L17:L78,'R22 RELATÓRIO ACC'!B:P,15,FALSE),"NOT PUBLISHED") -> 17/04/2026 | H17: =IFERROR(VLOOKUP(M17:M78,'RELATÓRIO ACC'!B:F,5,FALSE),"NOT PUBLISHED") -> V4 | I17: =IFERROR(VLOOKUP(M17:M78,'RELATÓRIO ACC'!B:P,15,FALSE),"NOT PUBLISHED") -> 15/07/2026 | J17: V19 | K17: 45947 | L17: CPQ11-ARCH-ARCH-SITE-R22.rvt | M17: CPQ11-ARCH-ARCH-SITE-R24.rvt | N17: TRUE | O17: TRUE | P17: NOT FOUND | Q17: REPROVED | R17: REPROVED | S17: POSTED ISSUES | T17: REPROVED | U17: POSTED ISSUES | V17: OUTDATED | W17: OUTDATED | X17: OUTDATED | Y17: OUTDATED | Z17: REPROVED | AA17: POSTED ISSUES | AB17: APPROVED | AC17: NO ISSUE | AD17: PREVIOUSLY APPROVED | AE17: NO ISSUE | AF17: PREVIOUSLY APPROVED | AG17: NO ISSUE | AH17: PREVIOUSLY APPROVED | AI17: NO ISSUE | AJ17: PREVIOUSLY APPROVED | AK17: NO ISSUE | AL17: PREVIOUSLY APPROVED | AM17: NO ISSUE | AN17: PREVIOUSLY APPROVED | AO17: NO ISSUE | AP17: PREVIOUSLY APPROVED | AQ17: NO ISSUE | AR17: PREVIOUSLY APPROVED | AS17: NO ISSUE | AT17: PREVIOUSLY APPROVED | AU17: NO ISSUE | AV17: PREVIOUSLY APPROVED | AW17: NO ISSUE | AX17: PREVIOUSLY APPROVED | AY17: NO ISSUE | AZ17: PREVIOUSLY APPROVED | BA17: NO ISSUE | BB17: PREVIOUSLY APPROVED | BC17: NO ISSUE | BD17: PREVIOUSLY APPROVED | BE17: NO ISSUE | BF17: PREVIOUSLY APPROVED | BG17: NO ISSUE | BH17: PREVIOUSLY APPROVED | BI17: NO ISSUE | BJ17: PREVIOUSLY APPROVED | BK17: NO ISSUE | BL17: PREVIOUSLY APPROVED | BM17: NO ISSUE | BN17: PREVIOUSLY APPROVED | BO17: NO ISSUE | BP17: PREVIOUSLY APPROVED | BQ17: NO ISSUE | BR17: PREVIOUSLY APPROVED | BS17: NO ISSUE | BT17: PREVIOUSLY APPROVED | BU17: NO ISSUE | BV17: PREVIOUSLY APPROVED | BW17: NO ISSUE | BX17: PREVIOUSLY APPROVED | BY17: NO ISSUE | BZ17: PREVIOUSLY APPROVED | CA17: NO ISSUE | CB17: PREVIOUSLY APPROVED | CC17: NO ISSUE | CD17: PREVIOUSLY APPROVED | CE17: NO ISSUE | CF17: PREVIOUSLY APPROVED | CG17: NO ISSUE | CH17: PREVIOUSLY APPROVED | CI17: NO ISSUE | CJ17: PREVIOUSLY APPROVED | CK17: NO ISSUE | CL17: PREVIOUSLY APPROVED | CM17: =IF( OR(CL17="APPROVED", CL17="PREVIOUSLY APPROVED"), "APPROVED", "REPROVED" ) -> APPROVED | CP17: SEM ISSUE | CQ17: NA
A18: 4 | B18: INOVAGLASS | C18: INOVAGLASS | D18: INOVAGLASS | E18: 1109 | F18: =IFERROR(VLOOKUP(L18:L79,'R22 RELATÓRIO ACC'!B:F,5,FALSE),"NOT PUBLISHED") -> V9 | G18: =IFERROR(VLOOKUP(L18:L79,'R22 RELATÓRIO ACC'!B:P,15,FALSE),"NOT PUBLISHED") -> 04/12/2025 | H18: =IFERROR(VLOOKUP(M18:M79,'RELATÓRIO ACC'!B:F,5,FALSE),"NOT PUBLISHED") -> V1 | I18: =IFERROR(VLOOKUP(M18:M79,'RELATÓRIO ACC'!B:P,15,FALSE),"NOT PUBLISHED") -> 20/05/2026 | J18: V7 | K18: 45849 | L18: CPQ11-ARCH-BLPR-GUAR-R22.rvt | M18: CPQ11-ARCH-BLPR-GUAR-R24.rvt | N18: TRUE | O18: TRUE | P18: NOT FOUND | Q18: REPROVED | R18: APPROVED | S18: NO ISSUE | T18: APPROVED | U18: NO ISSUE | V18: PREVIOUSLY APPROVED | W18: NO ISSUE | X18: PREVIOUSLY APPROVED | Y18: NO ISSUE | Z18: PREVIOUSLY APPROVED | AA18: NO ISSUE | AB18: PREVIOUSLY APPROVED | AC18: NO ISSUE | AD18: PREVIOUSLY APPROVED | AE18: NO ISSUE | AF18: PREVIOUSLY APPROVED | AG18: NO ISSUE | AH18: PREVIOUSLY APPROVED | AI18: NO ISSUE | AJ18: PREVIOUSLY APPROVED | AK18: NO ISSUE | AL18: PREVIOUSLY APPROVED | AM18: NO ISSUE | AN18: PREVIOUSLY APPROVED | AO18: NO ISSUE | AP18: PREVIOUSLY APPROVED | AQ18: NO ISSUE | AR18: PREVIOUSLY APPROVED | AS18: NO ISSUE | AT18: PREVIOUSLY APPROVED | AU18: NO ISSUE | AV18: PREVIOUSLY APPROVED | AW18: NO ISSUE | AX18: PREVIOUSLY APPROVED | AY18: NO ISSUE | AZ18: PREVIOUSLY APPROVED | BA18: NO ISSUE | BB18: PREVIOUSLY APPROVED | BC18: NO ISSUE | BD18: PREVIOUSLY APPROVED | BE18: NO ISSUE | BF18: PREVIOUSLY APPROVED | BG18: NO ISSUE | BH18: PREVIOUSLY APPROVED | BI18: NO ISSUE | BJ18: PREVIOUSLY APPROVED | BK18: NO ISSUE | BL18: PREVIOUSLY APPROVED | BM18: NO ISSUE | BN18: PREVIOUSLY APPROVED | BO18: NO ISSUE | BP18: PREVIOUSLY APPROVED | BQ18: NO ISSUE | BR18: PREVIOUSLY APPROVED | BS18: NO ISSUE | BT18: PREVIOUSLY APPROVED | BU18: NO ISSUE | BV18: PREVIOUSLY APPROVED | BW18: NO ISSUE | BX18: PREVIOUSLY APPROVED | BY18: NO ISSUE | BZ18: PREVIOUSLY APPROVED | CA18: NO ISSUE | CB18: PREVIOUSLY APPROVED | CC18: NO ISSUE | CD18: PREVIOUSLY APPROVED | CE18: NO ISSUE | CF18: PREVIOUSLY APPROVED | CG18: NO ISSUE | CH18: PREVIOUSLY APPROVED | CI18: NO ISSUE | CJ18: PREVIOUSLY APPROVED | CK18: NO ISSUE | CL18: PREVIOUSLY APPROVED | CM18: =IF( OR(CL18="APPROVED", CL18="PREVIOUSLY APPROVED"), "APPROVED", "REPROVED" ) -> APPROVED | CP18: PENDENTE | CQ18: SEM INTERAÇÃO
A19: 5 | B19: VALE | D19: SPBIM | F19: =IFERROR(VLOOKUP(L19:L80,'R22 RELATÓRIO ACC'!B:F,5,FALSE),"NOT PUBLISHED") -> V12 | G19: =IFERROR(VLOOKUP(L19:L80,'R22 RELATÓRIO ACC'!B:P,15,FALSE),"NOT PUBLISHED") -> 06/04/2026 | H19: =IFERROR(VLOOKUP(M19:M80,'RELATÓRIO ACC'!B:F,5,FALSE),"NOT PUBLISHED") -> V1 | I19: =IFERROR(VLOOKUP(M19:M80,'RELATÓRIO ACC'!B:P,15,FALSE),"NOT PUBLISHED") -> 15/05/2026 | J19: V4 | K19: 45876 | L19: CPQ11-ARCH-CHAI-SITE-R22.rvt | M19: CPQ11-ARCH-CHAI-SITE-R24.rvt | N19: TRUE | O19: FALSE | P19: NOT FOUND | Q19: NOT FOUND | R19: APPROVED | S19: NO ISSUE | T19: APPROVED | U19: NO ISSUE | V19: PREVIOUSLY APPROVED | W19: NO ISSUE | X19: PREVIOUSLY APPROVED | Y19: NO ISSUE | Z19: PREVIOUSLY APPROVED | AA19: NO ISSUE | AB19: PREVIOUSLY APPROVED | AC19: NO ISSUE | AD19: PREVIOUSLY APPROVED | AE19: NO ISSUE | AF19: PREVIOUSLY APPROVED | AG19: NO ISSUE | AH19: PREVIOUSLY APPROVED | AI19: NO ISSUE | AJ19: PREVIOUSLY APPROVED | AK19: NO ISSUE | AL19: PREVIOUSLY APPROVED | AM19: NO ISSUE | AN19: PREVIOUSLY APPROVED | AO19: NO ISSUE | AP19: PREVIOUSLY APPROVED | AQ19: NO ISSUE | AR19: PREVIOUSLY APPROVED | AS19: NO ISSUE | AT19: PREVIOUSLY APPROVED | AU19: NO ISSUE | AV19: PREVIOUSLY APPROVED | AW19: NO ISSUE | AX19: PREVIOUSLY APPROVED | AY19: NO ISSUE | AZ19: PREVIOUSLY APPROVED | BA19: NO ISSUE | BB19: PREVIOUSLY APPROVED | BC19: NO ISSUE | BD19: PREVIOUSLY APPROVED | BE19: NO ISSUE | BF19: PREVIOUSLY APPROVED | BG19: NO ISSUE | BH19: PREVIOUSLY APPROVED | BI19: NO ISSUE | BJ19: PREVIOUSLY APPROVED | BK19: NO ISSUE | BL19: PREVIOUSLY APPROVED | BM19: NO ISSUE | BN19: PREVIOUSLY APPROVED | BO19: NO ISSUE | BP19: PREVIOUSLY APPROVED | BQ19: NO ISSUE | BR19: PREVIOUSLY APPROVED | BS19: NO ISSUE | BT19: PREVIOUSLY APPROVED | BU19: NO ISSUE | BV19: PREVIOUSLY APPROVED | BW19: NO ISSUE | BX19: PREVIOUSLY APPROVED | BY19: NO ISSUE | BZ19: PREVIOUSLY APPROVED | CA19: NO ISSUE | CB19: PREVIOUSLY APPROVED | CC19: NO ISSUE | CD19: PREVIOUSLY APPROVED | CE19: NO ISSUE | CF19: PREVIOUSLY APPROVED | CG19: NO ISSUE | CH19: PREVIOUSLY APPROVED | CI19: NO ISSUE | CJ19: PREVIOUSLY APPROVED | CK19: NO ISSUE | CL19: PREVIOUSLY APPROVED | CM19: =IF( OR(CL19="APPROVED", CL19="PREVIOUSLY APPROVED"), "APPROVED", "REPROVED" ) -> APPROVED | CO19: FALSE | CP19: ABERTO | CQ19: COMENTÁRIO
A20: 6 | B20: OMNITRADE | C20: 1110 | D20: CADBIM | E20: 1128 | F20: =IFERROR(VLOOKUP(L20:L81,'R22 RELATÓRIO ACC'!B:F,5,FALSE),"NOT PUBLISHED") -> V25 | G20: =IFERROR(VLOOKUP(L20:L81,'R22 RELATÓRIO ACC'!B:P,15,FALSE),"NOT PUBLISHED") -> 06/05/2026 | H20: =IFERROR(VLOOKUP(M20:M81,'RELATÓRIO ACC'!B:F,5,FALSE),"NOT PUBLISHED") -> V3 | I20: =IFERROR(VLOOKUP(M20:M81,'RELATÓRIO ACC'!B:P,15,FALSE),"NOT PUBLISHED") -> 07/07/2026 | J20: V8 | K20: 45854 | L20: CPQ11-ARCH-FACD-DATA-R22.rvt | M20: CPQ11-ARCH-FACD-DATA-R24.rvt | N20: TRUE | O20: TRUE | P20: NOT FOUND | Q20: REPROVED | R20: REPROVED | S20: POSTED ISSUES | T20: APPROVED | U20: NO ISSUE | V20: PREVIOUSLY APPROVED | W20: NO ISSUE | X20: PREVIOUSLY APPROVED | Y20: NO ISSUE | Z20: PREVIOUSLY APPROVED | AA20: NO ISSUE | AB20: PREVIOUSLY APPROVED | AC20: NO ISSUE | AD20: PREVIOUSLY APPROVED | AE20: NO ISSUE | AF20: PREVIOUSLY APPROVED | AG20: NO ISSUE | AH20: PREVIOUSLY APPROVED | AI20: NO ISSUE | AJ20: PREVIOUSLY APPROVED | AK20: NO ISSUE | AL20: PREVIOUSLY APPROVED | AM20: NO ISSUE | AN20: PREVIOUSLY APPROVED | AO20: NO ISSUE | AP20: PREVIOUSLY APPROVED | AQ20: NO ISSUE | AR20: PREVIOUSLY APPROVED | AS20: NO ISSUE | AT20: PREVIOUSLY APPROVED | AU20: NO ISSUE | AV20: PREVIOUSLY APPROVED | AW20: NO ISSUE | AX20: PREVIOUSLY APPROVED | AY20: NO ISSUE | AZ20: PREVIOUSLY APPROVED | BA20: NO ISSUE | BB20: PREVIOUSLY APPROVED | BC20: NO ISSUE | BD20: PREVIOUSLY APPROVED | BE20: NO ISSUE | BF20: PREVIOUSLY APPROVED | BG20: NO ISSUE | BH20: PREVIOUSLY APPROVED | BI20: NO ISSUE | BJ20: PREVIOUSLY APPROVED | BK20: NO ISSUE | BL20: PREVIOUSLY APPROVED | BM20: NO ISSUE | BN20: PREVIOUSLY APPROVED | BO20: NO ISSUE | BP20: PREVIOUSLY APPROVED | BQ20: NO ISSUE | BR20: PREVIOUSLY APPROVED | BS20: NO ISSUE | BT20: PREVIOUSLY APPROVED | BU20: NO ISSUE | BV20: PREVIOUSLY APPROVED | BW20: NO ISSUE | BX20: PREVIOUSLY APPROVED | BY20: NO ISSUE | BZ20: PREVIOUSLY APPROVED | CA20: NO ISSUE | CB20: PREVIOUSLY APPROVED | CC20: NO ISSUE | CD20: PREVIOUSLY APPROVED | CE20: NO ISSUE | CF20: PREVIOUSLY APPROVED | CG20: NO ISSUE | CH20: PREVIOUSLY APPROVED | CI20: NO ISSUE | CJ20: PREVIOUSLY APPROVED | CK20: NO ISSUE | CL20: PREVIOUSLY APPROVED | CM20: =IF( OR(CL20="APPROVED", CL20="PREVIOUSLY APPROVED"), "APPROVED", "REPROVED" ) -> APPROVED | CP20: SEM ISSUE | CQ20: NA
A21: 7 | B21: ZEUS/PORTEX | C21: PORTEX | D21: SPBIM | F21: =IFERROR(VLOOKUP(L21:L82,'R22 RELATÓRIO ACC'!B:F,5,FALSE),"NOT PUBLISHED") -> V9 | G21: =IFERROR(VLOOKUP(L21:L82,'R22 RELATÓRIO ACC'!B:P,15,FALSE),"NOT PUBLISHED") -> 27/03/2026 | H21: =IFERROR(VLOOKUP(M21:M82,'RELATÓRIO ACC'!B:F,5,FALSE),"NOT PUBLISHED") -> V2 | I21: =IFERROR(VLOOKUP(M21:M82,'RELATÓRIO ACC'!B:P,15,FALSE),"NOT PUBLISHED") -> 26/06/2026 | J21: V3 | K21: 45840 | L21: CPQ11-ARCH-HM90-DATA-R22.rvt | M21: CPQ11-ARCH-HM90-DATA-R24.rvt | N21: TRUE | O21: TRUE | P21: NOT FOUND | Q21: NOT FOUND | R21: APPROVED | S21: NO ISSUE | T21: APPROVED | U21: NO ISSUE | V21: PREVIOUSLY APPROVED | W21: NO ISSUE | X21: PREVIOUSLY APPROVED | Y21: NO ISSUE | Z21: PREVIOUSLY APPROVED | AA21: NO ISSUE | AB21: PREVIOUSLY APPROVED | AC21: NO ISSUE | AD21: PREVIOUSLY APPROVED | AE21: NO ISSUE | AF21: PREVIOUSLY APPROVED | AG21: NO ISSUE | AH21: PREVIOUSLY APPROVED | AI21: NO ISSUE | AJ21: PREVIOUSLY APPROVED | AK21: NO ISSUE | AL21: PREVIOUSLY APPROVED | AM21: NO ISSUE | AN21: PREVIOUSLY APPROVED | AO21: NO ISSUE | AP21: PREVIOUSLY APPROVED | AQ21: NO ISSUE | AR21: PREVIOUSLY APPROVED | AS21: NO ISSUE | AT21: PREVIOUSLY APPROVED | AU21: NO ISSUE | AV21: PREVIOUSLY APPROVED | AW21: NO ISSUE | AX21: PREVIOUSLY APPROVED | AY21: NO ISSUE | AZ21: PREVIOUSLY APPROVED | BA21: NO ISSUE | BB21: PREVIOUSLY APPROVED | BC21: NO ISSUE | BD21: PREVIOUSLY APPROVED | BE21: NO ISSUE | BF21: PREVIOUSLY APPROVED | BG21: NO ISSUE | BH21: PREVIOUSLY APPROVED | BI21: NO ISSUE | BJ21: PREVIOUSLY APPROVED | BK21: NO ISSUE | BL21: PREVIOUSLY APPROVED | BM21: NO ISSUE | BN21: PREVIOUSLY APPROVED | BO21: NO ISSUE | BP21: PREVIOUSLY APPROVED | BQ21: NO ISSUE | BR21: PREVIOUSLY APPROVED | BS21: NO ISSUE | BT21: PREVIOUSLY APPROVED | BU21: NO ISSUE | BV21: PREVIOUSLY APPROVED | BW21: NO ISSUE | BX21: PREVIOUSLY APPROVED | BY21: NO ISSUE | BZ21: PREVIOUSLY APPROVED | CA21: NO ISSUE | CB21: PREVIOUSLY APPROVED | CC21: NO ISSUE | CD21: PREVIOUSLY APPROVED | CE21: NO ISSUE | CF21: PREVIOUSLY APPROVED | CG21: NO ISSUE | CH21: PREVIOUSLY APPROVED | CI21: NO ISSUE | CJ21: PREVIOUSLY APPROVED | CK21: NO ISSUE | CL21: PREVIOUSLY APPROVED | CM21: =IF( OR(CL21="APPROVED", CL21="PREVIOUSLY APPROVED"), "APPROVED", "REPROVED" ) -> APPROVED | CO21: FALSE
A22: 8 | B22: S-VALE | C22: 1104 | D22: SPBIM | F22: =IFERROR(VLOOKUP(L22:L83,'R22 RELATÓRIO ACC'!B:F,5,FALSE),"NOT PUBLISHED") -> V12 | G22: =IFERROR(VLOOKUP(L22:L83,'R22 RELATÓRIO ACC'!B:P,15,FALSE),"NOT PUBLISHED") -> 08/04/2026 | H22: =IFERROR(VLOOKUP(M22:M83,'RELATÓRIO ACC'!B:F,5,FALSE),"NOT PUBLISHED") -> V1 | I22: =IFERROR(VLOOKUP(M22:M83,'RELATÓRIO ACC'!B:P,15,FALSE),"NOT PUBLISHED") -> 15/05/2026 | J22: V5 | K22: 45838 | L22: CPQ11-ARCH-HMET-DATA-R22.rvt | M22: CPQ11-ARCH-HMET-DATA-R24.rvt | N22: TRUE | O22: NON-RECIVED TABLE | P22: NOT FOUND | Q22: NOT FOUND | R22: APPROVED | S22: NO ISSUE | T22: APPROVED | U22: NO ISSUE | V22: PREVIOUSLY APPROVED | W22: NO ISSUE | X22: PREVIOUSLY APPROVED | Y22: NO ISSUE | Z22: PREVIOUSLY APPROVED | AA22: NO ISSUE | AB22: PREVIOUSLY APPROVED | AC22: NO ISSUE | AD22: PREVIOUSLY APPROVED | AE22: NO ISSUE | AF22: PREVIOUSLY APPROVED | AG22: NO ISSUE | AH22: PREVIOUSLY APPROVED | AI22: NO ISSUE | AJ22: PREVIOUSLY APPROVED | AK22: NO ISSUE | AL22: PREVIOUSLY APPROVED | AM22: NO ISSUE | AN22: PREVIOUSLY APPROVED | AO22: NO ISSUE | AP22: PREVIOUSLY APPROVED | AQ22: NO ISSUE | AR22: PREVIOUSLY APPROVED | AS22: NO ISSUE | AT22: PREVIOUSLY APPROVED | AU22: NO ISSUE | AV22: PREVIOUSLY APPROVED | AW22: NO ISSUE | AX22: PREVIOUSLY APPROVED | AY22: NO ISSUE | AZ22: PREVIOUSLY APPROVED | BA22: NO ISSUE | BB22: PREVIOUSLY APPROVED | BC22: NO ISSUE | BD22: PREVIOUSLY APPROVED | BE22: NO ISSUE | BF22: PREVIOUSLY APPROVED | BG22: NO ISSUE | BH22: PREVIOUSLY APPROVED | BI22: NO ISSUE | BJ22: PREVIOUSLY APPROVED | BK22: NO ISSUE | BL22: PREVIOUSLY APPROVED | BM22: NO ISSUE | BN22: PREVIOUSLY APPROVED | BO22: NO ISSUE | BP22: PREVIOUSLY APPROVED | BQ22: NO ISSUE | BR22: PREVIOUSLY APPROVED | BS22: NO ISSUE | BT22: PREVIOUSLY APPROVED | BU22: NO ISSUE | BV22: PREVIOUSLY APPROVED | BW22: NO ISSUE | BX22: PREVIOUSLY APPROVED | BY22: NO ISSUE | BZ22: PREVIOUSLY APPROVED | CA22: NO ISSUE | CB22: PREVIOUSLY APPROVED | CC22: NO ISSUE | CD22: PREVIOUSLY APPROVED | CE22: NO ISSUE | CF22: PREVIOUSLY APPROVED | CG22: NO ISSUE | CH22: PREVIOUSLY APPROVED | CI22: NO ISSUE | CJ22: PREVIOUSLY APPROVED | CK22: NO ISSUE | CL22: PREVIOUSLY APPROVED | CM22: =IF( OR(CL22="APPROVED", CL22="PREVIOUSLY APPROVED"), "APPROVED", "REPROVED" ) -> APPROVED | CO22: FALSE | CP22: ABERTO | CQ22: COMENTÁRIO
A23: 9 | B23: VALE | D23: SPBIM | F23: =IFERROR(VLOOKUP(L23:L84,'R22 RELATÓRIO ACC'!B:F,5,FALSE),"NOT PUBLISHED") -> V9 | G23: =IFERROR(VLOOKUP(L23:L84,'R22 RELATÓRIO ACC'!B:P,15,FALSE),"NOT PUBLISHED") -> 10/04/2026 | H23: =IFERROR(VLOOKUP(M23:M84,'RELATÓRIO ACC'!B:F,5,FALSE),"NOT PUBLISHED") -> V1 | I23: =IFERROR(VLOOKUP(M23:M84,'RELATÓRIO ACC'!B:P,15,FALSE),"NOT PUBLISHED") -> 15/05/2026 | J23: V3 | K23: 45898 | L23: CPQ11-ARCH-HMET-SITE-R22.rvt | M23: CPQ11-ARCH-HMET-SITE-R24.rvt | N23: TRUE | O23: PEDING INFORMATION | P23: NOT FOUND | Q23: NOT FOUND | R23: NOT FOUND | S23: NOT FOUND | T23: APPROVED | U23: NO ISSUE | V23: PREVIOUSLY APPROVED | W23: NO ISSUE | X23: PREVIOUSLY APPROVED | Y23: NO ISSUE | Z23: PREVIOUSLY APPROVED | AA23: NO ISSUE | AB23: PREVIOUSLY APPROVED | AC23: NO ISSUE | AD23: PREVIOUSLY APPROVED | AE23: NO ISSUE | AF23: PREVIOUSLY APPROVED | AG23: NO ISSUE | AH23: PREVIOUSLY APPROVED | AI23: NO ISSUE | AJ23: PREVIOUSLY APPROVED | AK23: NO ISSUE | AL23: PREVIOUSLY APPROVED | AM23: NO ISSUE | AN23: PREVIOUSLY APPROVED | AO23: NO ISSUE | AP23: PREVIOUSLY APPROVED | AQ23: NO ISSUE | AR23: PREVIOUSLY APPROVED | AS23: NO ISSUE | AT23: PREVIOUSLY APPROVED | AU23: NO ISSUE | AV23: PREVIOUSLY APPROVED | AW23: NO ISSUE | AX23: PREVIOUSLY APPROVED | AY23: NO ISSUE | AZ23: PREVIOUSLY APPROVED | BA23: NO ISSUE | BB23: PREVIOUSLY APPROVED | BC23: NO ISSUE | BD23: PREVIOUSLY APPROVED | BE23: NO ISSUE | BF23: PREVIOUSLY APPROVED | BG23: NO ISSUE | BH23: PREVIOUSLY APPROVED | BI23: NO ISSUE | BJ23: PREVIOUSLY APPROVED | BK23: NO ISSUE | BL23: PREVIOUSLY APPROVED | BM23: NO ISSUE | BN23: PREVIOUSLY APPROVED | BO23: NO ISSUE | BP23: PREVIOUSLY APPROVED | BQ23: NO ISSUE | BR23: PREVIOUSLY APPROVED | BS23: NO ISSUE | BT23: PREVIOUSLY APPROVED | BU23: NO ISSUE | BV23: PREVIOUSLY APPROVED | BW23: NO ISSUE | BX23: PREVIOUSLY APPROVED | BY23: NO ISSUE | BZ23: PREVIOUSLY APPROVED | CA23: NO ISSUE | CB23: PREVIOUSLY APPROVED | CC23: NO ISSUE | CD23: PREVIOUSLY APPROVED | CE23: NO ISSUE | CF23: PREVIOUSLY APPROVED | CG23: NO ISSUE | CH23: PREVIOUSLY APPROVED | CI23: NO ISSUE | CJ23: PREVIOUSLY APPROVED | CK23: NO ISSUE | CL23: PREVIOUSLY APPROVED | CM23: =IF( OR(CL23="APPROVED", CL23="PREVIOUSLY APPROVED"), "APPROVED", "REPROVED" ) -> APPROVED | CP23: ABERTO | CQ23: SEM INTERAÇÃO
A24: 12 | B24: IDEIA DRYWALL | D24: FCH | E24: 1126 | F24: =IFERROR(VLOOKUP(L24:L85,'R22 RELATÓRIO ACC'!B:F,5,FALSE),"NOT PUBLISHED") -> V14 | G24: =IFERROR(VLOOKUP(L24:L85,'R22 RELATÓRIO ACC'!B:P,15,FALSE),"NOT PUBLISHED") -> 18/03/2026 | H24: =IFERROR(VLOOKUP(M24:M85,'RELATÓRIO ACC'!B:F,5,FALSE),"NOT PUBLISHED") -> V2 | I24: =IFERROR(VLOOKUP(M24:M85,'RELATÓRIO ACC'!B:P,15,FALSE),"NOT PUBLISHED") -> 17/06/2026 | J24: V9 | K24: 45889 | L24: CPQ11-ARCH-PART-SITE-R22.rvt | M24: CPQ11-ARCH-PART-SITE-R24.rvt | N24: TRUE | O24: NON-FILLED | P24: NOT FOUND | Q24: REPROVED | R24: REPROVED | S24: POSTED ISSUES | T24: APPROVED | U24: NO ISSUE | V24: PREVIOUSLY APPROVED | W24: NO ISSUE | X24: PREVIOUSLY APPROVED | Y24: NO ISSUE | Z24: PREVIOUSLY APPROVED | AA24: NO ISSUE | AB24: PREVIOUSLY APPROVED | AC24: NO ISSUE | AD24: PREVIOUSLY APPROVED | AE24: NO ISSUE | AF24: PREVIOUSLY APPROVED | AG24: NO ISSUE | AH24: PREVIOUSLY APPROVED | AI24: NO ISSUE | AJ24: PREVIOUSLY APPROVED | AK24: NO ISSUE | AL24: PREVIOUSLY APPROVED | AM24: NO ISSUE | AN24: PREVIOUSLY APPROVED | AO24: NO ISSUE | AP24: PREVIOUSLY APPROVED | AQ24: NO ISSUE | AR24: PREVIOUSLY APPROVED | AS24: NO ISSUE | AT24: PREVIOUSLY APPROVED | AU24: NO ISSUE | AV24: PREVIOUSLY APPROVED | AW24: NO ISSUE | AX24: PREVIOUSLY APPROVED | AY24: NO ISSUE | AZ24: PREVIOUSLY APPROVED | BA24: NO ISSUE | BB24: PREVIOUSLY APPROVED | BC24: NO ISSUE | BD24: PREVIOUSLY APPROVED | BE24: NO ISSUE | BF24: PREVIOUSLY APPROVED | BG24: NO ISSUE | BH24: PREVIOUSLY APPROVED | BI24: NO ISSUE | BJ24: PREVIOUSLY APPROVED | BK24: NO ISSUE | BL24: PREVIOUSLY APPROVED | BM24: NO ISSUE | BN24: PREVIOUSLY APPROVED | BO24: NO ISSUE | BP24: PREVIOUSLY APPROVED | BQ24: NO ISSUE | BR24: PREVIOUSLY APPROVED | BS24: NO ISSUE | BT24: PREVIOUSLY APPROVED | BU24: NO ISSUE | BV24: PREVIOUSLY APPROVED | BW24: NO ISSUE | BX24: PREVIOUSLY APPROVED | BY24: NO ISSUE | BZ24: PREVIOUSLY APPROVED | CA24: NO ISSUE | CB24: PREVIOUSLY APPROVED | CC24: NO ISSUE | CD24: PREVIOUSLY APPROVED | CE24: NO ISSUE | CF24: PREVIOUSLY APPROVED | CG24: NO ISSUE | CH24: PREVIOUSLY APPROVED | CI24: NO ISSUE | CJ24: PREVIOUSLY APPROVED | CK24: NO ISSUE | CL24: PREVIOUSLY APPROVED | CM24: =IF( OR(CL24="APPROVED", CL24="PREVIOUSLY APPROVED"), "APPROVED", "REPROVED" ) -> APPROVED | CP24: ABERTO | CQ24: COMENTÁRIO
A25: 13 | B25: OMNITRADE | C25: 1110 | D25: CADBIM | E25: 1128 | F25: =IFERROR(VLOOKUP(L25:L86,'R22 RELATÓRIO ACC'!B:F,5,FALSE),"NOT PUBLISHED") -> V30 | G25: =IFERROR(VLOOKUP(L25:L86,'R22 RELATÓRIO ACC'!B:P,15,FALSE),"NOT PUBLISHED") -> 26/03/2026 | H25: =IFERROR(VLOOKUP(M25:M86,'RELATÓRIO ACC'!B:F,5,FALSE),"NOT PUBLISHED") -> V2 | I25: =IFERROR(VLOOKUP(M25:M86,'RELATÓRIO ACC'!B:P,15,FALSE),"NOT PUBLISHED") -> 20/05/2026 | J25: V17 | K25: 45867 | L25: CPQ11-ARCH-ROOF-DATA-R22.rvt | M25: CPQ11-ARCH-ROOF-DATA-R24.rvt | N25: TRUE | O25: TRUE | P25: NOT FOUND | Q25: REPROVED | R25: REPROVED | S25: POSTED ISSUES | T25: APPROVED | U25: NO ISSUE | V25: PREVIOUSLY APPROVED | W25: NO ISSUE | X25: PREVIOUSLY APPROVED | Y25: NO ISSUE | Z25: PREVIOUSLY APPROVED | AA25: NO ISSUE | AB25: PREVIOUSLY APPROVED | AC25: NO ISSUE | AD25: PREVIOUSLY APPROVED | AE25: NO ISSUE | AF25: PREVIOUSLY APPROVED | AG25: NO ISSUE | AH25: PREVIOUSLY APPROVED | AI25: NO ISSUE | AJ25: PREVIOUSLY APPROVED | AK25: NO ISSUE | AL25: PREVIOUSLY APPROVED | AM25: NO ISSUE | AN25: PREVIOUSLY APPROVED | AO25: NO ISSUE | AP25: PREVIOUSLY APPROVED | AQ25: NO ISSUE | AR25: PREVIOUSLY APPROVED | AS25: NO ISSUE | AT25: PREVIOUSLY APPROVED | AU25: NO ISSUE | AV25: PREVIOUSLY APPROVED | AW25: NO ISSUE | AX25: PREVIOUSLY APPROVED | AY25: NO ISSUE | AZ25: PREVIOUSLY APPROVED | BA25: NO ISSUE | BB25: PREVIOUSLY APPROVED | BC25: NO ISSUE | BD25: PREVIOUSLY APPROVED | BE25: NO ISSUE | BF25: PREVIOUSLY APPROVED | BG25: NO ISSUE | BH25: PREVIOUSLY APPROVED | BI25: NO ISSUE | BJ25: PREVIOUSLY APPROVED | BK25: NO ISSUE | BL25: PREVIOUSLY APPROVED | BM25: NO ISSUE | BN25: PREVIOUSLY APPROVED | BO25: NO ISSUE | BP25: PREVIOUSLY APPROVED | BQ25: NO ISSUE | BR25: PREVIOUSLY APPROVED | BS25: NO ISSUE | BT25: PREVIOUSLY APPROVED | BU25: NO ISSUE | BV25: PREVIOUSLY APPROVED | BW25: NO ISSUE | BX25: PREVIOUSLY APPROVED | BY25: NO ISSUE | BZ25: PREVIOUSLY APPROVED | CA25: NO ISSUE | CB25: PREVIOUSLY APPROVED | CC25: NO ISSUE | CD25: PREVIOUSLY APPROVED | CE25: NO ISSUE | CF25: PREVIOUSLY APPROVED | CG25: NO ISSUE | CH25: PREVIOUSLY APPROVED | CI25: NO ISSUE | CJ25: PREVIOUSLY APPROVED | CK25: NO ISSUE | CL25: PREVIOUSLY APPROVED | CM25: =IF( OR(CL25="APPROVED", CL25="PREVIOUSLY APPROVED"), "APPROVED", "REPROVED" ) -> APPROVED | CP25: SEM ISSUE | CQ25: NA
A26: 14 | B26: ALTAMIRA | C26: ALTAMIRA | D26: ALTAMIRA | F26: =IFERROR(VLOOKUP(L26:L87,'R22 RELATÓRIO ACC'!B:F,5,FALSE),"NOT PUBLISHED") -> V9 | G26: =IFERROR(VLOOKUP(L26:L87,'R22 RELATÓRIO ACC'!B:P,15,FALSE),"NOT PUBLISHED") -> 28/02/2026 | H26: =IFERROR(VLOOKUP(M26:M87,'RELATÓRIO ACC'!B:F,5,FALSE),"NOT PUBLISHED") -> V1 | I26: =IFERROR(VLOOKUP(M26:M87,'RELATÓRIO ACC'!B:P,15,FALSE),"NOT PUBLISHED") -> 20/05/2026 | J26: V1 | K26: 45874 | L26: CPQ11-ARCH-SHLV-DATA-R22.rvt | M26: CPQ11-ARCH-SHLV-DATA-R24.rvt | N26: TRUE | O26: TRUE | P26: NOT FOUND | Q26: NOT FOUND | R26: NOT FOUND | S26: NOT FOUND | T26: APPROVED | U26: NO ISSUE | V26: PREVIOUSLY APPROVED | W26: NO ISSUE | X26: PREVIOUSLY APPROVED | Y26: NO ISSUE | Z26: PREVIOUSLY APPROVED | AA26: NO ISSUE | AB26: PREVIOUSLY APPROVED | AC26: NO ISSUE | AD26: PREVIOUSLY APPROVED | AE26: NO ISSUE | AF26: PREVIOUSLY APPROVED | AG26: NO ISSUE | AH26: PREVIOUSLY APPROVED | AI26: NO ISSUE | AJ26: PREVIOUSLY APPROVED | AK26: NO ISSUE | AL26: PREVIOUSLY APPROVED | AM26: NO ISSUE | AN26: PREVIOUSLY APPROVED | AO26: NO ISSUE | AP26: PREVIOUSLY APPROVED | AQ26: NO ISSUE | AR26: PREVIOUSLY APPROVED | AS26: NO ISSUE | AT26: PREVIOUSLY APPROVED | AU26: NO ISSUE | AV26: PREVIOUSLY APPROVED | AW26: NO ISSUE | AX26: PREVIOUSLY APPROVED | AY26: NO ISSUE | AZ26: PREVIOUSLY APPROVED | BA26: NO ISSUE | BB26: PREVIOUSLY APPROVED | BC26: NO ISSUE | BD26: PREVIOUSLY APPROVED | BE26: NO ISSUE | BF26: PREVIOUSLY APPROVED | BG26: NO ISSUE | BH26: PREVIOUSLY APPROVED | BI26: NO ISSUE | BJ26: PREVIOUSLY APPROVED | BK26: NO ISSUE | BL26: PREVIOUSLY APPROVED | BM26: NO ISSUE | BN26: PREVIOUSLY APPROVED | BO26: NO ISSUE | BP26: PREVIOUSLY APPROVED | BQ26: NO ISSUE | BR26: PREVIOUSLY APPROVED | BS26: NO ISSUE | BT26: PREVIOUSLY APPROVED | BU26: NO ISSUE | BV26: PREVIOUSLY APPROVED | BW26: NO ISSUE | BX26: PREVIOUSLY APPROVED | BY26: NO ISSUE | BZ26: PREVIOUSLY APPROVED | CA26: NO ISSUE | CB26: PREVIOUSLY APPROVED | CC26: NO ISSUE | CD26: PREVIOUSLY APPROVED | CE26: NO ISSUE | CF26: PREVIOUSLY APPROVED | CG26: NO ISSUE | CH26: PREVIOUSLY APPROVED | CI26: NO ISSUE | CJ26: PREVIOUSLY APPROVED | CK26: NO ISSUE | CL26: PREVIOUSLY APPROVED | CM26: =IF( OR(CL26="APPROVED", CL26="PREVIOUSLY APPROVED"), "APPROVED", "REPROVED" ) -> APPROVED | CP26: ABERTO | CQ26: SEM INTERAÇÃO
A27: 15 | B27: S-VALE | C27: 1104 | D27: SPBIM | E27: 1127 | F27: =IFERROR(VLOOKUP(L27:L88,'R22 RELATÓRIO ACC'!B:F,5,FALSE),"NOT PUBLISHED") -> V13 | G27: =IFERROR(VLOOKUP(L27:L88,'R22 RELATÓRIO ACC'!B:P,15,FALSE),"NOT PUBLISHED") -> 02/03/2026 | H27: =IFERROR(VLOOKUP(M27:M88,'RELATÓRIO ACC'!B:F,5,FALSE),"NOT PUBLISHED") -> V3 | I27: =IFERROR(VLOOKUP(M27:M88,'RELATÓRIO ACC'!B:P,15,FALSE),"NOT PUBLISHED") -> 24/06/2026 | J27: V8 | K27: 45833 | L27: CPQ11-ARCH-WMES-DATA-R22.rvt | M27: CPQ11-ARCH-WMES-DATA-R24.rvt | N27: TRUE | O27: TRUE | P27: NOT FOUND | Q27: APPROVED | R27: APPROVED | S27: NO ISSUE | T27: APPROVED | U27: NO ISSUE | V27: PREVIOUSLY APPROVED | W27: NO ISSUE | X27: PREVIOUSLY APPROVED | Y27: NO ISSUE | Z27: PREVIOUSLY APPROVED | AA27: NO ISSUE | AB27: PREVIOUSLY APPROVED | AC27: NO ISSUE | AD27: PREVIOUSLY APPROVED | AE27: NO ISSUE | AF27: PREVIOUSLY APPROVED | AG27: NO ISSUE | AH27: PREVIOUSLY APPROVED | AI27: NO ISSUE | AJ27: PREVIOUSLY APPROVED | AK27: NO ISSUE | AL27: PREVIOUSLY APPROVED | AM27: NO ISSUE | AN27: PREVIOUSLY APPROVED | AO27: NO ISSUE | AP27: PREVIOUSLY APPROVED | AQ27: NO ISSUE | AR27: PREVIOUSLY APPROVED | AS27: NO ISSUE | AT27: PREVIOUSLY APPROVED | AU27: NO ISSUE | AV27: PREVIOUSLY APPROVED | AW27: NO ISSUE | AX27: PREVIOUSLY APPROVED | AY27: NO ISSUE | AZ27: PREVIOUSLY APPROVED | BA27: NO ISSUE | BB27: PREVIOUSLY APPROVED | BC27: NO ISSUE | BD27: PREVIOUSLY APPROVED | BE27: NO ISSUE | BF27: PREVIOUSLY APPROVED | BG27: NO ISSUE | BH27: PREVIOUSLY APPROVED | BI27: NO ISSUE | BJ27: PREVIOUSLY APPROVED | BK27: NO ISSUE | BL27: PREVIOUSLY APPROVED | BM27: NO ISSUE | BN27: PREVIOUSLY APPROVED | BO27: NO ISSUE | BP27: PREVIOUSLY APPROVED | BQ27: NO ISSUE | BR27: PREVIOUSLY APPROVED | BS27: NO ISSUE | BT27: PREVIOUSLY APPROVED | BU27: NO ISSUE | BV27: PREVIOUSLY APPROVED | BW27: NO ISSUE | BX27: PREVIOUSLY APPROVED | BY27: NO ISSUE | BZ27: PREVIOUSLY APPROVED | CA27: NO ISSUE | CB27: PREVIOUSLY APPROVED | CC27: NO ISSUE | CD27: PREVIOUSLY APPROVED | CE27: NO ISSUE | CF27: PREVIOUSLY APPROVED | CG27: NO ISSUE | CH27: PREVIOUSLY APPROVED | CI27: NO ISSUE | CJ27: PREVIOUSLY APPROVED | CK27: NO ISSUE | CL27: PREVIOUSLY APPROVED | CM27: =IF( OR(CL27="APPROVED", CL27="PREVIOUSLY APPROVED"), "APPROVED", "REPROVED" ) -> APPROVED | CP27: SEM ISSUE | CQ27: SEM INTERAÇÃO
A28: 16 | B28: BLACKBOX | C28: 1114 | D28: BLACKBOX | E28: 1114 | F28: =IFERROR(VLOOKUP(L28:L89,'R22 RELATÓRIO ACC'!B:F,5,FALSE),"NOT PUBLISHED") -> V20 | G28: =IFERROR(VLOOKUP(L28:L89,'R22 RELATÓRIO ACC'!B:P,15,FALSE),"NOT PUBLISHED") -> 05/05/2026 | H28: =IFERROR(VLOOKUP(M28:M89,'RELATÓRIO ACC'!B:F,5,FALSE),"NOT PUBLISHED") -> V2 | I28: =IFERROR(VLOOKUP(M28:M89,'RELATÓRIO ACC'!B:P,15,FALSE),"NOT PUBLISHED") -> 12/07/2026 | J28: V11 | K28: 45901 | L28: CPQ11-BASM-DEVS-DATA-R22.rvt | M28: CPQ11-BASM-DEVS-DATA-R24.rvt | N28: TRUE | O28: TRUE | P28: NOT FOUND | Q28: REPROVED | R28: REPROVED | S28: POSTED ISSUES | T28: APPROVED | U28: NO ISSUE | V28: PREVIOUSLY APPROVED | W28: NO ISSUE | X28: PREVIOUSLY APPROVED | Y28: NO ISSUE | Z28: PREVIOUSLY APPROVED | AA28: NO ISSUE | AB28: PREVIOUSLY APPROVED | AC28: NO ISSUE | AD28: PREVIOUSLY APPROVED | AE28: NO ISSUE | AF28: PREVIOUSLY APPROVED | AG28: NO ISSUE | AH28: PREVIOUSLY APPROVED | AI28: NO ISSUE | AJ28: PREVIOUSLY APPROVED | AK28: NO ISSUE | AL28: PREVIOUSLY APPROVED | AM28: NO ISSUE | AN28: PREVIOUSLY APPROVED | AO28: NO ISSUE | AP28: PREVIOUSLY APPROVED | AQ28: NO ISSUE | AR28: PREVIOUSLY APPROVED | AS28: NO ISSUE | AT28: PREVIOUSLY APPROVED | AU28: NO ISSUE | AV28: PREVIOUSLY APPROVED | AW28: NO ISSUE | AX28: PREVIOUSLY APPROVED | AY28: NO ISSUE | AZ28: PREVIOUSLY APPROVED | BA28: NO ISSUE | BB28: PREVIOUSLY APPROVED | BC28: NO ISSUE | BD28: PREVIOUSLY APPROVED | BE28: NO ISSUE | BF28: PREVIOUSLY APPROVED | BG28: NO ISSUE | BH28: PREVIOUSLY APPROVED | BI28: NO ISSUE | BJ28: PREVIOUSLY APPROVED | BK28: NO ISSUE | BL28: PREVIOUSLY APPROVED | BM28: NO ISSUE | BN28: PREVIOUSLY APPROVED | BO28: NO ISSUE | BP28: PREVIOUSLY APPROVED | BQ28: NO ISSUE | BR28: PREVIOUSLY APPROVED | BS28: NO ISSUE | BT28: PREVIOUSLY APPROVED | BU28: NO ISSUE | BV28: PREVIOUSLY APPROVED | BW28: NO ISSUE | BX28: PREVIOUSLY APPROVED | BY28: NO ISSUE | BZ28: PREVIOUSLY APPROVED | CA28: NO ISSUE | CB28: PREVIOUSLY APPROVED | CC28: NO ISSUE | CD28: PREVIOUSLY APPROVED | CE28: NO ISSUE | CF28: PREVIOUSLY APPROVED | CG28: NO ISSUE | CH28: PREVIOUSLY APPROVED | CI28: NO ISSUE | CJ28: PREVIOUSLY APPROVED | CK28: NO ISSUE | CL28: PREVIOUSLY APPROVED | CM28: =IF( OR(CL28="APPROVED", CL28="PREVIOUSLY APPROVED"), "APPROVED", "REPROVED" ) -> APPROVED | CP28: PENDENTE | CQ28: COMENTÁRIO
A29: 17 | B29: BLACKBOX | C29: 1114 | D29: BLACKBOX | E29: 1114 | F29: =IFERROR(VLOOKUP(L29:L90,'R22 RELATÓRIO ACC'!B:F,5,FALSE),"NOT PUBLISHED") -> V14 | G29: =IFERROR(VLOOKUP(L29:L90,'R22 RELATÓRIO ACC'!B:P,15,FALSE),"NOT PUBLISHED") -> 03/02/2026 | H29: =IFERROR(VLOOKUP(M29:M90,'RELATÓRIO ACC'!B:F,5,FALSE),"NOT PUBLISHED") -> V1 | I29: =IFERROR(VLOOKUP(M29:M90,'RELATÓRIO ACC'!B:P,15,FALSE),"NOT PUBLISHED") -> 15/05/2026 | J29: V9 | K29: 45870 | L29: CPQ11-BASM-DEVS-PUMP-R22.rvt | M29: CPQ11-BASM-DEVS-PUMP-R24.rvt | N29: TRUE | O29: TRUE | P29: NOT FOUND | Q29: APPROVED | R29: REPROVED | S29: POSTED ISSUES | T29: APPROVED | U29: NO ISSUE | V29: PREVIOUSLY APPROVED | W29: NO ISSUE | X29: PREVIOUSLY APPROVED | Y29: NO ISSUE | Z29: PREVIOUSLY APPROVED | AA29: NO ISSUE | AB29: PREVIOUSLY APPROVED | AC29: NO ISSUE | AD29: PREVIOUSLY APPROVED | AE29: NO ISSUE | AF29: PREVIOUSLY APPROVED | AG29: NO ISSUE | AH29: PREVIOUSLY APPROVED | AI29: NO ISSUE | AJ29: PREVIOUSLY APPROVED | AK29: NO ISSUE | AL29: PREVIOUSLY APPROVED | AM29: NO ISSUE | AN29: PREVIOUSLY APPROVED | AO29: NO ISSUE | AP29: PREVIOUSLY APPROVED | AQ29: NO ISSUE | AR29: PREVIOUSLY APPROVED | AS29: NO ISSUE | AT29: PREVIOUSLY APPROVED | AU29: NO ISSUE | AV29: PREVIOUSLY APPROVED | AW29: NO ISSUE | AX29: PREVIOUSLY APPROVED | AY29: NO ISSUE | AZ29: PREVIOUSLY APPROVED | BA29: NO ISSUE | BB29: PREVIOUSLY APPROVED | BC29: NO ISSUE | BD29: PREVIOUSLY APPROVED | BE29: NO ISSUE | BF29: PREVIOUSLY APPROVED | BG29: NO ISSUE | BH29: PREVIOUSLY APPROVED | BI29: NO ISSUE | BJ29: PREVIOUSLY APPROVED | BK29: NO ISSUE | BL29: PREVIOUSLY APPROVED | BM29: NO ISSUE | BN29: PREVIOUSLY APPROVED | BO29: NO ISSUE | BP29: PREVIOUSLY APPROVED | BQ29: NO ISSUE | BR29: PREVIOUSLY APPROVED | BS29: NO ISSUE | BT29: PREVIOUSLY APPROVED | BU29: NO ISSUE | BV29: PREVIOUSLY APPROVED | BW29: NO ISSUE | BX29: PREVIOUSLY APPROVED | BY29: NO ISSUE | BZ29: PREVIOUSLY APPROVED | CA29: NO ISSUE | CB29: PREVIOUSLY APPROVED | CC29: NO ISSUE | CD29: PREVIOUSLY APPROVED | CE29: NO ISSUE | CF29: PREVIOUSLY APPROVED | CG29: NO ISSUE | CH29: PREVIOUSLY APPROVED | CI29: NO ISSUE | CJ29: PREVIOUSLY APPROVED | CK29: NO ISSUE | CL29: PREVIOUSLY APPROVED | CM29: =IF( OR(CL29="APPROVED", CL29="PREVIOUSLY APPROVED"), "APPROVED", "REPROVED" ) -> APPROVED | CO29: FALSE | CP29: SEM ISSUE | CQ29: NA
A30: 18 | B30: MENDES HOLLER | C30: 1112 | D30: PGMAK | E30: 1129 | F30: =IFERROR(VLOOKUP(L30:L91,'R22 RELATÓRIO ACC'!B:F,5,FALSE),"NOT PUBLISHED") -> V33 | G30: =IFERROR(VLOOKUP(L30:L91,'R22 RELATÓRIO ACC'!B:P,15,FALSE),"NOT PUBLISHED") -> 04/03/2026 | H30: =IFERROR(VLOOKUP(M30:M91,'RELATÓRIO ACC'!B:F,5,FALSE),"NOT PUBLISHED") -> V2 | I30: =IFERROR(VLOOKUP(M30:M91,'RELATÓRIO ACC'!B:P,15,FALSE),"NOT PUBLISHED") -> 13/07/2026 | J30: V25 | K30: 45868 | L30: CPQ11-BASM-INFR-DATA-R22.rvt | M30: CPQ11-BASM-INFR-DATA-R24.rvt | N30: TRUE | O30: TRUE | P30: NOT FOUND | Q30: REPROVED | R30: REPROVED | S30: POSTED ISSUES | T30: APPROVED | U30: NO ISSUE | V30: PREVIOUSLY APPROVED | W30: NO ISSUE | X30: PREVIOUSLY APPROVED | Y30: NO ISSUE | Z30: PREVIOUSLY APPROVED | AA30: NO ISSUE | AB30: PREVIOUSLY APPROVED | AC30: NO ISSUE | AD30: PREVIOUSLY APPROVED | AE30: NO ISSUE | AF30: PREVIOUSLY APPROVED | AG30: NO ISSUE | AH30: PREVIOUSLY APPROVED | AI30: NO ISSUE | AJ30: PREVIOUSLY APPROVED | AK30: NO ISSUE | AL30: PREVIOUSLY APPROVED | AM30: NO ISSUE | AN30: PREVIOUSLY APPROVED | AO30: NO ISSUE | AP30: PREVIOUSLY APPROVED | AQ30: NO ISSUE | AR30: PREVIOUSLY APPROVED | AS30: NO ISSUE | AT30: PREVIOUSLY APPROVED | AU30: NO ISSUE | AV30: PREVIOUSLY APPROVED | AW30: NO ISSUE | AX30: PREVIOUSLY APPROVED | AY30: NO ISSUE | AZ30: PREVIOUSLY APPROVED | BA30: NO ISSUE | BB30: PREVIOUSLY APPROVED | BC30: NO ISSUE | BD30: PREVIOUSLY APPROVED | BE30: NO ISSUE | BF30: PREVIOUSLY APPROVED | BG30: NO ISSUE | BH30: PREVIOUSLY APPROVED | BI30: NO ISSUE | BJ30: PREVIOUSLY APPROVED | BK30: NO ISSUE | BL30: PREVIOUSLY APPROVED | BM30: NO ISSUE | BN30: PREVIOUSLY APPROVED | BO30: NO ISSUE | BP30: PREVIOUSLY APPROVED | BQ30: NO ISSUE | BR30: PREVIOUSLY APPROVED | BS30: NO ISSUE | BT30: PREVIOUSLY APPROVED | BU30: NO ISSUE | BV30: PREVIOUSLY APPROVED | BW30: NO ISSUE | BX30: PREVIOUSLY APPROVED | BY30: NO ISSUE | BZ30: PREVIOUSLY APPROVED | CA30: NO ISSUE | CB30: PREVIOUSLY APPROVED | CC30: NO ISSUE | CD30: PREVIOUSLY APPROVED | CE30: NO ISSUE | CF30: PREVIOUSLY APPROVED | CG30: NO ISSUE | CH30: PREVIOUSLY APPROVED | CI30: NO ISSUE | CJ30: PREVIOUSLY APPROVED | CK30: NO ISSUE | CL30: PREVIOUSLY APPROVED | CM30: =IF( OR(CL30="APPROVED", CL30="PREVIOUSLY APPROVED"), "APPROVED", "REPROVED" ) -> APPROVED | CO30: FALSE | CP30: SEM ISSUE | CQ30: COMENTÁRIO
A31: 19 | B31: MENDES HOLLER | C31: 1112 | D31: PGMAK | E31: 1129 | F31: =IFERROR(VLOOKUP(L31:L92,'R22 RELATÓRIO ACC'!B:F,5,FALSE),"NOT PUBLISHED") -> V32 | G31: =IFERROR(VLOOKUP(L31:L92,'R22 RELATÓRIO ACC'!B:P,15,FALSE),"NOT PUBLISHED") -> 24/04/2026 | H31: =IFERROR(VLOOKUP(M31:M92,'RELATÓRIO ACC'!B:F,5,FALSE),"NOT PUBLISHED") -> V3 | I31: =IFERROR(VLOOKUP(M31:M92,'RELATÓRIO ACC'!B:P,15,FALSE),"NOT PUBLISHED") -> 03/07/2026 | J31: V19 | K31: 45846 | L31: CPQ11-BASM-INFR-PUMP-R22.rvt | M31: CPQ11-BASM-INFR-PUMP-R24.rvt | N31: TRUE | O31: TRUE | P31: NOT FOUND | Q31: REPROVED | R31: APPROVED | S31: NO ISSUE | T31: APPROVED | U31: NO ISSUE | V31: PREVIOUSLY APPROVED | W31: NO ISSUE | X31: PREVIOUSLY APPROVED | Y31: NO ISSUE | Z31: PREVIOUSLY APPROVED | AA31: NO ISSUE | AB31: PREVIOUSLY APPROVED | AC31: NO ISSUE | AD31: PREVIOUSLY APPROVED | AE31: NO ISSUE | AF31: PREVIOUSLY APPROVED | AG31: NO ISSUE | AH31: PREVIOUSLY APPROVED | AI31: NO ISSUE | AJ31: PREVIOUSLY APPROVED | AK31: NO ISSUE | AL31: PREVIOUSLY APPROVED | AM31: NO ISSUE | AN31: PREVIOUSLY APPROVED | AO31: NO ISSUE | AP31: PREVIOUSLY APPROVED | AQ31: NO ISSUE | AR31: PREVIOUSLY APPROVED | AS31: NO ISSUE | AT31: PREVIOUSLY APPROVED | AU31: NO ISSUE | AV31: PREVIOUSLY APPROVED | AW31: NO ISSUE | AX31: PREVIOUSLY APPROVED | AY31: NO ISSUE | AZ31: PREVIOUSLY APPROVED | BA31: NO ISSUE | BB31: PREVIOUSLY APPROVED | BC31: NO ISSUE | BD31: PREVIOUSLY APPROVED | BE31: NO ISSUE | BF31: PREVIOUSLY APPROVED | BG31: NO ISSUE | BH31: PREVIOUSLY APPROVED | BI31: NO ISSUE | BJ31: PREVIOUSLY APPROVED | BK31: NO ISSUE | BL31: PREVIOUSLY APPROVED | BM31: NO ISSUE | BN31: PREVIOUSLY APPROVED | BO31: NO ISSUE | BP31: PREVIOUSLY APPROVED | BQ31: NO ISSUE | BR31: PREVIOUSLY APPROVED | BS31: NO ISSUE | BT31: PREVIOUSLY APPROVED | BU31: NO ISSUE | BV31: PREVIOUSLY APPROVED | BW31: NO ISSUE | BX31: PREVIOUSLY APPROVED | BY31: NO ISSUE | BZ31: PREVIOUSLY APPROVED | CA31: NO ISSUE | CB31: PREVIOUSLY APPROVED | CC31: NO ISSUE | CD31: PREVIOUSLY APPROVED | CE31: NO ISSUE | CF31: PREVIOUSLY APPROVED | CG31: NO ISSUE | CH31: PREVIOUSLY APPROVED | CI31: NO ISSUE | CJ31: PREVIOUSLY APPROVED | CK31: NO ISSUE | CL31: PREVIOUSLY APPROVED | CM31: =IF( OR(CL31="APPROVED", CL31="PREVIOUSLY APPROVED"), "APPROVED", "REPROVED" ) -> APPROVED | CP31: SEM ISSUE | CQ31: NA
A32: 20 | B32: GARCIA | D32: CADBIM | F32: =IFERROR(VLOOKUP(L32:L93,'R22 RELATÓRIO ACC'!B:F,5,FALSE),"NOT PUBLISHED") -> V18 | G32: =IFERROR(VLOOKUP(L32:L93,'R22 RELATÓRIO ACC'!B:P,15,FALSE),"NOT PUBLISHED") -> 08/04/2026 | H32: =IFERROR(VLOOKUP(M32:M93,'RELATÓRIO ACC'!B:F,5,FALSE),"NOT PUBLISHED") -> V6 | I32: =IFERROR(VLOOKUP(M32:M93,'RELATÓRIO ACC'!B:P,15,FALSE),"NOT PUBLISHED") -> 24/06/2026 | J32: V2 | K32: 45895 | L32: CPQ11-CIVL-ERTH-SITE-R22.rvt | M32: CPQ11-CIVL-ERTH-SITE-R24.rvt | N32: TRUE | O32: FALSE | P32: NOT FOUND | Q32: NOT FOUND | R32: REPROVED | S32: POSTED ISSUES | T32: APPROVED | U32: NO ISSUE | V32: PREVIOUSLY APPROVED | W32: NO ISSUE | X32: PREVIOUSLY APPROVED | Y32: NO ISSUE | Z32: PREVIOUSLY APPROVED | AA32: NO ISSUE | AB32: PREVIOUSLY APPROVED | AC32: NO ISSUE | AD32: PREVIOUSLY APPROVED | AE32: NO ISSUE | AF32: PREVIOUSLY APPROVED | AG32: NO ISSUE | AH32: PREVIOUSLY APPROVED | AI32: NO ISSUE | AJ32: PREVIOUSLY APPROVED | AK32: NO ISSUE | AL32: PREVIOUSLY APPROVED | AM32: NO ISSUE | AN32: PREVIOUSLY APPROVED | AO32: NO ISSUE | AP32: PREVIOUSLY APPROVED | AQ32: NO ISSUE | AR32: PREVIOUSLY APPROVED | AS32: NO ISSUE | AT32: PREVIOUSLY APPROVED | AU32: NO ISSUE | AV32: PREVIOUSLY APPROVED | AW32: NO ISSUE | AX32: PREVIOUSLY APPROVED | AY32: NO ISSUE | AZ32: PREVIOUSLY APPROVED | BA32: NO ISSUE | BB32: PREVIOUSLY APPROVED | BC32: NO ISSUE | BD32: PREVIOUSLY APPROVED | BE32: NO ISSUE | BF32: PREVIOUSLY APPROVED | BG32: NO ISSUE | BH32: PREVIOUSLY APPROVED | BI32: NO ISSUE | BJ32: PREVIOUSLY APPROVED | BK32: NO ISSUE | BL32: PREVIOUSLY APPROVED | BM32: NO ISSUE | BN32: PREVIOUSLY APPROVED | BO32: NO ISSUE | BP32: PREVIOUSLY APPROVED | BQ32: NO ISSUE | BR32: PREVIOUSLY APPROVED | BS32: NO ISSUE | BT32: PREVIOUSLY APPROVED | BU32: NO ISSUE | BV32: PREVIOUSLY APPROVED | BW32: NO ISSUE | BX32: PREVIOUSLY APPROVED | BY32: NO ISSUE | BZ32: PREVIOUSLY APPROVED | CA32: NO ISSUE | CB32: PREVIOUSLY APPROVED | CC32: NO ISSUE | CD32: PREVIOUSLY APPROVED | CE32: NO ISSUE | CF32: PREVIOUSLY APPROVED | CG32: NO ISSUE | CH32: PREVIOUSLY APPROVED | CI32: NO ISSUE | CJ32: PREVIOUSLY APPROVED | CK32: NO ISSUE | CL32: PREVIOUSLY APPROVED | CM32: =IF( OR(CL32="APPROVED", CL32="PREVIOUSLY APPROVED"), "APPROVED", "REPROVED" ) -> APPROVED | CP32: SEM ISSUE | CQ32: NA
A33: 21 | B33: GARCIA | D33: CADBIM | F33: =IFERROR(VLOOKUP(L33:L94,'R22 RELATÓRIO ACC'!B:F,5,FALSE),"NOT PUBLISHED") -> V20 | G33: =IFERROR(VLOOKUP(L33:L94,'R22 RELATÓRIO ACC'!B:P,15,FALSE),"NOT PUBLISHED") -> 06/05/2026 | H33: =IFERROR(VLOOKUP(M33:M94,'RELATÓRIO ACC'!B:F,5,FALSE),"NOT PUBLISHED") -> V4 | I33: =IFERROR(VLOOKUP(M33:M94,'RELATÓRIO ACC'!B:P,15,FALSE),"NOT PUBLISHED") -> 11/06/2026 | J33: V3 | K33: 45935 | L33: CPQ11-CIVL-DRNG-SITE-R22.rvt | M33: CPQ11-CIVL-DRNG-SITE-R24.rvt | N33: TRUE | O33: PEDING INFORMATION | P33: NOT FOUND | Q33: NOT FOUND | R33: NOT FOUND | S33: NO ISSUE | T33: NOT FOUND | U33: NO ISSUE | V33: REPROVED | W33: POSTED ISSUES | X33: OUTDATED | Y33: OUTDATED | Z33: APPROVED | AA33: NO ISSUE | AB33: PREVIOUSLY APPROVED | AC33: NO ISSUE | AD33: PREVIOUSLY APPROVED | AE33: NO ISSUE | AF33: PREVIOUSLY APPROVED | AG33: NO ISSUE | AH33: PREVIOUSLY APPROVED | AI33: NO ISSUE | AJ33: PREVIOUSLY APPROVED | AK33: NO ISSUE | AL33: PREVIOUSLY APPROVED | AM33: NO ISSUE | AN33: PREVIOUSLY APPROVED | AO33: NO ISSUE | AP33: PREVIOUSLY APPROVED | AQ33: NO ISSUE | AR33: PREVIOUSLY APPROVED | AS33: NO ISSUE | AT33: PREVIOUSLY APPROVED | AU33: NO ISSUE | AV33: PREVIOUSLY APPROVED | AW33: NO ISSUE | AX33: PREVIOUSLY APPROVED | AY33: NO ISSUE | AZ33: PREVIOUSLY APPROVED | BA33: NO ISSUE | BB33: PREVIOUSLY APPROVED | BC33: NO ISSUE | BD33: PREVIOUSLY APPROVED | BE33: NO ISSUE | BF33: PREVIOUSLY APPROVED | BG33: NO ISSUE | BH33: PREVIOUSLY APPROVED | BI33: NO ISSUE | BJ33: PREVIOUSLY APPROVED | BK33: NO ISSUE | BL33: PREVIOUSLY APPROVED | BM33: NO ISSUE | BN33: PREVIOUSLY APPROVED | BO33: NO ISSUE | BP33: PREVIOUSLY APPROVED | BQ33: NO ISSUE | BR33: PREVIOUSLY APPROVED | BS33: NO ISSUE | BT33: PREVIOUSLY APPROVED | BU33: NO ISSUE | BV33: PREVIOUSLY APPROVED | BW33: NO ISSUE | BX33: PREVIOUSLY APPROVED | BY33: NO ISSUE | BZ33: PREVIOUSLY APPROVED | CA33: NO ISSUE | CB33: PREVIOUSLY APPROVED | CC33: NO ISSUE | CD33: PREVIOUSLY APPROVED | CE33: NO ISSUE | CF33: PREVIOUSLY APPROVED | CG33: NO ISSUE | CH33: PREVIOUSLY APPROVED | CI33: NO ISSUE | CJ33: PREVIOUSLY APPROVED | CK33: NO ISSUE | CL33: PREVIOUSLY APPROVED | CM33: =IF( OR(CL33="APPROVED", CL33="PREVIOUSLY APPROVED"), "APPROVED", "REPROVED" ) -> APPROVED | CP33: SEM ISSUE | CQ33: SEM INTERAÇÃO
A34: 22 | B34: GARCIA | D34: CADBIM | F34: =IFERROR(VLOOKUP(L34:L95,'R22 RELATÓRIO ACC'!B:F,5,FALSE),"NOT PUBLISHED") -> V18 | G34: =IFERROR(VLOOKUP(L34:L95,'R22 RELATÓRIO ACC'!B:P,15,FALSE),"NOT PUBLISHED") -> 30/04/2026 | H34: =IFERROR(VLOOKUP(M34:M95,'RELATÓRIO ACC'!B:F,5,FALSE),"NOT PUBLISHED") -> V2 | I34: =IFERROR(VLOOKUP(M34:M95,'RELATÓRIO ACC'!B:P,15,FALSE),"NOT PUBLISHED") -> 20/05/2026 | J34: V1 | K34: 45914 | L34: CPQ11-CIVL-PAVM-SITE-R22.rvt | M34: CPQ11-CIVL-PAVM-SITE-R24.rvt | N34: TRUE | O34: PEDING INFORMATION | P34: NOT FOUND | Q34: NOT FOUND | R34: NOT FOUND | S34: NO ISSUE | T34: NOT FOUND | U34: NO ISSUE | V34: APPROVED | W34: IN PROGRESS | X34: PREVIOUSLY APPROVED | Y34: NO ISSUE | Z34: PREVIOUSLY APPROVED | AA34: NO ISSUE | AB34: PREVIOUSLY APPROVED | AC34: NO ISSUE | AD34: PREVIOUSLY APPROVED | AE34: NO ISSUE | AF34: PREVIOUSLY APPROVED | AG34: NO ISSUE | AH34: PREVIOUSLY APPROVED | AI34: NO ISSUE | AJ34: PREVIOUSLY APPROVED | AK34: NO ISSUE | AL34: PREVIOUSLY APPROVED | AM34: NO ISSUE | AN34: PREVIOUSLY APPROVED | AO34: NO ISSUE | AP34: PREVIOUSLY APPROVED | AQ34: NO ISSUE | AR34: PREVIOUSLY APPROVED | AS34: NO ISSUE | AT34: PREVIOUSLY APPROVED | AU34: NO ISSUE | AV34: PREVIOUSLY APPROVED | AW34: NO ISSUE | AX34: PREVIOUSLY APPROVED | AY34: NO ISSUE | AZ34: PREVIOUSLY APPROVED | BA34: NO ISSUE | BB34: PREVIOUSLY APPROVED | BC34: NO ISSUE | BD34: PREVIOUSLY APPROVED | BE34: NO ISSUE | BF34: PREVIOUSLY APPROVED | BG34: NO ISSUE | BH34: PREVIOUSLY APPROVED | BI34: NO ISSUE | BJ34: PREVIOUSLY APPROVED | BK34: NO ISSUE | BL34: PREVIOUSLY APPROVED | BM34: NO ISSUE | BN34: PREVIOUSLY APPROVED | BO34: NO ISSUE | BP34: PREVIOUSLY APPROVED | BQ34: NO ISSUE | BR34: PREVIOUSLY APPROVED | BS34: NO ISSUE | BT34: PREVIOUSLY APPROVED | BU34: NO ISSUE | BV34: PREVIOUSLY APPROVED | BW34: NO ISSUE | BX34: PREVIOUSLY APPROVED | BY34: NO ISSUE | BZ34: PREVIOUSLY APPROVED | CA34: NO ISSUE | CB34: PREVIOUSLY APPROVED | CC34: NO ISSUE | CD34: PREVIOUSLY APPROVED | CE34: NO ISSUE | CF34: PREVIOUSLY APPROVED | CG34: NO ISSUE | CH34: PREVIOUSLY APPROVED | CI34: NO ISSUE | CJ34: PREVIOUSLY APPROVED | CK34: NO ISSUE | CL34: PREVIOUSLY APPROVED | CM34: =IF( OR(CL34="APPROVED", CL34="PREVIOUSLY APPROVED"), "APPROVED", "REPROVED" ) -> APPROVED | CO34: FALSE
A35: 23 | B35: STEINER | D35: PMD | F35: =IFERROR(VLOOKUP(L35:L96,'R22 RELATÓRIO ACC'!B:F,5,FALSE),"NOT PUBLISHED") -> V11 | G35: =IFERROR(VLOOKUP(L35:L96,'R22 RELATÓRIO ACC'!B:P,15,FALSE),"NOT PUBLISHED") -> 21/03/2026 | H35: =IFERROR(VLOOKUP(M35:M96,'RELATÓRIO ACC'!B:F,5,FALSE),"NOT PUBLISHED") -> V1 | I35: =IFERROR(VLOOKUP(M35:M96,'RELATÓRIO ACC'!B:P,15,FALSE),"NOT PUBLISHED") -> 18/05/2026 | J35: V6 | K35: 45882 | L35: CPQ11-CIVL-LOCK-SITE-R22.rvt | M35: CPQ11-CIVL-LOCK-SITE-R24.rvt | N35: TRUE | O35: NON-RECIVED TABLE | P35: NOT FOUND | Q35: NOT FOUND | R35: REPROVED | S35: POSTED ISSUES | T35: APPROVED | U35: NO ISSUE | V35: PREVIOUSLY APPROVED | W35: NO ISSUE | X35: PREVIOUSLY APPROVED | Y35: NO ISSUE | Z35: PREVIOUSLY APPROVED | AA35: NO ISSUE | AB35: PREVIOUSLY APPROVED | AC35: NO ISSUE | AD35: PREVIOUSLY APPROVED | AE35: NO ISSUE | AF35: PREVIOUSLY APPROVED | AG35: NO ISSUE | AH35: PREVIOUSLY APPROVED | AI35: NO ISSUE | AJ35: PREVIOUSLY APPROVED | AK35: NO ISSUE | AL35: PREVIOUSLY APPROVED | AM35: NO ISSUE | AN35: PREVIOUSLY APPROVED | AO35: NO ISSUE | AP35: PREVIOUSLY APPROVED | AQ35: NO ISSUE | AR35: PREVIOUSLY APPROVED | AS35: NO ISSUE | AT35: PREVIOUSLY APPROVED | AU35: NO ISSUE | AV35: PREVIOUSLY APPROVED | AW35: NO ISSUE | AX35: PREVIOUSLY APPROVED | AY35: NO ISSUE | AZ35: PREVIOUSLY APPROVED | BA35: NO ISSUE | BB35: PREVIOUSLY APPROVED | BC35: NO ISSUE | BD35: PREVIOUSLY APPROVED | BE35: NO ISSUE | BF35: PREVIOUSLY APPROVED | BG35: NO ISSUE | BH35: PREVIOUSLY APPROVED | BI35: NO ISSUE | BJ35: PREVIOUSLY APPROVED | BK35: NO ISSUE | BL35: PREVIOUSLY APPROVED | BM35: NO ISSUE | BN35: PREVIOUSLY APPROVED | BO35: NO ISSUE | BP35: PREVIOUSLY APPROVED | BQ35: NO ISSUE | BR35: PREVIOUSLY APPROVED | BS35: NO ISSUE | BT35: PREVIOUSLY APPROVED | BU35: NO ISSUE | BV35: PREVIOUSLY APPROVED | BW35: NO ISSUE | BX35: PREVIOUSLY APPROVED | BY35: NO ISSUE | BZ35: PREVIOUSLY APPROVED | CA35: NO ISSUE | CB35: PREVIOUSLY APPROVED | CC35: NO ISSUE | CD35: PREVIOUSLY APPROVED | CE35: NO ISSUE | CF35: PREVIOUSLY APPROVED | CG35: NO ISSUE | CH35: PREVIOUSLY APPROVED | CI35: NO ISSUE | CJ35: PREVIOUSLY APPROVED | CK35: NO ISSUE | CL35: PREVIOUSLY APPROVED | CM35: =IF( OR(CL35="APPROVED", CL35="PREVIOUSLY APPROVED"), "APPROVED", "REPROVED" ) -> APPROVED | CO35: FALSE | CP35: SEM ISSUE | CQ35: SEM INTERAÇÃO
A36: 24 | B36: AUTOBRÁS | C36: AUTOBRÁS | D36: AUTOBRÁS | F36: =IFERROR(VLOOKUP(L36:L97,'R22 RELATÓRIO ACC'!B:F,5,FALSE),"NOT PUBLISHED") -> V15 | G36: =IFERROR(VLOOKUP(L36:L97,'R22 RELATÓRIO ACC'!B:P,15,FALSE),"NOT PUBLISHED") -> 15/04/2026 | H36: =IFERROR(VLOOKUP(M36:M97,'RELATÓRIO ACC'!B:F,5,FALSE),"NOT PUBLISHED") -> V2 | I36: =IFERROR(VLOOKUP(M36:M97,'RELATÓRIO ACC'!B:P,15,FALSE),"NOT PUBLISHED") -> 02/06/2026 | J36: V8 | K36: 45915 | L36: CPQ11-DALI-DEVS-DATA-R22.rvt | M36: CPQ11-DALI-DEVS-DATA-R24.rvt | N36: TRUE | O36: FALSE | P36: NOT FOUND | Q36: NOT FOUND | R36: REPROVED | S36: POSTED ISSUES | T36: REPROVED | U36: POSTED ISSUES | V36: APPROVED | W36: POSTED ISSUES | X36: PREVIOUSLY APPROVED | Y36: NO ISSUE | Z36: PREVIOUSLY APPROVED | AA36: NO ISSUE | AB36: PREVIOUSLY APPROVED | AC36: NO ISSUE | AD36: PREVIOUSLY APPROVED | AE36: NO ISSUE | AF36: PREVIOUSLY APPROVED | AG36: NO ISSUE | AH36: PREVIOUSLY APPROVED | AI36: NO ISSUE | AJ36: PREVIOUSLY APPROVED | AK36: NO ISSUE | AL36: PREVIOUSLY APPROVED | AM36: NO ISSUE | AN36: PREVIOUSLY APPROVED | AO36: NO ISSUE | AP36: PREVIOUSLY APPROVED | AQ36: NO ISSUE | AR36: PREVIOUSLY APPROVED | AS36: NO ISSUE | AT36: PREVIOUSLY APPROVED | AU36: NO ISSUE | AV36: PREVIOUSLY APPROVED | AW36: NO ISSUE | AX36: PREVIOUSLY APPROVED | AY36: NO ISSUE | AZ36: PREVIOUSLY APPROVED | BA36: NO ISSUE | BB36: PREVIOUSLY APPROVED | BC36: NO ISSUE | BD36: PREVIOUSLY APPROVED | BE36: NO ISSUE | BF36: PREVIOUSLY APPROVED | BG36: NO ISSUE | BH36: PREVIOUSLY APPROVED | BI36: NO ISSUE | BJ36: PREVIOUSLY APPROVED | BK36: NO ISSUE | BL36: PREVIOUSLY APPROVED | BM36: NO ISSUE | BN36: PREVIOUSLY APPROVED | BO36: NO ISSUE | BP36: PREVIOUSLY APPROVED | BQ36: NO ISSUE | BR36: PREVIOUSLY APPROVED | BS36: NO ISSUE | BT36: PREVIOUSLY APPROVED | BU36: NO ISSUE | BV36: PREVIOUSLY APPROVED | BW36: NO ISSUE | BX36: PREVIOUSLY APPROVED | BY36: NO ISSUE | BZ36: PREVIOUSLY APPROVED | CA36: NO ISSUE | CB36: PREVIOUSLY APPROVED | CC36: NO ISSUE | CD36: PREVIOUSLY APPROVED | CE36: NO ISSUE | CF36: PREVIOUSLY APPROVED | CG36: NO ISSUE | CH36: PREVIOUSLY APPROVED | CI36: NO ISSUE | CJ36: PREVIOUSLY APPROVED | CK36: NO ISSUE | CL36: PREVIOUSLY APPROVED | CM36: =IF( OR(CL36="APPROVED", CL36="PREVIOUSLY APPROVED"), "APPROVED", "REPROVED" ) -> APPROVED | CP36: ABERTO | CQ36: SEM INTERAÇÃO
A37: 25 | B37: IB TECH | C37: 1113 | D37: IB TECH | E37: 1113 | F37: =IFERROR(VLOOKUP(L37:L98,'R22 RELATÓRIO ACC'!B:F,5,FALSE),"NOT PUBLISHED") -> V28 | G37: =IFERROR(VLOOKUP(L37:L98,'R22 RELATÓRIO ACC'!B:P,15,FALSE),"NOT PUBLISHED") -> 16/04/2026 | H37: =IFERROR(VLOOKUP(M37:M98,'RELATÓRIO ACC'!B:F,5,FALSE),"NOT PUBLISHED") -> V4 | I37: =IFERROR(VLOOKUP(M37:M98,'RELATÓRIO ACC'!B:P,15,FALSE),"NOT PUBLISHED") -> 26/06/2026 | J37: V18 | K37: 45916 | L37: CPQ11-DASM-DEVS-DATA-R22.rvt | M37: CPQ11-DASM-DEVS-DATA-R24.rvt | N37: TRUE | O37: NON-RECIVED TABLE | P37: NOT FOUND | Q37: REPROVED | R37: REPROVED | S37: POSTED ISSUES | T37: REPROVED | U37: POSTED ISSUES | V37: APPROVED | W37: POSTED ISSUES | X37: PREVIOUSLY APPROVED | Y37: NO ISSUE | Z37: PREVIOUSLY APPROVED | AA37: NO ISSUE | AB37: PREVIOUSLY APPROVED | AC37: NO ISSUE | AD37: PREVIOUSLY APPROVED | AE37: NO ISSUE | AF37: PREVIOUSLY APPROVED | AG37: NO ISSUE | AH37: PREVIOUSLY APPROVED | AI37: NO ISSUE | AJ37: PREVIOUSLY APPROVED | AK37: NO ISSUE | AL37: PREVIOUSLY APPROVED | AM37: NO ISSUE | AN37: PREVIOUSLY APPROVED | AO37: NO ISSUE | AP37: PREVIOUSLY APPROVED | AQ37: NO ISSUE | AR37: PREVIOUSLY APPROVED | AS37: NO ISSUE | AT37: PREVIOUSLY APPROVED | AU37: NO ISSUE | AV37: PREVIOUSLY APPROVED | AW37: NO ISSUE | AX37: PREVIOUSLY APPROVED | AY37: NO ISSUE | AZ37: PREVIOUSLY APPROVED | BA37: NO ISSUE | BB37: PREVIOUSLY APPROVED | BC37: NO ISSUE | BD37: PREVIOUSLY APPROVED | BE37: NO ISSUE | BF37: PREVIOUSLY APPROVED | BG37: NO ISSUE | BH37: PREVIOUSLY APPROVED | BI37: NO ISSUE | BJ37: PREVIOUSLY APPROVED | BK37: NO ISSUE | BL37: PREVIOUSLY APPROVED | BM37: NO ISSUE | BN37: PREVIOUSLY APPROVED | BO37: NO ISSUE | BP37: PREVIOUSLY APPROVED | BQ37: NO ISSUE | BR37: PREVIOUSLY APPROVED | BS37: NO ISSUE | BT37: PREVIOUSLY APPROVED | BU37: NO ISSUE | BV37: PREVIOUSLY APPROVED | BW37: NO ISSUE | BX37: PREVIOUSLY APPROVED | BY37: NO ISSUE | BZ37: PREVIOUSLY APPROVED | CA37: NO ISSUE | CB37: PREVIOUSLY APPROVED | CC37: NO ISSUE | CD37: PREVIOUSLY APPROVED | CE37: NO ISSUE | CF37: PREVIOUSLY APPROVED | CG37: NO ISSUE | CH37: PREVIOUSLY APPROVED | CI37: NO ISSUE | CJ37: PREVIOUSLY APPROVED | CK37: NO ISSUE | CL37: PREVIOUSLY APPROVED | CM37: =IF( OR(CL37="APPROVED", CL37="PREVIOUSLY APPROVED"), "APPROVED", "REPROVED" ) -> APPROVED | CO37: FALSE | CP37: SEM ISSUE | CQ37: SEM INTERAÇÃO
A38: 29 | B38: BLACKBOX | C38: 1114 | D38: BLACKBOX | E38: 1114 | F38: =IFERROR(VLOOKUP(L38:L99,'R22 RELATÓRIO ACC'!B:F,5,FALSE),"NOT PUBLISHED") -> V11 | G38: =IFERROR(VLOOKUP(L38:L99,'R22 RELATÓRIO ACC'!B:P,15,FALSE),"NOT PUBLISHED") -> 03/02/2026 | H38: =IFERROR(VLOOKUP(M38:M99,'RELATÓRIO ACC'!B:F,5,FALSE),"NOT PUBLISHED") -> V1 | I38: =IFERROR(VLOOKUP(M38:M99,'RELATÓRIO ACC'!B:P,15,FALSE),"NOT PUBLISHED") -> 15/05/2026 | J38: V6 | K38: 45850 | L38: CPQ11-EPMS-DEVS-SITE-R22.rvt | M38: CPQ11-EPMS-DEVS-SITE-R24.rvt | N38: TRUE | O38: TRUE | P38: NOT FOUND | Q38: APPROVED | R38: APPROVED | S38: NO ISSUE | T38: APPROVED | U38: NO ISSUE | V38: PREVIOUSLY APPROVED | W38: NO ISSUE | X38: PREVIOUSLY APPROVED | Y38: NO ISSUE | Z38: PREVIOUSLY APPROVED | AA38: NO ISSUE | AB38: PREVIOUSLY APPROVED | AC38: NO ISSUE | AD38: PREVIOUSLY APPROVED | AE38: NO ISSUE | AF38: PREVIOUSLY APPROVED | AG38: NO ISSUE | AH38: PREVIOUSLY APPROVED | AI38: NO ISSUE | AJ38: PREVIOUSLY APPROVED | AK38: NO ISSUE | AL38: PREVIOUSLY APPROVED | AM38: NO ISSUE | AN38: PREVIOUSLY APPROVED | AO38: NO ISSUE | AP38: PREVIOUSLY APPROVED | AQ38: NO ISSUE | AR38: PREVIOUSLY APPROVED | AS38: NO ISSUE | AT38: PREVIOUSLY APPROVED | AU38: NO ISSUE | AV38: PREVIOUSLY APPROVED | AW38: NO ISSUE | AX38: PREVIOUSLY APPROVED | AY38: NO ISSUE | AZ38: PREVIOUSLY APPROVED | BA38: NO ISSUE | BB38: PREVIOUSLY APPROVED | BC38: NO ISSUE | BD38: PREVIOUSLY APPROVED | BE38: NO ISSUE | BF38: PREVIOUSLY APPROVED | BG38: NO ISSUE | BH38: PREVIOUSLY APPROVED | BI38: NO ISSUE | BJ38: PREVIOUSLY APPROVED | BK38: NO ISSUE | BL38: PREVIOUSLY APPROVED | BM38: NO ISSUE | BN38: PREVIOUSLY APPROVED | BO38: NO ISSUE | BP38: PREVIOUSLY APPROVED | BQ38: NO ISSUE | BR38: PREVIOUSLY APPROVED | BS38: NO ISSUE | BT38: PREVIOUSLY APPROVED | BU38: NO ISSUE | BV38: PREVIOUSLY APPROVED | BW38: NO ISSUE | BX38: PREVIOUSLY APPROVED | BY38: NO ISSUE | BZ38: PREVIOUSLY APPROVED | CA38: NO ISSUE | CB38: PREVIOUSLY APPROVED | CC38: NO ISSUE | CD38: PREVIOUSLY APPROVED | CE38: NO ISSUE | CF38: PREVIOUSLY APPROVED | CG38: NO ISSUE | CH38: PREVIOUSLY APPROVED | CI38: NO ISSUE | CJ38: PREVIOUSLY APPROVED | CK38: NO ISSUE | CL38: PREVIOUSLY APPROVED | CM38: =IF( OR(CL38="APPROVED", CL38="PREVIOUSLY APPROVED"), "APPROVED", "REPROVED" ) -> APPROVED | CP38: ABERTO | CQ38: NA
A39: 33 | B39: MENDES HOLLER | C39: 1112 | D39: MENDES HOLLER | E39: 1112 | F39: =IFERROR(VLOOKUP(L39:L100,'R22 RELATÓRIO ACC'!B:F,5,FALSE),"NOT PUBLISHED") -> V16 | G39: =IFERROR(VLOOKUP(L39:L100,'R22 RELATÓRIO ACC'!B:P,15,FALSE),"NOT PUBLISHED") -> 14/05/2026 | H39: =IFERROR(VLOOKUP(M39:M100,'RELATÓRIO ACC'!B:F,5,FALSE),"NOT PUBLISHED") -> V4 | I39: =IFERROR(VLOOKUP(M39:M100,'RELATÓRIO ACC'!B:P,15,FALSE),"NOT PUBLISHED") -> 13/07/2026 | J39: V6 | K39: 45918 | L39: CPQ11-FPRT-FPRT-SITE-R22.rvt | M39: CPQ11-FPRT-FPRT-SITE-R24.rvt | N39: TRUE | O39: NON-RECIVED TABLE | P39: NOT FOUND | Q39: REPROVED | R39: REPROVED | S39: POSTED ISSUES | T39: REPROVED | U39: POSTED ISSUES | V39: APPROVED | W39: NO ISSUE | X39: PREVIOUSLY APPROVED | Y39: NO ISSUE | Z39: PREVIOUSLY APPROVED | AA39: NO ISSUE | AB39: PREVIOUSLY APPROVED | AC39: NO ISSUE | AD39: PREVIOUSLY APPROVED | AE39: NO ISSUE | AF39: PREVIOUSLY APPROVED | AG39: NO ISSUE | AH39: PREVIOUSLY APPROVED | AI39: NO ISSUE | AJ39: PREVIOUSLY APPROVED | AK39: NO ISSUE | AL39: PREVIOUSLY APPROVED | AM39: NO ISSUE | AN39: PREVIOUSLY APPROVED | AO39: NO ISSUE | AP39: PREVIOUSLY APPROVED | AQ39: NO ISSUE | AR39: PREVIOUSLY APPROVED | AS39: NO ISSUE | AT39: PREVIOUSLY APPROVED | AU39: NO ISSUE | AV39: PREVIOUSLY APPROVED | AW39: NO ISSUE | AX39: PREVIOUSLY APPROVED | AY39: NO ISSUE | AZ39: PREVIOUSLY APPROVED | BA39: NO ISSUE | BB39: PREVIOUSLY APPROVED | BC39: NO ISSUE | BD39: PREVIOUSLY APPROVED | BE39: NO ISSUE | BF39: PREVIOUSLY APPROVED | BG39: NO ISSUE | BH39: PREVIOUSLY APPROVED | BI39: NO ISSUE | BJ39: PREVIOUSLY APPROVED | BK39: NO ISSUE | BL39: PREVIOUSLY APPROVED | BM39: NO ISSUE | BN39: PREVIOUSLY APPROVED | BO39: NO ISSUE | BP39: PREVIOUSLY APPROVED | BQ39: NO ISSUE | BR39: PREVIOUSLY APPROVED | BS39: NO ISSUE | BT39: PREVIOUSLY APPROVED | BU39: NO ISSUE | BV39: PREVIOUSLY APPROVED | BW39: NO ISSUE | BX39: PREVIOUSLY APPROVED | BY39: NO ISSUE | BZ39: PREVIOUSLY APPROVED | CA39: NO ISSUE | CB39: PREVIOUSLY APPROVED | CC39: NO ISSUE | CD39: PREVIOUSLY APPROVED | CE39: NO ISSUE | CF39: PREVIOUSLY APPROVED | CG39: NO ISSUE | CH39: PREVIOUSLY APPROVED | CI39: NO ISSUE | CJ39: PREVIOUSLY APPROVED | CK39: NO ISSUE | CL39: PREVIOUSLY APPROVED | CM39: =IF( OR(CL39="APPROVED", CL39="PREVIOUSLY APPROVED"), "APPROVED", "REPROVED" ) -> APPROVED | CP39: FECHADO | CQ39: NA
A40: 34 | B40: PETROTANQUE | C40: 1117 | D40: CADBIM | E40: 1128 | F40: =IFERROR(VLOOKUP(L40:L101,'R22 RELATÓRIO ACC'!B:F,5,FALSE),"NOT PUBLISHED") -> V16 | G40: =IFERROR(VLOOKUP(L40:L101,'R22 RELATÓRIO ACC'!B:P,15,FALSE),"NOT PUBLISHED") -> 06/03/2026 | H40: =IFERROR(VLOOKUP(M40:M101,'RELATÓRIO ACC'!B:F,5,FALSE),"NOT PUBLISHED") -> V5 | I40: =IFERROR(VLOOKUP(M40:M101,'RELATÓRIO ACC'!B:P,15,FALSE),"NOT PUBLISHED") -> 08/07/2026 | J40: V10 | K40: 45854 | L40: CPQ11-FPRT-METK-UTLS-R22.rvt | M40: CPQ11-FPRT-METK-UTLS-R24.rvt | N40: TRUE | O40: TRUE | P40: NOT FOUND | Q40: APPROVED | R40: APPROVED | S40: POSTED ISSUES | T40: APPROVED | U40: NO ISSUE | V40: PREVIOUSLY APPROVED | W40: NO ISSUE | X40: PREVIOUSLY APPROVED | Y40: NO ISSUE | Z40: PREVIOUSLY APPROVED | AA40: NO ISSUE | AB40: PREVIOUSLY APPROVED | AC40: NO ISSUE | AD40: PREVIOUSLY APPROVED | AE40: NO ISSUE | AF40: PREVIOUSLY APPROVED | AG40: NO ISSUE | AH40: PREVIOUSLY APPROVED | AI40: NO ISSUE | AJ40: PREVIOUSLY APPROVED | AK40: NO ISSUE | AL40: PREVIOUSLY APPROVED | AM40: NO ISSUE | AN40: PREVIOUSLY APPROVED | AO40: NO ISSUE | AP40: PREVIOUSLY APPROVED | AQ40: NO ISSUE | AR40: PREVIOUSLY APPROVED | AS40: NO ISSUE | AT40: PREVIOUSLY APPROVED | AU40: NO ISSUE | AV40: PREVIOUSLY APPROVED | AW40: NO ISSUE | AX40: PREVIOUSLY APPROVED | AY40: NO ISSUE | AZ40: PREVIOUSLY APPROVED | BA40: NO ISSUE | BB40: PREVIOUSLY APPROVED | BC40: NO ISSUE | BD40: PREVIOUSLY APPROVED | BE40: NO ISSUE | BF40: PREVIOUSLY APPROVED | BG40: NO ISSUE | BH40: PREVIOUSLY APPROVED | BI40: NO ISSUE | BJ40: PREVIOUSLY APPROVED | BK40: NO ISSUE | BL40: PREVIOUSLY APPROVED | BM40: NO ISSUE | BN40: PREVIOUSLY APPROVED | BO40: NO ISSUE | BP40: PREVIOUSLY APPROVED | BQ40: NO ISSUE | BR40: PREVIOUSLY APPROVED | BS40: NO ISSUE | BT40: PREVIOUSLY APPROVED | BU40: NO ISSUE | BV40: PREVIOUSLY APPROVED | BW40: NO ISSUE | BX40: PREVIOUSLY APPROVED | BY40: NO ISSUE | BZ40: PREVIOUSLY APPROVED | CA40: NO ISSUE | CB40: PREVIOUSLY APPROVED | CC40: NO ISSUE | CD40: PREVIOUSLY APPROVED | CE40: NO ISSUE | CF40: PREVIOUSLY APPROVED | CG40: NO ISSUE | CH40: PREVIOUSLY APPROVED | CI40: NO ISSUE | CJ40: PREVIOUSLY APPROVED | CK40: NO ISSUE | CL40: PREVIOUSLY APPROVED | CM40: =IF( OR(CL40="APPROVED", CL40="PREVIOUSLY APPROVED"), "APPROVED", "REPROVED" ) -> APPROVED | CP40: ABERTO | CQ40: SEM INTERAÇÃO
A41: 35 | B41: STARCENTER | C41: 1118 | D41: STARCENTER | E41: 1118 | F41: =IFERROR(VLOOKUP(L41:L102,'R22 RELATÓRIO ACC'!B:F,5,FALSE),"NOT PUBLISHED") -> V59 | G41: =IFERROR(VLOOKUP(L41:L102,'R22 RELATÓRIO ACC'!B:P,15,FALSE),"NOT PUBLISHED") -> 17/04/2026 | H41: =IFERROR(VLOOKUP(M41:M102,'RELATÓRIO ACC'!B:F,5,FALSE),"NOT PUBLISHED") -> V5 | I41: =IFERROR(VLOOKUP(M41:M102,'RELATÓRIO ACC'!B:P,15,FALSE),"NOT PUBLISHED") -> 06/07/2026 | J41: V45 | K41: 45931 | L41: CPQ11-MECH-MECH-DATA-R22.rvt | M41: CPQ11-MECH-MECH-DATA-R24.rvt | N41: TRUE | O41: TRUE | P41: NOT FOUND | Q41: REPROVED | R41: REPROVED | S41: POSTED ISSUES | T41: REPROVED | U41: POSTED ISSUES | V41: REPROVED | W41: POSTED ISSUES | X41: APPROVED | Y41: NO ISSUE | Z41: PREVIOUSLY APPROVED | AA41: NO ISSUE | AB41: PREVIOUSLY APPROVED | AC41: NO ISSUE | AD41: PREVIOUSLY APPROVED | AE41: NO ISSUE | AF41: PREVIOUSLY APPROVED | AG41: NO ISSUE | AH41: PREVIOUSLY APPROVED | AI41: NO ISSUE | AJ41: PREVIOUSLY APPROVED | AK41: NO ISSUE | AL41: PREVIOUSLY APPROVED | AM41: NO ISSUE | AN41: PREVIOUSLY APPROVED | AO41: NO ISSUE | AP41: PREVIOUSLY APPROVED | AQ41: NO ISSUE | AR41: PREVIOUSLY APPROVED | AS41: NO ISSUE | AT41: PREVIOUSLY APPROVED | AU41: NO ISSUE | AV41: PREVIOUSLY APPROVED | AW41: NO ISSUE | AX41: PREVIOUSLY APPROVED | AY41: NO ISSUE | AZ41: PREVIOUSLY APPROVED | BA41: NO ISSUE | BB41: PREVIOUSLY APPROVED | BC41: NO ISSUE | BD41: PREVIOUSLY APPROVED | BE41: NO ISSUE | BF41: PREVIOUSLY APPROVED | BG41: NO ISSUE | BH41: PREVIOUSLY APPROVED | BI41: NO ISSUE | BJ41: PREVIOUSLY APPROVED | BK41: NO ISSUE | BL41: PREVIOUSLY APPROVED | BM41: NO ISSUE | BN41: PREVIOUSLY APPROVED | BO41: NO ISSUE | BP41: PREVIOUSLY APPROVED | BQ41: NO ISSUE | BR41: PREVIOUSLY APPROVED | BS41: NO ISSUE | BT41: PREVIOUSLY APPROVED | BU41: NO ISSUE | BV41: PREVIOUSLY APPROVED | BW41: NO ISSUE | BX41: PREVIOUSLY APPROVED | BY41: NO ISSUE | BZ41: PREVIOUSLY APPROVED | CA41: NO ISSUE | CB41: PREVIOUSLY APPROVED | CC41: NO ISSUE | CD41: PREVIOUSLY APPROVED | CE41: NO ISSUE | CF41: PREVIOUSLY APPROVED | CG41: NO ISSUE | CH41: PREVIOUSLY APPROVED | CI41: NO ISSUE | CJ41: PREVIOUSLY APPROVED | CK41: NO ISSUE | CL41: PREVIOUSLY APPROVED | CM41: =IF( OR(CL41="APPROVED", CL41="PREVIOUSLY APPROVED"), "APPROVED", "REPROVED" ) -> APPROVED | CP41: ABERTO | CQ41: NA
A42: 36 | B42: STARCENTER | C42: 1118 | D42: STARCENTER | E42: 1118 | F42: =IFERROR(VLOOKUP(L42:L103,'R22 RELATÓRIO ACC'!B:F,5,FALSE),"NOT PUBLISHED") -> V23 | G42: =IFERROR(VLOOKUP(L42:L103,'R22 RELATÓRIO ACC'!B:P,15,FALSE),"NOT PUBLISHED") -> 16/04/2026 | H42: =IFERROR(VLOOKUP(M42:M103,'RELATÓRIO ACC'!B:F,5,FALSE),"NOT PUBLISHED") -> V1 | I42: =IFERROR(VLOOKUP(M42:M103,'RELATÓRIO ACC'!B:P,15,FALSE),"NOT PUBLISHED") -> 19/05/2026 | J42: V14 | K42: 45862 | L42: CPQ11-MECH-MECH-GUAR-R22.rvt | M42: CPQ11-MECH-MECH-GUAR-R24.rvt | N42: TRUE | O42: NON-RECIVED TABLE | P42: NOT FOUND | Q42: REPROVED | R42: REPROVED | S42: POSTED ISSUES | T42: APPROVED | U42: NO ISSUE | V42: PREVIOUSLY APPROVED | W42: NO ISSUE | X42: PREVIOUSLY APPROVED | Y42: NO ISSUE | Z42: PREVIOUSLY APPROVED | AA42: NO ISSUE | AB42: PREVIOUSLY APPROVED | AC42: NO ISSUE | AD42: PREVIOUSLY APPROVED | AE42: NO ISSUE | AF42: PREVIOUSLY APPROVED | AG42: NO ISSUE | AH42: PREVIOUSLY APPROVED | AI42: NO ISSUE | AJ42: PREVIOUSLY APPROVED | AK42: NO ISSUE | AL42: PREVIOUSLY APPROVED | AM42: NO ISSUE | AN42: PREVIOUSLY APPROVED | AO42: NO ISSUE | AP42: PREVIOUSLY APPROVED | AQ42: NO ISSUE | AR42: PREVIOUSLY APPROVED | AS42: NO ISSUE | AT42: PREVIOUSLY APPROVED | AU42: NO ISSUE | AV42: PREVIOUSLY APPROVED | AW42: NO ISSUE | AX42: PREVIOUSLY APPROVED | AY42: NO ISSUE | AZ42: PREVIOUSLY APPROVED | BA42: NO ISSUE | BB42: PREVIOUSLY APPROVED | BC42: NO ISSUE | BD42: PREVIOUSLY APPROVED | BE42: NO ISSUE | BF42: PREVIOUSLY APPROVED | BG42: NO ISSUE | BH42: PREVIOUSLY APPROVED | BI42: NO ISSUE | BJ42: PREVIOUSLY APPROVED | BK42: NO ISSUE | BL42: PREVIOUSLY APPROVED | BM42: NO ISSUE | BN42: PREVIOUSLY APPROVED | BO42: NO ISSUE | BP42: PREVIOUSLY APPROVED | BQ42: NO ISSUE | BR42: PREVIOUSLY APPROVED | BS42: NO ISSUE | BT42: PREVIOUSLY APPROVED | BU42: NO ISSUE | BV42: PREVIOUSLY APPROVED | BW42: NO ISSUE | BX42: PREVIOUSLY APPROVED | BY42: NO ISSUE | BZ42: PREVIOUSLY APPROVED | CA42: NO ISSUE | CB42: PREVIOUSLY APPROVED | CC42: NO ISSUE | CD42: PREVIOUSLY APPROVED | CE42: NO ISSUE | CF42: PREVIOUSLY APPROVED | CG42: NO ISSUE | CH42: PREVIOUSLY APPROVED | CI42: NO ISSUE | CJ42: PREVIOUSLY APPROVED | CK42: NO ISSUE | CL42: PREVIOUSLY APPROVED | CM42: =IF( OR(CL42="APPROVED", CL42="PREVIOUSLY APPROVED"), "APPROVED", "REPROVED" ) -> APPROVED | CP42: PENDENTE | CQ42: COMENTÁRIO
A43: 37 | B43: MENDES HOLLER | C43: 1112 | D43: MENDES HOLLER | E43: 1112 | F43: =IFERROR(VLOOKUP(L43:L104,'R22 RELATÓRIO ACC'!B:F,5,FALSE),"NOT PUBLISHED") -> V14 | G43: =IFERROR(VLOOKUP(L43:L104,'R22 RELATÓRIO ACC'!B:P,15,FALSE),"NOT PUBLISHED") -> 03/03/2026 | H43: =IFERROR(VLOOKUP(M43:M104,'RELATÓRIO ACC'!B:F,5,FALSE),"NOT PUBLISHED") -> V4 | I43: =IFERROR(VLOOKUP(M43:M104,'RELATÓRIO ACC'!B:P,15,FALSE),"NOT PUBLISHED") -> 13/07/2026 | J43: V7 | K43: 45911 | L43: CPQ11-PLMB-DIES-SITE-R22.rvt | M43: CPQ11-PLMB-DIES-SITE-R24.rvt | N43: TRUE | O43: NON-RECIVED TABLE | P43: NOT FOUND | Q43: REPROVED | R43: REPROVED | S43: POSTED ISSUES | T43: APPROVED | U43: NO ISSUE | V43: PREVIOUSLY APPROVED | W43: NO ISSUE | X43: PREVIOUSLY APPROVED | Y43: NO ISSUE | Z43: PREVIOUSLY APPROVED | AA43: NO ISSUE | AB43: PREVIOUSLY APPROVED | AC43: NO ISSUE | AD43: PREVIOUSLY APPROVED | AE43: NO ISSUE | AF43: PREVIOUSLY APPROVED | AG43: NO ISSUE | AH43: PREVIOUSLY APPROVED | AI43: NO ISSUE | AJ43: PREVIOUSLY APPROVED | AK43: NO ISSUE | AL43: PREVIOUSLY APPROVED | AM43: NO ISSUE | AN43: PREVIOUSLY APPROVED | AO43: NO ISSUE | AP43: PREVIOUSLY APPROVED | AQ43: NO ISSUE | AR43: PREVIOUSLY APPROVED | AS43: NO ISSUE | AT43: PREVIOUSLY APPROVED | AU43: NO ISSUE | AV43: PREVIOUSLY APPROVED | AW43: NO ISSUE | AX43: PREVIOUSLY APPROVED | AY43: NO ISSUE | AZ43: PREVIOUSLY APPROVED | BA43: NO ISSUE | BB43: PREVIOUSLY APPROVED | BC43: NO ISSUE | BD43: PREVIOUSLY APPROVED | BE43: NO ISSUE | BF43: PREVIOUSLY APPROVED | BG43: NO ISSUE | BH43: PREVIOUSLY APPROVED | BI43: NO ISSUE | BJ43: PREVIOUSLY APPROVED | BK43: NO ISSUE | BL43: PREVIOUSLY APPROVED | BM43: NO ISSUE | BN43: PREVIOUSLY APPROVED | BO43: NO ISSUE | BP43: PREVIOUSLY APPROVED | BQ43: NO ISSUE | BR43: PREVIOUSLY APPROVED | BS43: NO ISSUE | BT43: PREVIOUSLY APPROVED | BU43: NO ISSUE | BV43: PREVIOUSLY APPROVED | BW43: NO ISSUE | BX43: PREVIOUSLY APPROVED | BY43: NO ISSUE | BZ43: PREVIOUSLY APPROVED | CA43: NO ISSUE | CB43: PREVIOUSLY APPROVED | CC43: NO ISSUE | CD43: PREVIOUSLY APPROVED | CE43: NO ISSUE | CF43: PREVIOUSLY APPROVED | CG43: NO ISSUE | CH43: PREVIOUSLY APPROVED | CI43: NO ISSUE | CJ43: PREVIOUSLY APPROVED | CK43: NO ISSUE | CL43: PREVIOUSLY APPROVED | CM43: =IF( OR(CL43="APPROVED", CL43="PREVIOUSLY APPROVED"), "APPROVED", "REPROVED" ) -> APPROVED | CP43: SEM ISSUE | CQ43: NA
A44: 38 | B44: STARCENTER | C44: 1118 | D44: STARCENTER | E44: 1118 | F44: =IFERROR(VLOOKUP(L44:L105,'R22 RELATÓRIO ACC'!B:F,5,FALSE),"NOT PUBLISHED") -> V28 | G44: =IFERROR(VLOOKUP(L44:L105,'R22 RELATÓRIO ACC'!B:P,15,FALSE),"NOT PUBLISHED") -> 26/02/2026 | H44: =IFERROR(VLOOKUP(M44:M105,'RELATÓRIO ACC'!B:F,5,FALSE),"NOT PUBLISHED") -> V1 | I44: =IFERROR(VLOOKUP(M44:M105,'RELATÓRIO ACC'!B:P,15,FALSE),"NOT PUBLISHED") -> 19/05/2026 | J44: V21 | K44: 45860 | L44: CPQ11-PLMB-METK-UTLS-R22.rvt | M44: CPQ11-PLMB-METK-UTLS-R24.rvt | N44: TRUE | O44: TRUE | P44: NOT FOUND | Q44: APPROVED | R44: APPROVED | S44: NO ISSUE | T44: APPROVED | U44: NO ISSUE | V44: PREVIOUSLY APPROVED | W44: NO ISSUE | X44: PREVIOUSLY APPROVED | Y44: NO ISSUE | Z44: PREVIOUSLY APPROVED | AA44: NO ISSUE | AB44: PREVIOUSLY APPROVED | AC44: NO ISSUE | AD44: PREVIOUSLY APPROVED | AE44: NO ISSUE | AF44: PREVIOUSLY APPROVED | AG44: NO ISSUE | AH44: PREVIOUSLY APPROVED | AI44: NO ISSUE | AJ44: PREVIOUSLY APPROVED | AK44: NO ISSUE | AL44: PREVIOUSLY APPROVED | AM44: NO ISSUE | AN44: PREVIOUSLY APPROVED | AO44: NO ISSUE | AP44: PREVIOUSLY APPROVED | AQ44: NO ISSUE | AR44: PREVIOUSLY APPROVED | AS44: NO ISSUE | AT44: PREVIOUSLY APPROVED | AU44: NO ISSUE | AV44: PREVIOUSLY APPROVED | AW44: NO ISSUE | AX44: PREVIOUSLY APPROVED | AY44: NO ISSUE | AZ44: PREVIOUSLY APPROVED | BA44: NO ISSUE | BB44: PREVIOUSLY APPROVED | BC44: NO ISSUE | BD44: PREVIOUSLY APPROVED | BE44: NO ISSUE | BF44: PREVIOUSLY APPROVED | BG44: NO ISSUE | BH44: PREVIOUSLY APPROVED | BI44: NO ISSUE | BJ44: PREVIOUSLY APPROVED | BK44: NO ISSUE | BL44: PREVIOUSLY APPROVED | BM44: NO ISSUE | BN44: PREVIOUSLY APPROVED | BO44: NO ISSUE | BP44: PREVIOUSLY APPROVED | BQ44: NO ISSUE | BR44: PREVIOUSLY APPROVED | BS44: NO ISSUE | BT44: PREVIOUSLY APPROVED | BU44: NO ISSUE | BV44: PREVIOUSLY APPROVED | BW44: NO ISSUE | BX44: PREVIOUSLY APPROVED | BY44: NO ISSUE | BZ44: PREVIOUSLY APPROVED | CA44: NO ISSUE | CB44: PREVIOUSLY APPROVED | CC44: NO ISSUE | CD44: PREVIOUSLY APPROVED | CE44: NO ISSUE | CF44: PREVIOUSLY APPROVED | CG44: NO ISSUE | CH44: PREVIOUSLY APPROVED | CI44: NO ISSUE | CJ44: PREVIOUSLY APPROVED | CK44: NO ISSUE | CL44: PREVIOUSLY APPROVED | CM44: =IF( OR(CL44="APPROVED", CL44="PREVIOUSLY APPROVED"), "APPROVED", "REPROVED" ) -> APPROVED | CP44: ABERTO | CQ44: SEM INTERAÇÃO
A45: 39 | B45: STARCENTER | C45: 1118 | D45: STARCENTER | E45: 1118 | F45: =IFERROR(VLOOKUP(L45:L106,'R22 RELATÓRIO ACC'!B:F,5,FALSE),"NOT PUBLISHED") -> V39 | G45: =IFERROR(VLOOKUP(L45:L106,'R22 RELATÓRIO ACC'!B:P,15,FALSE),"NOT PUBLISHED") -> 30/04/2026 | H45: =IFERROR(VLOOKUP(M45:M106,'RELATÓRIO ACC'!B:F,5,FALSE),"NOT PUBLISHED") -> V3 | I45: =IFERROR(VLOOKUP(M45:M106,'RELATÓRIO ACC'!B:P,15,FALSE),"NOT PUBLISHED") -> 01/07/2026 | J45: V29 | K45: 45898 | L45: CPQ11-PLMB-NPWT-DATA-R22.rvt | M45: CPQ11-PLMB-NPWT-DATA-R24.rvt | N45: TRUE | O45: TRUE | P45: NOT FOUND | Q45: REPROVED | R45: REPROVED | S45: POSTED ISSUES | T45: APPROVED | U45: NO ISSUE | V45: PREVIOUSLY APPROVED | W45: NO ISSUE | X45: PREVIOUSLY APPROVED | Y45: NO ISSUE | Z45: PREVIOUSLY APPROVED | AA45: NO ISSUE | AB45: PREVIOUSLY APPROVED | AC45: NO ISSUE | AD45: PREVIOUSLY APPROVED | AE45: NO ISSUE | AF45: PREVIOUSLY APPROVED | AG45: NO ISSUE | AH45: PREVIOUSLY APPROVED | AI45: NO ISSUE | AJ45: PREVIOUSLY APPROVED | AK45: NO ISSUE | AL45: PREVIOUSLY APPROVED | AM45: NO ISSUE | AN45: PREVIOUSLY APPROVED | AO45: NO ISSUE | AP45: PREVIOUSLY APPROVED | AQ45: NO ISSUE | AR45: PREVIOUSLY APPROVED | AS45: NO ISSUE | AT45: PREVIOUSLY APPROVED | AU45: NO ISSUE | AV45: PREVIOUSLY APPROVED | AW45: NO ISSUE | AX45: PREVIOUSLY APPROVED | AY45: NO ISSUE | AZ45: PREVIOUSLY APPROVED | BA45: NO ISSUE | BB45: PREVIOUSLY APPROVED | BC45: NO ISSUE | BD45: PREVIOUSLY APPROVED | BE45: NO ISSUE | BF45: PREVIOUSLY APPROVED | BG45: NO ISSUE | BH45: PREVIOUSLY APPROVED | BI45: NO ISSUE | BJ45: PREVIOUSLY APPROVED | BK45: NO ISSUE | BL45: PREVIOUSLY APPROVED | BM45: NO ISSUE | BN45: PREVIOUSLY APPROVED | BO45: NO ISSUE | BP45: PREVIOUSLY APPROVED | BQ45: NO ISSUE | BR45: PREVIOUSLY APPROVED | BS45: NO ISSUE | BT45: PREVIOUSLY APPROVED | BU45: NO ISSUE | BV45: PREVIOUSLY APPROVED | BW45: NO ISSUE | BX45: PREVIOUSLY APPROVED | BY45: NO ISSUE | BZ45: PREVIOUSLY APPROVED | CA45: NO ISSUE | CB45: PREVIOUSLY APPROVED | CC45: NO ISSUE | CD45: PREVIOUSLY APPROVED | CE45: NO ISSUE | CF45: PREVIOUSLY APPROVED | CG45: NO ISSUE | CH45: PREVIOUSLY APPROVED | CI45: NO ISSUE | CJ45: PREVIOUSLY APPROVED | CK45: NO ISSUE | CL45: PREVIOUSLY APPROVED | CM45: =IF( OR(CL45="APPROVED", CL45="PREVIOUSLY APPROVED"), "APPROVED", "REPROVED" ) -> APPROVED | CP45: ABERTO | CQ45: COMENTÁRIO
A46: 40 | B46: STARCENTER | C46: 1118 | D46: STARCENTER | E46: 1118 | F46: =IFERROR(VLOOKUP(L46:L107,'R22 RELATÓRIO ACC'!B:F,5,FALSE),"NOT PUBLISHED") -> V46 | G46: =IFERROR(VLOOKUP(L46:L107,'R22 RELATÓRIO ACC'!B:P,15,FALSE),"NOT PUBLISHED") -> 24/04/2026 | H46: =IFERROR(VLOOKUP(M46:M107,'RELATÓRIO ACC'!B:F,5,FALSE),"NOT PUBLISHED") -> V2 | I46: =IFERROR(VLOOKUP(M46:M107,'RELATÓRIO ACC'!B:P,15,FALSE),"NOT PUBLISHED") -> 15/06/2026 | J46: V32 | K46: 45916 | L46: CPQ11-PLMB-NPWT-SITE-R22.rvt | M46: CPQ11-PLMB-NPWT-SITE-R24.rvt | N46: TRUE | O46: TRUE | P46: NOT FOUND | Q46: REPROVED | R46: REPROVED | S46: POSTED ISSUES | T46: REPROVED | U46: POSTED ISSUES | V46: APPROVED | W46: POSTED ISSUES | X46: PREVIOUSLY APPROVED | Y46: NO ISSUE | Z46: PREVIOUSLY APPROVED | AA46: NO ISSUE | AB46: PREVIOUSLY APPROVED | AC46: NO ISSUE | AD46: PREVIOUSLY APPROVED | AE46: NO ISSUE | AF46: PREVIOUSLY APPROVED | AG46: NO ISSUE | AH46: PREVIOUSLY APPROVED | AI46: NO ISSUE | AJ46: PREVIOUSLY APPROVED | AK46: NO ISSUE | AL46: PREVIOUSLY APPROVED | AM46: NO ISSUE | AN46: PREVIOUSLY APPROVED | AO46: NO ISSUE | AP46: PREVIOUSLY APPROVED | AQ46: NO ISSUE | AR46: PREVIOUSLY APPROVED | AS46: NO ISSUE | AT46: PREVIOUSLY APPROVED | AU46: NO ISSUE | AV46: PREVIOUSLY APPROVED | AW46: NO ISSUE | AX46: PREVIOUSLY APPROVED | AY46: NO ISSUE | AZ46: PREVIOUSLY APPROVED | BA46: NO ISSUE | BB46: PREVIOUSLY APPROVED | BC46: NO ISSUE | BD46: PREVIOUSLY APPROVED | BE46: NO ISSUE | BF46: PREVIOUSLY APPROVED | BG46: NO ISSUE | BH46: PREVIOUSLY APPROVED | BI46: NO ISSUE | BJ46: PREVIOUSLY APPROVED | BK46: NO ISSUE | BL46: PREVIOUSLY APPROVED | BM46: NO ISSUE | BN46: PREVIOUSLY APPROVED | BO46: NO ISSUE | BP46: PREVIOUSLY APPROVED | BQ46: NO ISSUE | BR46: PREVIOUSLY APPROVED | BS46: NO ISSUE | BT46: PREVIOUSLY APPROVED | BU46: NO ISSUE | BV46: PREVIOUSLY APPROVED | BW46: NO ISSUE | BX46: PREVIOUSLY APPROVED | BY46: NO ISSUE | BZ46: PREVIOUSLY APPROVED | CA46: NO ISSUE | CB46: PREVIOUSLY APPROVED | CC46: NO ISSUE | CD46: PREVIOUSLY APPROVED | CE46: NO ISSUE | CF46: PREVIOUSLY APPROVED | CG46: NO ISSUE | CH46: PREVIOUSLY APPROVED | CI46: NO ISSUE | CJ46: PREVIOUSLY APPROVED | CK46: NO ISSUE | CL46: PREVIOUSLY APPROVED | CM46: =IF( OR(CL46="APPROVED", CL46="PREVIOUSLY APPROVED"), "APPROVED", "REPROVED" ) -> APPROVED | CP46: SEM ISSUE | CQ46: NA
A47: 42 | B47: MENDES HOLLER | D47: PGMAK | E47: 1129 | F47: =IFERROR(VLOOKUP(L47:L108,'R22 RELATÓRIO ACC'!B:F,5,FALSE),"NOT PUBLISHED") -> V27 | G47: =IFERROR(VLOOKUP(L47:L108,'R22 RELATÓRIO ACC'!B:P,15,FALSE),"NOT PUBLISHED") -> 08/04/2026 | H47: =IFERROR(VLOOKUP(M47:M108,'RELATÓRIO ACC'!B:F,5,FALSE),"NOT PUBLISHED") -> V2 | I47: =IFERROR(VLOOKUP(M47:M108,'RELATÓRIO ACC'!B:P,15,FALSE),"NOT PUBLISHED") -> 23/06/2026 | J47: V26 | K47: 46105 | L47: CPQ11-PLMB-PLMB-SITE-R22.rvt | M47: CPQ11-PLMB-PLMB-SITE-R24.rvt | N47: TRUE | O47: TRUE | P47: NOT FOUND | Q47: REPROVED | R47: REPROVED | S47: POSTED ISSUES | T47: REPROVED | U47: POSTED ISSUES | V47: OUTDATED | W47: OUTDATED | X47: OUTDATED | Y47: OUTDATED | Z47: REPROVED | AA47: POSTED ISSUES | AB47: REPROVED | AC47: POSTED ISSUES | AD47: REPROVED | AE47: POSTED ISSUES | AF47: OUTDATED | AG47: OUTDATED | AH47: NEXT ROUND | AI47: NEXT ROUND | AJ47: REPROVED | AK47: POSTED ISSUE | AL47: REPROVED | AM47: POSTED ISSUE | AN47: REPROVED | AO47: POSTED ISSUE | AP47: REPROVED | AQ47: POSTED ISSUE | AR47: OUTDATED | AS47: OUTDATED | AT47: REPROVED | AU47: POSTED ISSUE | AV47: REPROVED | AW47: POSTED ISSUE | AX47: OUTDATED | AY47: OUTDATED | AZ47: REPROVED | BA47: POSTED ISSUE | BB47: OUTDATED | BC47: OUTDATED | BD47: OUTDATED | BE47: OUTDATED | BF47: NEXT ROUND | BG47: NEXT ROUND | BH47: APPROVED | BI47: NO ISSUE | BJ47: PREVIOUSLY APPROVED | BK47: NO ISSUE | BL47: PREVIOUSLY APPROVED | BM47: NO ISSUE | BN47: PREVIOUSLY APPROVED | BO47: NO ISSUE | BP47: PREVIOUSLY APPROVED | BQ47: NO ISSUE | BR47: PREVIOUSLY APPROVED | BS47: NO ISSUE | BT47: PREVIOUSLY APPROVED | BU47: NO ISSUE | BV47: PREVIOUSLY APPROVED | BW47: NO ISSUE | BX47: PREVIOUSLY APPROVED | BY47: NO ISSUE | BZ47: PREVIOUSLY APPROVED | CA47: NO ISSUE | CB47: PREVIOUSLY APPROVED | CC47: NO ISSUE | CD47: PREVIOUSLY APPROVED | CE47: NO ISSUE | CF47: PREVIOUSLY APPROVED | CG47: NO ISSUE | CH47: PREVIOUSLY APPROVED | CI47: NO ISSUE | CJ47: PREVIOUSLY APPROVED | CK47: NO ISSUE | CL47: PREVIOUSLY APPROVED | CM47: =IF( OR(CL47="APPROVED", CL47="PREVIOUSLY APPROVED"), "APPROVED", "REPROVED" ) -> APPROVED | CP47: PENDENTE | CQ47: COMENTÁRIO
A48: 43 | B48: IB TECH | C48: 1113 | D48: IB TECH | E48: 1113 | F48: =IFERROR(VLOOKUP(L48:L109,'R22 RELATÓRIO ACC'!B:F,5,FALSE),"NOT PUBLISHED") -> V36 | G48: =IFERROR(VLOOKUP(L48:L109,'R22 RELATÓRIO ACC'!B:P,15,FALSE),"NOT PUBLISHED") -> 08/05/2026 | H48: =IFERROR(VLOOKUP(M48:M109,'RELATÓRIO ACC'!B:F,5,FALSE),"NOT PUBLISHED") -> V2 | I48: =IFERROR(VLOOKUP(M48:M109,'RELATÓRIO ACC'!B:P,15,FALSE),"NOT PUBLISHED") -> 03/06/2026 | J48: V21 | K48: 45916 | L48: CPQ11-ROIP-DEVS-DATA-R22.rvt | M48: CPQ11-ROIP-DEVS-DATA-R24.rvt | N48: TRUE | O48: PEDING INFORMATION | P48: NOT FOUND | Q48: REPROVED | R48: REPROVED | S48: POSTED ISSUES | T48: REPROVED | U48: POSTED ISSUES | V48: APPROVED | W48: NO ISSUE | X48: PREVIOUSLY APPROVED | Y48: NO ISSUE | Z48: PREVIOUSLY APPROVED | AA48: NO ISSUE | AB48: PREVIOUSLY APPROVED | AC48: NO ISSUE | AD48: PREVIOUSLY APPROVED | AE48: NO ISSUE | AF48: PREVIOUSLY APPROVED | AG48: NO ISSUE | AH48: PREVIOUSLY APPROVED | AI48: NO ISSUE | AJ48: PREVIOUSLY APPROVED | AK48: NO ISSUE | AL48: PREVIOUSLY APPROVED | AM48: NO ISSUE | AN48: PREVIOUSLY APPROVED | AO48: NO ISSUE | AP48: PREVIOUSLY APPROVED | AQ48: NO ISSUE | AR48: PREVIOUSLY APPROVED | AS48: NO ISSUE | AT48: PREVIOUSLY APPROVED | AU48: NO ISSUE | AV48: PREVIOUSLY APPROVED | AW48: NO ISSUE | AX48: PREVIOUSLY APPROVED | AY48: NO ISSUE | AZ48: PREVIOUSLY APPROVED | BA48: NO ISSUE | BB48: PREVIOUSLY APPROVED | BC48: NO ISSUE | BD48: PREVIOUSLY APPROVED | BE48: NO ISSUE | BF48: PREVIOUSLY APPROVED | BG48: NO ISSUE | BH48: PREVIOUSLY APPROVED | BI48: NO ISSUE | BJ48: PREVIOUSLY APPROVED | BK48: NO ISSUE | BL48: PREVIOUSLY APPROVED | BM48: NO ISSUE | BN48: PREVIOUSLY APPROVED | BO48: NO ISSUE | BP48: PREVIOUSLY APPROVED | BQ48: NO ISSUE | BR48: PREVIOUSLY APPROVED | BS48: NO ISSUE | BT48: PREVIOUSLY APPROVED | BU48: NO ISSUE | BV48: PREVIOUSLY APPROVED | BW48: NO ISSUE | BX48: PREVIOUSLY APPROVED | BY48: NO ISSUE | BZ48: PREVIOUSLY APPROVED | CA48: NO ISSUE | CB48: PREVIOUSLY APPROVED | CC48: NO ISSUE | CD48: PREVIOUSLY APPROVED | CE48: NO ISSUE | CF48: PREVIOUSLY APPROVED | CG48: NO ISSUE | CH48: PREVIOUSLY APPROVED | CI48: NO ISSUE | CJ48: PREVIOUSLY APPROVED | CK48: NO ISSUE | CL48: PREVIOUSLY APPROVED | CM48: =IF( OR(CL48="APPROVED", CL48="PREVIOUSLY APPROVED"), "APPROVED", "REPROVED" ) -> APPROVED | CP48: SEM ISSUE | CQ48: NA
A49: 44 | B49: IB TECH | C49: 1113 | D49: IB TECH | F49: =IFERROR(VLOOKUP(L49:L110,'R22 RELATÓRIO ACC'!B:F,5,FALSE),"NOT PUBLISHED") -> V12 | G49: =IFERROR(VLOOKUP(L49:L110,'R22 RELATÓRIO ACC'!B:P,15,FALSE),"NOT PUBLISHED") -> 13/05/2026 | H49: =IFERROR(VLOOKUP(M49:M110,'RELATÓRIO ACC'!B:F,5,FALSE),"NOT PUBLISHED") -> V2 | I49: =IFERROR(VLOOKUP(M49:M110,'RELATÓRIO ACC'!B:P,15,FALSE),"NOT PUBLISHED") -> 01/06/2026 | J49: V6 | K49: 45876 | L49: CPQ11-ROIP-DEVS-GUAR-R22.rvt | M49: CPQ11-ROIP-DEVS-GUAR-R24.rvt | N49: TRUE | O49: TRUE | P49: NOT FOUND | Q49: NOT FOUND | R49: APPROVED | S49: NO ISSUE | T49: APPROVED | U49: NO ISSUE | V49: PREVIOUSLY APPROVED | W49: NO ISSUE | X49: PREVIOUSLY APPROVED | Y49: NO ISSUE | Z49: PREVIOUSLY APPROVED | AA49: NO ISSUE | AB49: PREVIOUSLY APPROVED | AC49: NO ISSUE | AD49: PREVIOUSLY APPROVED | AE49: NO ISSUE | AF49: PREVIOUSLY APPROVED | AG49: NO ISSUE | AH49: PREVIOUSLY APPROVED | AI49: NO ISSUE | AJ49: PREVIOUSLY APPROVED | AK49: NO ISSUE | AL49: PREVIOUSLY APPROVED | AM49: NO ISSUE | AN49: PREVIOUSLY APPROVED | AO49: NO ISSUE | AP49: PREVIOUSLY APPROVED | AQ49: NO ISSUE | AR49: PREVIOUSLY APPROVED | AS49: NO ISSUE | AT49: PREVIOUSLY APPROVED | AU49: NO ISSUE | AV49: PREVIOUSLY APPROVED | AW49: NO ISSUE | AX49: PREVIOUSLY APPROVED | AY49: NO ISSUE | AZ49: PREVIOUSLY APPROVED | BA49: NO ISSUE | BB49: PREVIOUSLY APPROVED | BC49: NO ISSUE | BD49: PREVIOUSLY APPROVED | BE49: NO ISSUE | BF49: PREVIOUSLY APPROVED | BG49: NO ISSUE | BH49: PREVIOUSLY APPROVED | BI49: NO ISSUE | BJ49: PREVIOUSLY APPROVED | BK49: NO ISSUE | BL49: PREVIOUSLY APPROVED | BM49: NO ISSUE | BN49: PREVIOUSLY APPROVED | BO49: NO ISSUE | BP49: PREVIOUSLY APPROVED | BQ49: NO ISSUE | BR49: PREVIOUSLY APPROVED | BS49: NO ISSUE | BT49: PREVIOUSLY APPROVED | BU49: NO ISSUE | BV49: PREVIOUSLY APPROVED | BW49: NO ISSUE | BX49: PREVIOUSLY APPROVED | BY49: NO ISSUE | BZ49: PREVIOUSLY APPROVED | CA49: NO ISSUE | CB49: PREVIOUSLY APPROVED | CC49: NO ISSUE | CD49: PREVIOUSLY APPROVED | CE49: NO ISSUE | CF49: PREVIOUSLY APPROVED | CG49: NO ISSUE | CH49: PREVIOUSLY APPROVED | CI49: NO ISSUE | CJ49: PREVIOUSLY APPROVED | CK49: NO ISSUE | CL49: PREVIOUSLY APPROVED | CM49: =IF( OR(CL49="APPROVED", CL49="PREVIOUSLY APPROVED"), "APPROVED", "REPROVED" ) -> APPROVED | CP49: SEM ISSUE | CQ49: NA
A50: 45 | B50: SEGURPRO | C50: 1115 | D50: SEGURPRO | E50: 1115 | F50: =IFERROR(VLOOKUP(L50:L111,'R22 RELATÓRIO ACC'!B:F,5,FALSE),"NOT PUBLISHED") -> V40 | G50: =IFERROR(VLOOKUP(L50:L111,'R22 RELATÓRIO ACC'!B:P,15,FALSE),"NOT PUBLISHED") -> 06/05/2026 | H50: =IFERROR(VLOOKUP(M50:M111,'RELATÓRIO ACC'!B:F,5,FALSE),"NOT PUBLISHED") -> V3 | I50: =IFERROR(VLOOKUP(M50:M111,'RELATÓRIO ACC'!B:P,15,FALSE),"NOT PUBLISHED") -> 13/07/2026 | J50: V23 | K50: 45888 | L50: CPQ11-SCTY-DEVS-DATA-R22.rvt | M50: CPQ11-SCTY-DEVS-DATA-R24.rvt | N50: TRUE | O50: TRUE | P50: NOT FOUND | Q50: REPROVED | R50: REPROVED | S50: POSTED ISSUES | T50: APPROVED | U50: NO ISSUE | V50: PREVIOUSLY APPROVED | W50: NO ISSUE | X50: PREVIOUSLY APPROVED | Y50: NO ISSUE | Z50: PREVIOUSLY APPROVED | AA50: NO ISSUE | AB50: PREVIOUSLY APPROVED | AC50: NO ISSUE | AD50: PREVIOUSLY APPROVED | AE50: NO ISSUE | AF50: PREVIOUSLY APPROVED | AG50: NO ISSUE | AH50: PREVIOUSLY APPROVED | AI50: NO ISSUE | AJ50: PREVIOUSLY APPROVED | AK50: NO ISSUE | AL50: PREVIOUSLY APPROVED | AM50: NO ISSUE | AN50: PREVIOUSLY APPROVED | AO50: NO ISSUE | AP50: PREVIOUSLY APPROVED | AQ50: NO ISSUE | AR50: PREVIOUSLY APPROVED | AS50: NO ISSUE | AT50: PREVIOUSLY APPROVED | AU50: NO ISSUE | AV50: PREVIOUSLY APPROVED | AW50: NO ISSUE | AX50: PREVIOUSLY APPROVED | AY50: NO ISSUE | AZ50: PREVIOUSLY APPROVED | BA50: NO ISSUE | BB50: PREVIOUSLY APPROVED | BC50: NO ISSUE | BD50: PREVIOUSLY APPROVED | BE50: NO ISSUE | BF50: PREVIOUSLY APPROVED | BG50: NO ISSUE | BH50: PREVIOUSLY APPROVED | BI50: NO ISSUE | BJ50: PREVIOUSLY APPROVED | BK50: NO ISSUE | BL50: PREVIOUSLY APPROVED | BM50: NO ISSUE | BN50: PREVIOUSLY APPROVED | BO50: NO ISSUE | BP50: PREVIOUSLY APPROVED | BQ50: NO ISSUE | BR50: PREVIOUSLY APPROVED | BS50: NO ISSUE | BT50: PREVIOUSLY APPROVED | BU50: NO ISSUE | BV50: PREVIOUSLY APPROVED | BW50: NO ISSUE | BX50: PREVIOUSLY APPROVED | BY50: NO ISSUE | BZ50: PREVIOUSLY APPROVED | CA50: NO ISSUE | CB50: PREVIOUSLY APPROVED | CC50: NO ISSUE | CD50: PREVIOUSLY APPROVED | CE50: NO ISSUE | CF50: PREVIOUSLY APPROVED | CG50: NO ISSUE | CH50: PREVIOUSLY APPROVED | CI50: NO ISSUE | CJ50: PREVIOUSLY APPROVED | CK50: NO ISSUE | CL50: PREVIOUSLY APPROVED | CM50: =IF( OR(CL50="APPROVED", CL50="PREVIOUSLY APPROVED"), "APPROVED", "REPROVED" ) -> APPROVED | CP50: SEM ISSUE | CQ50: NA
A51: 46 | B51: SEGURPRO | C51: 1115 | D51: SEGURPRO | E51: 1115 | F51: =IFERROR(VLOOKUP(L51:L112,'R22 RELATÓRIO ACC'!B:F,5,FALSE),"NOT PUBLISHED") -> V37 | G51: =IFERROR(VLOOKUP(L51:L112,'R22 RELATÓRIO ACC'!B:P,15,FALSE),"NOT PUBLISHED") -> 10/04/2026 | H51: =IFERROR(VLOOKUP(M51:M112,'RELATÓRIO ACC'!B:F,5,FALSE),"NOT PUBLISHED") -> V1 | I51: =IFERROR(VLOOKUP(M51:M112,'RELATÓRIO ACC'!B:P,15,FALSE),"NOT PUBLISHED") -> 20/05/2026 | J51: V20 | K51: 45860 | L51: CPQ11-SCTY-DEVS-SITE-R22.rvt | M51: CPQ11-SCTY-DEVS-SITE-R24.rvt | N51: TRUE | O51: PEDING INFORMATION | P51: NOT FOUND | Q51: REPROVED | R51: REPROVED | S51: POSTED ISSUES | T51: APPROVED | U51: NO ISSUE | V51: PREVIOUSLY APPROVED | W51: NO ISSUE | X51: PREVIOUSLY APPROVED | Y51: NO ISSUE | Z51: PREVIOUSLY APPROVED | AA51: NO ISSUE | AB51: PREVIOUSLY APPROVED | AC51: NO ISSUE | AD51: PREVIOUSLY APPROVED | AE51: NO ISSUE | AF51: PREVIOUSLY APPROVED | AG51: NO ISSUE | AH51: PREVIOUSLY APPROVED | AI51: NO ISSUE | AJ51: PREVIOUSLY APPROVED | AK51: NO ISSUE | AL51: PREVIOUSLY APPROVED | AM51: NO ISSUE | AN51: PREVIOUSLY APPROVED | AO51: NO ISSUE | AP51: PREVIOUSLY APPROVED | AQ51: NO ISSUE | AR51: PREVIOUSLY APPROVED | AS51: NO ISSUE | AT51: PREVIOUSLY APPROVED | AU51: NO ISSUE | AV51: PREVIOUSLY APPROVED | AW51: NO ISSUE | AX51: PREVIOUSLY APPROVED | AY51: NO ISSUE | AZ51: PREVIOUSLY APPROVED | BA51: NO ISSUE | BB51: PREVIOUSLY APPROVED | BC51: NO ISSUE | BD51: PREVIOUSLY APPROVED | BE51: NO ISSUE | BF51: PREVIOUSLY APPROVED | BG51: NO ISSUE | BH51: PREVIOUSLY APPROVED | BI51: NO ISSUE | BJ51: PREVIOUSLY APPROVED | BK51: NO ISSUE | BL51: PREVIOUSLY APPROVED | BM51: NO ISSUE | BN51: PREVIOUSLY APPROVED | BO51: NO ISSUE | BP51: PREVIOUSLY APPROVED | BQ51: NO ISSUE | BR51: PREVIOUSLY APPROVED | BS51: NO ISSUE | BT51: PREVIOUSLY APPROVED | BU51: NO ISSUE | BV51: PREVIOUSLY APPROVED | BW51: NO ISSUE | BX51: PREVIOUSLY APPROVED | BY51: NO ISSUE | BZ51: PREVIOUSLY APPROVED | CA51: NO ISSUE | CB51: PREVIOUSLY APPROVED | CC51: NO ISSUE | CD51: PREVIOUSLY APPROVED | CE51: NO ISSUE | CF51: PREVIOUSLY APPROVED | CG51: NO ISSUE | CH51: PREVIOUSLY APPROVED | CI51: NO ISSUE | CJ51: PREVIOUSLY APPROVED | CK51: NO ISSUE | CL51: PREVIOUSLY APPROVED | CM51: =IF( OR(CL51="APPROVED", CL51="PREVIOUSLY APPROVED"), "APPROVED", "REPROVED" ) -> APPROVED | CO51: FALSE
A52: 47 | B52: MENDES HOLLER | D52: PGMAK | E52: 1129 | F52: =IFERROR(VLOOKUP(L52:L113,'R22 RELATÓRIO ACC'!B:F,5,FALSE),"NOT PUBLISHED") -> V39 | G52: =IFERROR(VLOOKUP(L52:L113,'R22 RELATÓRIO ACC'!B:P,15,FALSE),"NOT PUBLISHED") -> 19/03/2026 | H52: =IFERROR(VLOOKUP(M52:M113,'RELATÓRIO ACC'!B:F,5,FALSE),"NOT PUBLISHED") -> V5 | I52: =IFERROR(VLOOKUP(M52:M113,'RELATÓRIO ACC'!B:P,15,FALSE),"NOT PUBLISHED") -> 10/07/2026 | J52: V28 | K52: 45911 | L52: CPQ11-SCTY-INFR-DATA-R22.rvt | M52: CPQ11-SCTY-INFR-DATA-R24.rvt | N52: TRUE | O52: TRUE | P52: NOT FOUND | Q52: REPROVED | R52: REPROVED | S52: POSTED ISSUES | T52: APPROVED | U52: NO ISSUE | V52: PREVIOUSLY APPROVED | W52: NO ISSUE | X52: PREVIOUSLY APPROVED | Y52: NO ISSUE | Z52: PREVIOUSLY APPROVED | AA52: NO ISSUE | AB52: PREVIOUSLY APPROVED | AC52: NO ISSUE | AD52: PREVIOUSLY APPROVED | AE52: NO ISSUE | AF52: PREVIOUSLY APPROVED | AG52: NO ISSUE | AH52: PREVIOUSLY APPROVED | AI52: NO ISSUE | AJ52: PREVIOUSLY APPROVED | AK52: NO ISSUE | AL52: PREVIOUSLY APPROVED | AM52: NO ISSUE | AN52: PREVIOUSLY APPROVED | AO52: NO ISSUE | AP52: PREVIOUSLY APPROVED | AQ52: NO ISSUE | AR52: PREVIOUSLY APPROVED | AS52: NO ISSUE | AT52: PREVIOUSLY APPROVED | AU52: NO ISSUE | AV52: PREVIOUSLY APPROVED | AW52: NO ISSUE | AX52: PREVIOUSLY APPROVED | AY52: NO ISSUE | AZ52: PREVIOUSLY APPROVED | BA52: NO ISSUE | BB52: PREVIOUSLY APPROVED | BC52: NO ISSUE | BD52: PREVIOUSLY APPROVED | BE52: NO ISSUE | BF52: PREVIOUSLY APPROVED | BG52: NO ISSUE | BH52: PREVIOUSLY APPROVED | BI52: NO ISSUE | BJ52: PREVIOUSLY APPROVED | BK52: NO ISSUE | BL52: PREVIOUSLY APPROVED | BM52: NO ISSUE | BN52: PREVIOUSLY APPROVED | BO52: NO ISSUE | BP52: PREVIOUSLY APPROVED | BQ52: NO ISSUE | BR52: PREVIOUSLY APPROVED | BS52: NO ISSUE | BT52: PREVIOUSLY APPROVED | BU52: NO ISSUE | BV52: PREVIOUSLY APPROVED | BW52: NO ISSUE | BX52: PREVIOUSLY APPROVED | BY52: NO ISSUE | BZ52: PREVIOUSLY APPROVED | CA52: NO ISSUE | CB52: PREVIOUSLY APPROVED | CC52: NO ISSUE | CD52: PREVIOUSLY APPROVED | CE52: NO ISSUE | CF52: PREVIOUSLY APPROVED | CG52: NO ISSUE | CH52: PREVIOUSLY APPROVED | CI52: NO ISSUE | CJ52: PREVIOUSLY APPROVED | CK52: NO ISSUE | CL52: PREVIOUSLY APPROVED | CM52: =IF( OR(CL52="APPROVED", CL52="PREVIOUSLY APPROVED"), "APPROVED", "REPROVED" ) -> APPROVED | CP52: SEM ISSUE | CQ52: SEM INTERAÇÃO
A53: 48 | B53: MENDES HOLLER | C53: 1112 | D53: PGMAK | E53: 1129 | F53: =IFERROR(VLOOKUP(L53:L114,'R22 RELATÓRIO ACC'!B:F,5,FALSE),"NOT PUBLISHED") -> V34 | G53: =IFERROR(VLOOKUP(L53:L114,'R22 RELATÓRIO ACC'!B:P,15,FALSE),"NOT PUBLISHED") -> 05/05/2026 | H53: =IFERROR(VLOOKUP(M53:M114,'RELATÓRIO ACC'!B:F,5,FALSE),"NOT PUBLISHED") -> V3 | I53: =IFERROR(VLOOKUP(M53:M114,'RELATÓRIO ACC'!B:P,15,FALSE),"NOT PUBLISHED") -> 03/07/2026 | J53: V18 | K53: 45849 | L53: CPQ11-SCTY-INFR-SITE-R22.rvt | M53: CPQ11-SCTY-INFR-SITE-R24.rvt | N53: TRUE | O53: TRUE | P53: NOT FOUND | Q53: APPROVED | R53: APPROVED | S53: NO ISSUE | T53: APPROVED | U53: NO ISSUE | V53: PREVIOUSLY APPROVED | W53: NO ISSUE | X53: PREVIOUSLY APPROVED | Y53: NO ISSUE | Z53: PREVIOUSLY APPROVED | AA53: NO ISSUE | AB53: PREVIOUSLY APPROVED | AC53: NO ISSUE | AD53: PREVIOUSLY APPROVED | AE53: NO ISSUE | AF53: PREVIOUSLY APPROVED | AG53: NO ISSUE | AH53: PREVIOUSLY APPROVED | AI53: NO ISSUE | AJ53: PREVIOUSLY APPROVED | AK53: NO ISSUE | AL53: PREVIOUSLY APPROVED | AM53: NO ISSUE | AN53: PREVIOUSLY APPROVED | AO53: NO ISSUE | AP53: PREVIOUSLY APPROVED | AQ53: NO ISSUE | AR53: PREVIOUSLY APPROVED | AS53: NO ISSUE | AT53: PREVIOUSLY APPROVED | AU53: NO ISSUE | AV53: PREVIOUSLY APPROVED | AW53: NO ISSUE | AX53: PREVIOUSLY APPROVED | AY53: NO ISSUE | AZ53: PREVIOUSLY APPROVED | BA53: NO ISSUE | BB53: PREVIOUSLY APPROVED | BC53: NO ISSUE | BD53: PREVIOUSLY APPROVED | BE53: NO ISSUE | BF53: PREVIOUSLY APPROVED | BG53: NO ISSUE | BH53: PREVIOUSLY APPROVED | BI53: NO ISSUE | BJ53: PREVIOUSLY APPROVED | BK53: NO ISSUE | BL53: PREVIOUSLY APPROVED | BM53: NO ISSUE | BN53: PREVIOUSLY APPROVED | BO53: NO ISSUE | BP53: PREVIOUSLY APPROVED | BQ53: NO ISSUE | BR53: PREVIOUSLY APPROVED | BS53: NO ISSUE | BT53: PREVIOUSLY APPROVED | BU53: NO ISSUE | BV53: PREVIOUSLY APPROVED | BW53: NO ISSUE | BX53: PREVIOUSLY APPROVED | BY53: NO ISSUE | BZ53: PREVIOUSLY APPROVED | CA53: NO ISSUE | CB53: PREVIOUSLY APPROVED | CC53: NO ISSUE | CD53: PREVIOUSLY APPROVED | CE53: NO ISSUE | CF53: PREVIOUSLY APPROVED | CG53: NO ISSUE | CH53: PREVIOUSLY APPROVED | CI53: NO ISSUE | CJ53: PREVIOUSLY APPROVED | CK53: NO ISSUE | CL53: PREVIOUSLY APPROVED | CM53: =IF( OR(CL53="APPROVED", CL53="PREVIOUSLY APPROVED"), "APPROVED", "REPROVED" ) -> APPROVED | CO53: FALSE
A54: 49 | B54: SERV OBRAS | D54: TENAX | F54: =IFERROR(VLOOKUP(L54:L115,'R22 RELATÓRIO ACC'!B:F,5,FALSE),"NOT PUBLISHED") -> V10 | G54: =IFERROR(VLOOKUP(L54:L115,'R22 RELATÓRIO ACC'!B:P,15,FALSE),"NOT PUBLISHED") -> 22/04/2026 | H54: =IFERROR(VLOOKUP(M54:M115,'RELATÓRIO ACC'!B:F,5,FALSE),"NOT PUBLISHED") -> V1 | I54: =IFERROR(VLOOKUP(M54:M115,'RELATÓRIO ACC'!B:P,15,FALSE),"NOT PUBLISHED") -> 15/05/2026 | J54: V2 | K54: 45898 | L54: CPQ11-STRC-CONC-DATA-R22.rvt | M54: CPQ11-STRC-CONC-DATA-R24.rvt | N54: TRUE | O54: FALSE | P54: NOT FOUND | Q54: NOT FOUND | R54: REPROVED | S54: NO ISSUE | T54: APPROVED | U54: NO ISSUE | V54: PREVIOUSLY APPROVED | W54: NO ISSUE | X54: PREVIOUSLY APPROVED | Y54: NO ISSUE | Z54: PREVIOUSLY APPROVED | AA54: NO ISSUE | AB54: PREVIOUSLY APPROVED | AC54: NO ISSUE | AD54: PREVIOUSLY APPROVED | AE54: NO ISSUE | AF54: PREVIOUSLY APPROVED | AG54: NO ISSUE | AH54: PREVIOUSLY APPROVED | AI54: NO ISSUE | AJ54: PREVIOUSLY APPROVED | AK54: NO ISSUE | AL54: PREVIOUSLY APPROVED | AM54: NO ISSUE | AN54: PREVIOUSLY APPROVED | AO54: NO ISSUE | AP54: PREVIOUSLY APPROVED | AQ54: NO ISSUE | AR54: PREVIOUSLY APPROVED | AS54: NO ISSUE | AT54: PREVIOUSLY APPROVED | AU54: NO ISSUE | AV54: PREVIOUSLY APPROVED | AW54: NO ISSUE | AX54: PREVIOUSLY APPROVED | AY54: NO ISSUE | AZ54: PREVIOUSLY APPROVED | BA54: NO ISSUE | BB54: PREVIOUSLY APPROVED | BC54: NO ISSUE | BD54: PREVIOUSLY APPROVED | BE54: NO ISSUE | BF54: PREVIOUSLY APPROVED | BG54: NO ISSUE | BH54: PREVIOUSLY APPROVED | BI54: NO ISSUE | BJ54: PREVIOUSLY APPROVED | BK54: NO ISSUE | BL54: PREVIOUSLY APPROVED | BM54: NO ISSUE | BN54: PREVIOUSLY APPROVED | BO54: NO ISSUE | BP54: PREVIOUSLY APPROVED | BQ54: NO ISSUE | BR54: PREVIOUSLY APPROVED | BS54: NO ISSUE | BT54: PREVIOUSLY APPROVED | BU54: NO ISSUE | BV54: PREVIOUSLY APPROVED | BW54: NO ISSUE | BX54: PREVIOUSLY APPROVED | BY54: NO ISSUE | BZ54: PREVIOUSLY APPROVED | CA54: NO ISSUE | CB54: PREVIOUSLY APPROVED | CC54: NO ISSUE | CD54: PREVIOUSLY APPROVED | CE54: NO ISSUE | CF54: PREVIOUSLY APPROVED | CG54: NO ISSUE | CH54: PREVIOUSLY APPROVED | CI54: NO ISSUE | CJ54: PREVIOUSLY APPROVED | CK54: NO ISSUE | CL54: PREVIOUSLY APPROVED | CM54: =IF( OR(CL54="APPROVED", CL54="PREVIOUSLY APPROVED"), "APPROVED", "REPROVED" ) -> APPROVED | CO54: FALSE
A55: 50 | B55: SERV OBRAS | D55: TENAX | F55: =IFERROR(VLOOKUP(L55:L116,'R22 RELATÓRIO ACC'!B:F,5,FALSE),"NOT PUBLISHED") -> V17 | G55: =IFERROR(VLOOKUP(L55:L116,'R22 RELATÓRIO ACC'!B:P,15,FALSE),"NOT PUBLISHED") -> 12/05/2026 | H55: =IFERROR(VLOOKUP(M55:M116,'RELATÓRIO ACC'!B:F,5,FALSE),"NOT PUBLISHED") -> V1 | I55: =IFERROR(VLOOKUP(M55:M116,'RELATÓRIO ACC'!B:P,15,FALSE),"NOT PUBLISHED") -> 15/05/2026 | J55: V9 | K55: 46001 | L55: CPQ11-STRC-CONC-SITE-R22.rvt | M55: CPQ11-STRC-CONC-SITE-R24.rvt | N55: TRUE | O55: FALSE | P55: NOT FOUND | Q55: NOT FOUND | R55: REPROVED | S55: POSTED ISSUES | T55: REPROVED | U55: POSTED ISSUES | V55: REPROVED | W55: POSTED ISSUES | X55: OUTDATED | Y55: OUTDATED | Z55: APPROVED | AA55: NO ISSUE | AB55: PREVIOUSLY APPROVED | AC55: NO ISSUE | AD55: PREVIOUSLY APPROVED | AE55: NO ISSUE | AF55: REPROVED | AG55: NO ISSUE | AH55: OUTDATED | AI55: OUTDATED | AJ55: OUTDATED | AK55: OUTDATED | AL55: APPROVED | AM55: NO ISSUE | AN55: PREVIOUSLY APPROVED | AO55: NO ISSUE | AP55: PREVIOUSLY APPROVED | AQ55: NO ISSUE | AR55: PREVIOUSLY APPROVED | AS55: NO ISSUE | AT55: PREVIOUSLY APPROVED | AU55: NO ISSUE | AV55: PREVIOUSLY APPROVED | AW55: NO ISSUE | AX55: PREVIOUSLY APPROVED | AY55: NO ISSUE | AZ55: PREVIOUSLY APPROVED | BA55: NO ISSUE | BB55: PREVIOUSLY APPROVED | BC55: NO ISSUE | BD55: PREVIOUSLY APPROVED | BE55: NO ISSUE | BF55: PREVIOUSLY APPROVED | BG55: NO ISSUE | BH55: PREVIOUSLY APPROVED | BI55: NO ISSUE | BJ55: PREVIOUSLY APPROVED | BK55: NO ISSUE | BL55: PREVIOUSLY APPROVED | BM55: NO ISSUE | BN55: PREVIOUSLY APPROVED | BO55: NO ISSUE | BP55: PREVIOUSLY APPROVED | BQ55: NO ISSUE | BR55: PREVIOUSLY APPROVED | BS55: NO ISSUE | BT55: PREVIOUSLY APPROVED | BU55: NO ISSUE | BV55: PREVIOUSLY APPROVED | BW55: NO ISSUE | BX55: PREVIOUSLY APPROVED | BY55: NO ISSUE | BZ55: PREVIOUSLY APPROVED | CA55: NO ISSUE | CB55: PREVIOUSLY APPROVED | CC55: NO ISSUE | CD55: PREVIOUSLY APPROVED | CE55: NO ISSUE | CF55: PREVIOUSLY APPROVED | CG55: NO ISSUE | CH55: PREVIOUSLY APPROVED | CI55: NO ISSUE | CJ55: PREVIOUSLY APPROVED | CK55: NO ISSUE | CL55: PREVIOUSLY APPROVED | CM55: =IF( OR(CL55="APPROVED", CL55="PREVIOUSLY APPROVED"), "APPROVED", "REPROVED" ) -> APPROVED | CP55: SEM ISSUE | CQ55: SEM INTERAÇÃO
A56: 51 | B56: GEOFIX/TECNOGEO | D56: TENAX | F56: =IFERROR(VLOOKUP(L56:L117,'R22 RELATÓRIO ACC'!B:F,5,FALSE),"NOT PUBLISHED") -> V11 | G56: =IFERROR(VLOOKUP(L56:L117,'R22 RELATÓRIO ACC'!B:P,15,FALSE),"NOT PUBLISHED") -> 28/04/2026 | H56: =IFERROR(VLOOKUP(M56:M117,'RELATÓRIO ACC'!B:F,5,FALSE),"NOT PUBLISHED") -> V1 | I56: =IFERROR(VLOOKUP(M56:M117,'RELATÓRIO ACC'!B:P,15,FALSE),"NOT PUBLISHED") -> 15/05/2026 | J56: V4 | K56: 45938 | L56: CPQ11-STRC-DPFN-DATA-R22.rvt | M56: CPQ11-STRC-DPFN-DATA-R24.rvt | N56: TRUE | O56: FALSE | P56: NOT FOUND | Q56: NOT FOUND | R56: REPROVED | S56: NO ISSUE | T56: REPROVED | U56: POSTED ISSUES | V56: OUTDATED | W56: OUTDATED | X56: OUTDATED | Y56: OUTDATED | Z56: APPROVED | AA56: NO ISSUE | AB56: PREVIOUSLY APPROVED | AC56: NO ISSUE | AD56: PREVIOUSLY APPROVED | AE56: NO ISSUE | AF56: PREVIOUSLY APPROVED | AG56: NO ISSUE | AH56: PREVIOUSLY APPROVED | AI56: NO ISSUE | AJ56: PREVIOUSLY APPROVED | AK56: NO ISSUE | AL56: PREVIOUSLY APPROVED | AM56: NO ISSUE | AN56: PREVIOUSLY APPROVED | AO56: NO ISSUE | AP56: PREVIOUSLY APPROVED | AQ56: NO ISSUE | AR56: PREVIOUSLY APPROVED | AS56: NO ISSUE | AT56: PREVIOUSLY APPROVED | AU56: NO ISSUE | AV56: PREVIOUSLY APPROVED | AW56: NO ISSUE | AX56: PREVIOUSLY APPROVED | AY56: NO ISSUE | AZ56: PREVIOUSLY APPROVED | BA56: NO ISSUE | BB56: PREVIOUSLY APPROVED | BC56: NO ISSUE | BD56: PREVIOUSLY APPROVED | BE56: NO ISSUE | BF56: PREVIOUSLY APPROVED | BG56: NO ISSUE | BH56: PREVIOUSLY APPROVED | BI56: NO ISSUE | BJ56: PREVIOUSLY APPROVED | BK56: NO ISSUE | BL56: PREVIOUSLY APPROVED | BM56: NO ISSUE | BN56: PREVIOUSLY APPROVED | BO56: NO ISSUE | BP56: PREVIOUSLY APPROVED | BQ56: NO ISSUE | BR56: PREVIOUSLY APPROVED | BS56: NO ISSUE | BT56: PREVIOUSLY APPROVED | BU56: NO ISSUE | BV56: PREVIOUSLY APPROVED | BW56: NO ISSUE | BX56: PREVIOUSLY APPROVED | BY56: NO ISSUE | BZ56: PREVIOUSLY APPROVED | CA56: NO ISSUE | CB56: PREVIOUSLY APPROVED | CC56: NO ISSUE | CD56: PREVIOUSLY APPROVED | CE56: NO ISSUE | CF56: PREVIOUSLY APPROVED | CG56: NO ISSUE | CH56: PREVIOUSLY APPROVED | CI56: NO ISSUE | CJ56: PREVIOUSLY APPROVED | CK56: NO ISSUE | CL56: PREVIOUSLY APPROVED | CM56: =IF( OR(CL56="APPROVED", CL56="PREVIOUSLY APPROVED"), "APPROVED", "REPROVED" ) -> APPROVED | CP56: ABERTO | CQ56: SEM INTERAÇÃO
A57: 52 | B57: GEOFIX/TECNOGEO | D57: TENAX | F57: =IFERROR(VLOOKUP(L57:L118,'R22 RELATÓRIO ACC'!B:F,5,FALSE),"NOT PUBLISHED") -> V13 | G57: =IFERROR(VLOOKUP(L57:L118,'R22 RELATÓRIO ACC'!B:P,15,FALSE),"NOT PUBLISHED") -> 12/05/2026 | H57: =IFERROR(VLOOKUP(M57:M118,'RELATÓRIO ACC'!B:F,5,FALSE),"NOT PUBLISHED") -> V1 | I57: =IFERROR(VLOOKUP(M57:M118,'RELATÓRIO ACC'!B:P,15,FALSE),"NOT PUBLISHED") -> 15/05/2026 | J57: V3 | K57: 45905 | L57: CPQ11-STRC-DPFN-SITE-R22.rvt | M57: CPQ11-STRC-DPFN-SITE-R24.rvt | N57: TRUE | O57: FALSE | P57: NOT FOUND | Q57: NOT FOUND | R57: REPROVED | S57: POSTED ISSUES | T57: APPROVED | U57: NO ISSUE | V57: PREVIOUSLY APPROVED | W57: NO ISSUE | X57: PREVIOUSLY APPROVED | Y57: NO ISSUE | Z57: PREVIOUSLY APPROVED | AA57: NO ISSUE | AB57: PREVIOUSLY APPROVED | AC57: NO ISSUE | AD57: PREVIOUSLY APPROVED | AE57: NO ISSUE | AF57: PREVIOUSLY APPROVED | AG57: NO ISSUE | AH57: PREVIOUSLY APPROVED | AI57: NO ISSUE | AJ57: PREVIOUSLY APPROVED | AK57: NO ISSUE | AL57: PREVIOUSLY APPROVED | AM57: NO ISSUE | AN57: PREVIOUSLY APPROVED | AO57: NO ISSUE | AP57: PREVIOUSLY APPROVED | AQ57: NO ISSUE | AR57: PREVIOUSLY APPROVED | AS57: NO ISSUE | AT57: PREVIOUSLY APPROVED | AU57: NO ISSUE | AV57: PREVIOUSLY APPROVED | AW57: NO ISSUE | AX57: PREVIOUSLY APPROVED | AY57: NO ISSUE | AZ57: PREVIOUSLY APPROVED | BA57: NO ISSUE | BB57: PREVIOUSLY APPROVED | BC57: NO ISSUE | BD57: PREVIOUSLY APPROVED | BE57: NO ISSUE | BF57: PREVIOUSLY APPROVED | BG57: NO ISSUE | BH57: PREVIOUSLY APPROVED | BI57: NO ISSUE | BJ57: PREVIOUSLY APPROVED | BK57: NO ISSUE | BL57: PREVIOUSLY APPROVED | BM57: NO ISSUE | BN57: PREVIOUSLY APPROVED | BO57: NO ISSUE | BP57: PREVIOUSLY APPROVED | BQ57: NO ISSUE | BR57: PREVIOUSLY APPROVED | BS57: NO ISSUE | BT57: PREVIOUSLY APPROVED | BU57: NO ISSUE | BV57: PREVIOUSLY APPROVED | BW57: NO ISSUE | BX57: PREVIOUSLY APPROVED | BY57: NO ISSUE | BZ57: PREVIOUSLY APPROVED | CA57: NO ISSUE | CB57: PREVIOUSLY APPROVED | CC57: NO ISSUE | CD57: PREVIOUSLY APPROVED | CE57: NO ISSUE | CF57: PREVIOUSLY APPROVED | CG57: NO ISSUE | CH57: PREVIOUSLY APPROVED | CI57: NO ISSUE | CJ57: PREVIOUSLY APPROVED | CK57: NO ISSUE | CL57: PREVIOUSLY APPROVED | CM57: =IF( OR(CL57="APPROVED", CL57="PREVIOUSLY APPROVED"), "APPROVED", "REPROVED" ) -> APPROVED | CP57: ABERTO | CQ57: SEM INTERAÇÃO
A58: 53 | B58: METASA | C58: 1125 | D58: METASA | E58: 1125 | F58: =IFERROR(VLOOKUP(L58:L119,'R22 RELATÓRIO ACC'!B:F,5,FALSE),"NOT PUBLISHED") -> V8 | G58: =IFERROR(VLOOKUP(L58:L119,'R22 RELATÓRIO ACC'!B:P,15,FALSE),"NOT PUBLISHED") -> 07/11/2025 | H58: =IFERROR(VLOOKUP(M58:M119,'RELATÓRIO ACC'!B:F,5,FALSE),"NOT PUBLISHED") -> V1 | I58: =IFERROR(VLOOKUP(M58:M119,'RELATÓRIO ACC'!B:P,15,FALSE),"NOT PUBLISHED") -> 21/05/2026 | J58: V4 | K58: 45841 | L58: CPQ11-STRC-STEE-ADMN-2X3.ifc | M58: CPQ11-STRC-STEE-ADMN-2X3.ifc | N58: TRUE | O58: TRUE | P58: NOT FOUND | Q58: REPROVED | R58: APPROVED | S58: POSTED ISSUES | T58: APPROVED | U58: NO ISSUE | V58: PREVIOUSLY APPROVED | W58: NO ISSUE | X58: PREVIOUSLY APPROVED | Y58: NO ISSUE | Z58: PREVIOUSLY APPROVED | AA58: NO ISSUE | AB58: PREVIOUSLY APPROVED | AC58: NO ISSUE | AD58: PREVIOUSLY APPROVED | AE58: NO ISSUE | AF58: PREVIOUSLY APPROVED | AG58: NO ISSUE | AH58: PREVIOUSLY APPROVED | AI58: NO ISSUE | AJ58: PREVIOUSLY APPROVED | AK58: NO ISSUE | AL58: PREVIOUSLY APPROVED | AM58: NO ISSUE | AN58: PREVIOUSLY APPROVED | AO58: NO ISSUE | AP58: PREVIOUSLY APPROVED | AQ58: NO ISSUE | AR58: PREVIOUSLY APPROVED | AS58: NO ISSUE | AT58: PREVIOUSLY APPROVED | AU58: NO ISSUE | AV58: PREVIOUSLY APPROVED | AW58: NO ISSUE | AX58: PREVIOUSLY APPROVED | AY58: NO ISSUE | AZ58: PREVIOUSLY APPROVED | BA58: NO ISSUE | BB58: PREVIOUSLY APPROVED | BC58: NO ISSUE | BD58: PREVIOUSLY APPROVED | BE58: NO ISSUE | BF58: PREVIOUSLY APPROVED | BG58: NO ISSUE | BH58: PREVIOUSLY APPROVED | BI58: NO ISSUE | BJ58: PREVIOUSLY APPROVED | BK58: NO ISSUE | BL58: PREVIOUSLY APPROVED | BM58: NO ISSUE | BN58: PREVIOUSLY APPROVED | BO58: NO ISSUE | BP58: PREVIOUSLY APPROVED | BQ58: NO ISSUE | BR58: PREVIOUSLY APPROVED | BS58: NO ISSUE | BT58: PREVIOUSLY APPROVED | BU58: NO ISSUE | BV58: PREVIOUSLY APPROVED | BW58: NO ISSUE | BX58: PREVIOUSLY APPROVED | BY58: NO ISSUE | BZ58: PREVIOUSLY APPROVED | CA58: NO ISSUE | CB58: PREVIOUSLY APPROVED | CC58: NO ISSUE | CD58: PREVIOUSLY APPROVED | CE58: NO ISSUE | CF58: PREVIOUSLY APPROVED | CG58: NO ISSUE | CH58: PREVIOUSLY APPROVED | CI58: NO ISSUE | CJ58: PREVIOUSLY APPROVED | CK58: NO ISSUE | CL58: PREVIOUSLY APPROVED | CM58: =IF( OR(CL58="APPROVED", CL58="PREVIOUSLY APPROVED"), "APPROVED", "REPROVED" ) -> APPROVED | CP58: SEM ISSUE | CQ58: SEM INTERAÇÃO
A59: 60 | B59: METASA | C59: 1125 | D59: METASA | E59: 1125 | F59: =IFERROR(VLOOKUP(L59:L120,'R22 RELATÓRIO ACC'!B:F,5,FALSE),"NOT PUBLISHED") -> V3 | G59: =IFERROR(VLOOKUP(L59:L120,'R22 RELATÓRIO ACC'!B:P,15,FALSE),"NOT PUBLISHED") -> 31/10/2025 | H59: =IFERROR(VLOOKUP(M59:M120,'RELATÓRIO ACC'!B:F,5,FALSE),"NOT PUBLISHED") -> V1 | I59: =IFERROR(VLOOKUP(M59:M120,'RELATÓRIO ACC'!B:P,15,FALSE),"NOT PUBLISHED") -> 21/05/2026 | J59: V2 | K59: 45856 | L59: CPQ11-STRC-STEE-STIR-2X3.ifc | M59: CPQ11-STRC-STEE-STIR-2X3.ifc | N59: TRUE | O59: TRUE | P59: NOT FOUND | Q59: REPROVED | R59: REPROVED | S59: POSTED ISSUES | T59: REPROVED | U59: POSTED ISSUES | V59: OUTDATED | W59: OUTDATED | X59: OUTDATED | Y59: OUTDATED | Z59: APPROVED | AA59: NO ISSUE | AB59: PREVIOUSLY APPROVED | AC59: NO ISSUE | AD59: PREVIOUSLY APPROVED | AE59: NO ISSUE | AF59: PREVIOUSLY APPROVED | AG59: NO ISSUE | AH59: PREVIOUSLY APPROVED | AI59: NO ISSUE | AJ59: PREVIOUSLY APPROVED | AK59: NO ISSUE | AL59: PREVIOUSLY APPROVED | AM59: NO ISSUE | AN59: PREVIOUSLY APPROVED | AO59: NO ISSUE | AP59: PREVIOUSLY APPROVED | AQ59: NO ISSUE | AR59: PREVIOUSLY APPROVED | AS59: NO ISSUE | AT59: PREVIOUSLY APPROVED | AU59: NO ISSUE | AV59: PREVIOUSLY APPROVED | AW59: NO ISSUE | AX59: PREVIOUSLY APPROVED | AY59: NO ISSUE | AZ59: PREVIOUSLY APPROVED | BA59: NO ISSUE | BB59: PREVIOUSLY APPROVED | BC59: NO ISSUE | BD59: PREVIOUSLY APPROVED | BE59: NO ISSUE | BF59: PREVIOUSLY APPROVED | BG59: NO ISSUE | BH59: PREVIOUSLY APPROVED | BI59: NO ISSUE | BJ59: PREVIOUSLY APPROVED | BK59: NO ISSUE | BL59: PREVIOUSLY APPROVED | BM59: NO ISSUE | BN59: PREVIOUSLY APPROVED | BO59: NO ISSUE | BP59: PREVIOUSLY APPROVED | BQ59: NO ISSUE | BR59: PREVIOUSLY APPROVED | BS59: NO ISSUE | BT59: PREVIOUSLY APPROVED | BU59: NO ISSUE | BV59: PREVIOUSLY APPROVED | BW59: NO ISSUE | BX59: PREVIOUSLY APPROVED | BY59: NO ISSUE | BZ59: PREVIOUSLY APPROVED | CA59: NO ISSUE | CB59: PREVIOUSLY APPROVED | CC59: NO ISSUE | CD59: PREVIOUSLY APPROVED | CE59: NO ISSUE | CF59: PREVIOUSLY APPROVED | CG59: NO ISSUE | CH59: PREVIOUSLY APPROVED | CI59: NO ISSUE | CJ59: PREVIOUSLY APPROVED | CK59: NO ISSUE | CL59: PREVIOUSLY APPROVED | CM59: =IF( OR(CL59="APPROVED", CL59="PREVIOUSLY APPROVED"), "APPROVED", "REPROVED" ) -> APPROVED | CP59: SEM ISSUE | CQ59: NA
A60: 61 | B60: METASA | C60: 1125 | D60: METASA | E60: 1125 | F60: =IFERROR(VLOOKUP(L60:L121,'R22 RELATÓRIO ACC'!B:F,5,FALSE),"NOT PUBLISHED") -> V6 | G60: =IFERROR(VLOOKUP(L60:L121,'R22 RELATÓRIO ACC'!B:P,15,FALSE),"NOT PUBLISHED") -> 11/02/2026 | H60: =IFERROR(VLOOKUP(M60:M121,'RELATÓRIO ACC'!B:F,5,FALSE),"NOT PUBLISHED") -> V1 | I60: =IFERROR(VLOOKUP(M60:M121,'RELATÓRIO ACC'!B:P,15,FALSE),"NOT PUBLISHED") -> 21/05/2026 | J60: V4 | K60: 45856 | L60: CPQ11-STRC-STEE-UTLS-2X3.ifc | M60: CPQ11-STRC-STEE-UTLS-2X3.ifc | N60: TRUE | O60: TRUE | P60: NOT FOUND | Q60: REPROVED | R60: APPROVED | S60: POSTED ISSUES | T60: APPROVED | U60: NO ISSUE | V60: PREVIOUSLY APPROVED | W60: NO ISSUE | X60: PREVIOUSLY APPROVED | Y60: NO ISSUE | Z60: PREVIOUSLY APPROVED | AA60: NO ISSUE | AB60: PREVIOUSLY APPROVED | AC60: NO ISSUE | AD60: PREVIOUSLY APPROVED | AE60: NO ISSUE | AF60: PREVIOUSLY APPROVED | AG60: NO ISSUE | AH60: PREVIOUSLY APPROVED | AI60: NO ISSUE | AJ60: PREVIOUSLY APPROVED | AK60: NO ISSUE | AL60: PREVIOUSLY APPROVED | AM60: NO ISSUE | AN60: PREVIOUSLY APPROVED | AO60: NO ISSUE | AP60: PREVIOUSLY APPROVED | AQ60: NO ISSUE | AR60: PREVIOUSLY APPROVED | AS60: NO ISSUE | AT60: PREVIOUSLY APPROVED | AU60: NO ISSUE | AV60: PREVIOUSLY APPROVED | AW60: NO ISSUE | AX60: PREVIOUSLY APPROVED | AY60: NO ISSUE | AZ60: PREVIOUSLY APPROVED | BA60: NO ISSUE | BB60: PREVIOUSLY APPROVED | BC60: NO ISSUE | BD60: PREVIOUSLY APPROVED | BE60: NO ISSUE | BF60: PREVIOUSLY APPROVED | BG60: NO ISSUE | BH60: PREVIOUSLY APPROVED | BI60: NO ISSUE | BJ60: PREVIOUSLY APPROVED | BK60: NO ISSUE | BL60: PREVIOUSLY APPROVED | BM60: NO ISSUE | BN60: PREVIOUSLY APPROVED | BO60: NO ISSUE | BP60: PREVIOUSLY APPROVED | BQ60: NO ISSUE | BR60: PREVIOUSLY APPROVED | BS60: NO ISSUE | BT60: PREVIOUSLY APPROVED | BU60: NO ISSUE | BV60: PREVIOUSLY APPROVED | BW60: NO ISSUE | BX60: PREVIOUSLY APPROVED | BY60: NO ISSUE | BZ60: PREVIOUSLY APPROVED | CA60: NO ISSUE | CB60: PREVIOUSLY APPROVED | CC60: NO ISSUE | CD60: PREVIOUSLY APPROVED | CE60: NO ISSUE | CF60: PREVIOUSLY APPROVED | CG60: NO ISSUE | CH60: PREVIOUSLY APPROVED | CI60: NO ISSUE | CJ60: PREVIOUSLY APPROVED | CK60: NO ISSUE | CL60: PREVIOUSLY APPROVED | CM60: =IF( OR(CL60="APPROVED", CL60="PREVIOUSLY APPROVED"), "APPROVED", "REPROVED" ) -> APPROVED | CO60: FALSE | CP60: SEM ISSUE | CQ60: SEM INTERAÇÃO
A61: 62 | B61: MENDES HOLLER | C61: 1112 | D61: PGMAK | E61: 1129 | F61: =IFERROR(VLOOKUP(L61:L122,'R22 RELATÓRIO ACC'!B:F,5,FALSE),"NOT PUBLISHED") -> V40 | G61: =IFERROR(VLOOKUP(L61:L122,'R22 RELATÓRIO ACC'!B:P,15,FALSE),"NOT PUBLISHED") -> 10/04/2026 | H61: =IFERROR(VLOOKUP(M61:M122,'RELATÓRIO ACC'!B:F,5,FALSE),"NOT PUBLISHED") -> V3 | I61: =IFERROR(VLOOKUP(M61:M122,'RELATÓRIO ACC'!B:P,15,FALSE),"NOT PUBLISHED") -> 13/07/2026 | J61: V25 | K61: 45911 | L61: CPQ11-SYST-INFR-DATA-R22.rvt | M61: CPQ11-SYST-INFR-DATA-R24.rvt | N61: TRUE | O61: TRUE | P61: NOT FOUND | Q61: REPROVED | R61: REPROVED | S61: POSTED ISSUES | T61: APPROVED | U61: NO ISSUE | V61: PREVIOUSLY APPROVED | W61: NO ISSUE | X61: PREVIOUSLY APPROVED | Y61: NO ISSUE | Z61: PREVIOUSLY APPROVED | AA61: NO ISSUE | AB61: PREVIOUSLY APPROVED | AC61: NO ISSUE | AD61: PREVIOUSLY APPROVED | AE61: NO ISSUE | AF61: PREVIOUSLY APPROVED | AG61: NO ISSUE | AH61: PREVIOUSLY APPROVED | AI61: NO ISSUE | AJ61: PREVIOUSLY APPROVED | AK61: NO ISSUE | AL61: PREVIOUSLY APPROVED | AM61: NO ISSUE | AN61: PREVIOUSLY APPROVED | AO61: NO ISSUE | AP61: PREVIOUSLY APPROVED | AQ61: NO ISSUE | AR61: PREVIOUSLY APPROVED | AS61: NO ISSUE | AT61: PREVIOUSLY APPROVED | AU61: NO ISSUE | AV61: PREVIOUSLY APPROVED | AW61: NO ISSUE | AX61: PREVIOUSLY APPROVED | AY61: NO ISSUE | AZ61: PREVIOUSLY APPROVED | BA61: NO ISSUE | BB61: PREVIOUSLY APPROVED | BC61: NO ISSUE | BD61: PREVIOUSLY APPROVED | BE61: NO ISSUE | BF61: PREVIOUSLY APPROVED | BG61: NO ISSUE | BH61: PREVIOUSLY APPROVED | BI61: NO ISSUE | BJ61: PREVIOUSLY APPROVED | BK61: NO ISSUE | BL61: PREVIOUSLY APPROVED | BM61: NO ISSUE | BN61: PREVIOUSLY APPROVED | BO61: NO ISSUE | BP61: PREVIOUSLY APPROVED | BQ61: NO ISSUE | BR61: PREVIOUSLY APPROVED | BS61: NO ISSUE | BT61: PREVIOUSLY APPROVED | BU61: NO ISSUE | BV61: PREVIOUSLY APPROVED | BW61: NO ISSUE | BX61: PREVIOUSLY APPROVED | BY61: NO ISSUE | BZ61: PREVIOUSLY APPROVED | CA61: NO ISSUE | CB61: PREVIOUSLY APPROVED | CC61: NO ISSUE | CD61: PREVIOUSLY APPROVED | CE61: NO ISSUE | CF61: PREVIOUSLY APPROVED | CG61: NO ISSUE | CH61: PREVIOUSLY APPROVED | CI61: NO ISSUE | CJ61: PREVIOUSLY APPROVED | CK61: NO ISSUE | CL61: PREVIOUSLY APPROVED | CM61: =IF( OR(CL61="APPROVED", CL61="PREVIOUSLY APPROVED"), "APPROVED", "REPROVED" ) -> APPROVED | CO61: FALSE
A62: 63 | B62: MENDES HOLLER | C62: 1112 | D62: PGMAK | E62: 1129 | F62: =IFERROR(VLOOKUP(L62:L123,'R22 RELATÓRIO ACC'!B:F,5,FALSE),"NOT PUBLISHED") -> V39 | G62: =IFERROR(VLOOKUP(L62:L123,'R22 RELATÓRIO ACC'!B:P,15,FALSE),"NOT PUBLISHED") -> 12/05/2026 | H62: =IFERROR(VLOOKUP(M62:M123,'RELATÓRIO ACC'!B:F,5,FALSE),"NOT PUBLISHED") -> V4 | I62: =IFERROR(VLOOKUP(M62:M123,'RELATÓRIO ACC'!B:P,15,FALSE),"NOT PUBLISHED") -> 14/07/2026 | J62: V36 | K62: 46059 | L62: CPQ11-SYST-INFR-SITE-R22.rvt | M62: CPQ11-SYST-INFR-SITE-R24.rvt | N62: TRUE | O62: TRUE | P62: NOT FOUND | Q62: REPROVED | R62: REPROVED | S62: POSTED ISSUES | T62: REPROVED | U62: POSTED ISSUES | V62: OUTDATED | W62: OUTDATED | X62: OUTDATED | Y62: OUTDATED | Z62: REPROVED | AA62: POSTED ISSUES | AB62: OUTDATED | AC62: OUTDATED | AD62: OUTDATED | AE62: OUTDATED | AF62: OUTDATED | AG62: OUTDATED | AH62: REPROVED | AI62: POSTED ISSUE | AJ62: OUTDATED | AK62: OUTDATED | AL62: REPROVED | AM62: POSTED ISSUE | AN62: REPROVED | AO62: POSTED ISSUE | AP62: REPROVED | AQ62: POSTED ISSUE | AR62: APPROVED | AS62: POSTED ISSUE | AT62: PREVIOUSLY APPROVED | AU62: NO ISSUE | AV62: PREVIOUSLY APPROVED | AW62: NO ISSUE | AX62: PREVIOUSLY APPROVED | AY62: NO ISSUE | AZ62: PREVIOUSLY APPROVED | BA62: NO ISSUE | BB62: PREVIOUSLY APPROVED | BC62: NO ISSUE | BD62: PREVIOUSLY APPROVED | BE62: NO ISSUE | BF62: PREVIOUSLY APPROVED | BG62: NO ISSUE | BH62: PREVIOUSLY APPROVED | BI62: NO ISSUE | BJ62: PREVIOUSLY APPROVED | BK62: NO ISSUE | BL62: PREVIOUSLY APPROVED | BM62: NO ISSUE | BN62: PREVIOUSLY APPROVED | BO62: NO ISSUE | BP62: PREVIOUSLY APPROVED | BQ62: NO ISSUE | BR62: PREVIOUSLY APPROVED | BS62: NO ISSUE | BT62: PREVIOUSLY APPROVED | BU62: NO ISSUE | BV62: PREVIOUSLY APPROVED | BW62: NO ISSUE | BX62: PREVIOUSLY APPROVED | BY62: NO ISSUE | BZ62: PREVIOUSLY APPROVED | CA62: NO ISSUE | CB62: PREVIOUSLY APPROVED | CC62: NO ISSUE | CD62: PREVIOUSLY APPROVED | CE62: NO ISSUE | CF62: PREVIOUSLY APPROVED | CG62: NO ISSUE | CH62: PREVIOUSLY APPROVED | CI62: NO ISSUE | CJ62: PREVIOUSLY APPROVED | CK62: NO ISSUE | CL62: PREVIOUSLY APPROVED | CM62: =IF( OR(CL62="APPROVED", CL62="PREVIOUSLY APPROVED"), "APPROVED", "REPROVED" ) -> APPROVED | CP62: EM REVISÃO | CQ62: SEM INTERAÇÃO
A63: 64 | B63: BLACKBOX | C63: 1114 | D63: BLACKBOX | E63: 1114 | F63: =IFERROR(VLOOKUP(L63:L124,'R22 RELATÓRIO ACC'!B:F,5,FALSE),"NOT PUBLISHED") -> V18 | G63: =IFERROR(VLOOKUP(L63:L124,'R22 RELATÓRIO ACC'!B:P,15,FALSE),"NOT PUBLISHED") -> 30/04/2026 | H63: =IFERROR(VLOOKUP(M63:M124,'RELATÓRIO ACC'!B:F,5,FALSE),"NOT PUBLISHED") -> V3 | I63: =IFERROR(VLOOKUP(M63:M124,'RELATÓRIO ACC'!B:P,15,FALSE),"NOT PUBLISHED") -> 29/06/2026 | J63: V11 | K63: 45870 | L63: CPQ11-TCOM-DEVS-DATA-R22.rvt | M63: CPQ11-TCOM-DEVS-DATA-R24.rvt | N63: TRUE | O63: TRUE | P63: NOT FOUND | Q63: REPROVED | R63: REPROVED | S63: POSTED ISSUES | T63: APPROVED | U63: NO ISSUE | V63: PREVIOUSLY APPROVED | W63: NO ISSUE | X63: PREVIOUSLY APPROVED | Y63: NO ISSUE | Z63: PREVIOUSLY APPROVED | AA63: NO ISSUE | AB63: PREVIOUSLY APPROVED | AC63: NO ISSUE | AD63: PREVIOUSLY APPROVED | AE63: NO ISSUE | AF63: PREVIOUSLY APPROVED | AG63: NO ISSUE | AH63: PREVIOUSLY APPROVED | AI63: NO ISSUE | AJ63: PREVIOUSLY APPROVED | AK63: NO ISSUE | AL63: PREVIOUSLY APPROVED | AM63: NO ISSUE | AN63: PREVIOUSLY APPROVED | AO63: NO ISSUE | AP63: PREVIOUSLY APPROVED | AQ63: NO ISSUE | AR63: PREVIOUSLY APPROVED | AS63: NO ISSUE | AT63: PREVIOUSLY APPROVED | AU63: NO ISSUE | AV63: PREVIOUSLY APPROVED | AW63: NO ISSUE | AX63: PREVIOUSLY APPROVED | AY63: NO ISSUE | AZ63: PREVIOUSLY APPROVED | BA63: NO ISSUE | BB63: PREVIOUSLY APPROVED | BC63: NO ISSUE | BD63: PREVIOUSLY APPROVED | BE63: NO ISSUE | BF63: PREVIOUSLY APPROVED | BG63: NO ISSUE | BH63: PREVIOUSLY APPROVED | BI63: NO ISSUE | BJ63: PREVIOUSLY APPROVED | BK63: NO ISSUE | BL63: PREVIOUSLY APPROVED | BM63: NO ISSUE | BN63: PREVIOUSLY APPROVED | BO63: NO ISSUE | BP63: PREVIOUSLY APPROVED | BQ63: NO ISSUE | BR63: PREVIOUSLY APPROVED | BS63: NO ISSUE | BT63: PREVIOUSLY APPROVED | BU63: NO ISSUE | BV63: PREVIOUSLY APPROVED | BW63: NO ISSUE | BX63: PREVIOUSLY APPROVED | BY63: NO ISSUE | BZ63: PREVIOUSLY APPROVED | CA63: NO ISSUE | CB63: PREVIOUSLY APPROVED | CC63: NO ISSUE | CD63: PREVIOUSLY APPROVED | CE63: NO ISSUE | CF63: PREVIOUSLY APPROVED | CG63: NO ISSUE | CH63: PREVIOUSLY APPROVED | CI63: NO ISSUE | CJ63: PREVIOUSLY APPROVED | CK63: NO ISSUE | CL63: PREVIOUSLY APPROVED | CM63: =IF( OR(CL63="APPROVED", CL63="PREVIOUSLY APPROVED"), "APPROVED", "REPROVED" ) -> APPROVED | CP63: SEM ISSUE | CQ63: NA
A64: 65 | B64: BLACKBOX | C64: 1114 | D64: BLACKBOX | E64: 1114 | F64: =IFERROR(VLOOKUP(L64:L125,'R22 RELATÓRIO ACC'!B:F,5,FALSE),"NOT PUBLISHED") -> V14 | G64: =IFERROR(VLOOKUP(L64:L125,'R22 RELATÓRIO ACC'!B:P,15,FALSE),"NOT PUBLISHED") -> 29/04/2026 | H64: =IFERROR(VLOOKUP(M64:M125,'RELATÓRIO ACC'!B:F,5,FALSE),"NOT PUBLISHED") -> V2 | I64: =IFERROR(VLOOKUP(M64:M125,'RELATÓRIO ACC'!B:P,15,FALSE),"NOT PUBLISHED") -> 07/07/2026 | J64: V6 | K64: 45854 | L64: CPQ11-TCOM-DEVS-SITE-R22.rvt | M64: CPQ11-TCOM-DEVS-SITE-R24.rvt | N64: TRUE | O64: TRUE | P64: NOT FOUND | Q64: APPROVED | R64: APPROVED | S64: NO ISSUE | T64: APPROVED | U64: NO ISSUE | V64: PREVIOUSLY APPROVED | W64: NO ISSUE | X64: PREVIOUSLY APPROVED | Y64: NO ISSUE | Z64: PREVIOUSLY APPROVED | AA64: NO ISSUE | AB64: PREVIOUSLY APPROVED | AC64: NO ISSUE | AD64: PREVIOUSLY APPROVED | AE64: NO ISSUE | AF64: PREVIOUSLY APPROVED | AG64: NO ISSUE | AH64: PREVIOUSLY APPROVED | AI64: NO ISSUE | AJ64: PREVIOUSLY APPROVED | AK64: NO ISSUE | AL64: PREVIOUSLY APPROVED | AM64: NO ISSUE | AN64: PREVIOUSLY APPROVED | AO64: NO ISSUE | AP64: PREVIOUSLY APPROVED | AQ64: NO ISSUE | AR64: PREVIOUSLY APPROVED | AS64: NO ISSUE | AT64: PREVIOUSLY APPROVED | AU64: NO ISSUE | AV64: PREVIOUSLY APPROVED | AW64: NO ISSUE | AX64: PREVIOUSLY APPROVED | AY64: NO ISSUE | AZ64: PREVIOUSLY APPROVED | BA64: NO ISSUE | BB64: PREVIOUSLY APPROVED | BC64: NO ISSUE | BD64: PREVIOUSLY APPROVED | BE64: NO ISSUE | BF64: PREVIOUSLY APPROVED | BG64: NO ISSUE | BH64: PREVIOUSLY APPROVED | BI64: NO ISSUE | BJ64: PREVIOUSLY APPROVED | BK64: NO ISSUE | BL64: PREVIOUSLY APPROVED | BM64: NO ISSUE | BN64: PREVIOUSLY APPROVED | BO64: NO ISSUE | BP64: PREVIOUSLY APPROVED | BQ64: NO ISSUE | BR64: PREVIOUSLY APPROVED | BS64: NO ISSUE | BT64: PREVIOUSLY APPROVED | BU64: NO ISSUE | BV64: PREVIOUSLY APPROVED | BW64: NO ISSUE | BX64: PREVIOUSLY APPROVED | BY64: NO ISSUE | BZ64: PREVIOUSLY APPROVED | CA64: NO ISSUE | CB64: PREVIOUSLY APPROVED | CC64: NO ISSUE | CD64: PREVIOUSLY APPROVED | CE64: NO ISSUE | CF64: PREVIOUSLY APPROVED | CG64: NO ISSUE | CH64: PREVIOUSLY APPROVED | CI64: NO ISSUE | CJ64: PREVIOUSLY APPROVED | CK64: NO ISSUE | CL64: PREVIOUSLY APPROVED | CM64: =IF( OR(CL64="APPROVED", CL64="PREVIOUSLY APPROVED"), "APPROVED", "REPROVED" ) -> APPROVED | CP64: FECHADO | CQ64: COMENTÁRIO
A65: 67 | B65: MENDES HOLLER | C65: 1112 | D65: MENDES HOLLER | F65: =IFERROR(VLOOKUP(L65:L126,'R22 RELATÓRIO ACC'!B:F,5,FALSE),"NOT PUBLISHED") -> V7 | G65: =IFERROR(VLOOKUP(L65:L126,'R22 RELATÓRIO ACC'!B:P,15,FALSE),"NOT PUBLISHED") -> 08/12/2025 | H65: =IFERROR(VLOOKUP(M65:M126,'RELATÓRIO ACC'!B:F,5,FALSE),"NOT PUBLISHED") -> V2 | I65: =IFERROR(VLOOKUP(M65:M126,'RELATÓRIO ACC'!B:P,15,FALSE),"NOT PUBLISHED") -> 03/07/2026 | J65: V3 | K65: 45966 | L65: CPQ11-ELEC-SPDA-SITE-R22.rvt | M65: CPQ11-ELEC-SPDA-SITE-R24.rvt | N65: TRUE | O65: FALSE | P65: NOT FOUND | Q65: NOT FOUND | R65: NOT FOUND | S65: NOT FOUND | T65: NOT FOUND | U65: NOT FOUND | V65: NOT FOUND | W65: NOT FOUND | X65: NOT FOUND | Y65: NOT FOUND | Z65: NOT FOUND | AA65: NOT FOUND | AB65: REPROVED | AC65: POSTED ISSUES | AD65: REPROVED | AE65: POSTED ISSUES | AF65: APPROVED | AG65: NO ISSUE | AH65: PREVIOUSLY APPROVED | AI65: NO ISSUE | AJ65: PREVIOUSLY APPROVED | AK65: NO ISSUE | AL65: PREVIOUSLY APPROVED | AM65: NO ISSUE | AN65: PREVIOUSLY APPROVED | AO65: NO ISSUE | AP65: PREVIOUSLY APPROVED | AQ65: NO ISSUE | AR65: PREVIOUSLY APPROVED | AS65: NO ISSUE | AT65: PREVIOUSLY APPROVED | AU65: NO ISSUE | AV65: PREVIOUSLY APPROVED | AW65: NO ISSUE | AX65: PREVIOUSLY APPROVED | AY65: NO ISSUE | AZ65: PREVIOUSLY APPROVED | BA65: NO ISSUE | BB65: PREVIOUSLY APPROVED | BC65: NO ISSUE | BD65: PREVIOUSLY APPROVED | BE65: NO ISSUE | BF65: PREVIOUSLY APPROVED | BG65: NO ISSUE | BH65: PREVIOUSLY APPROVED | BI65: NO ISSUE | BJ65: PREVIOUSLY APPROVED | BK65: NO ISSUE | BL65: PREVIOUSLY APPROVED | BM65: NO ISSUE | BN65: PREVIOUSLY APPROVED | BO65: NO ISSUE | BP65: PREVIOUSLY APPROVED | BQ65: NO ISSUE | BR65: PREVIOUSLY APPROVED | BS65: NO ISSUE | BT65: PREVIOUSLY APPROVED | BU65: NO ISSUE | BV65: PREVIOUSLY APPROVED | BW65: NO ISSUE | BX65: PREVIOUSLY APPROVED | BY65: NO ISSUE | BZ65: PREVIOUSLY APPROVED | CA65: NO ISSUE | CB65: PREVIOUSLY APPROVED | CC65: NO ISSUE | CD65: PREVIOUSLY APPROVED | CE65: NO ISSUE | CF65: PREVIOUSLY APPROVED | CG65: NO ISSUE | CH65: PREVIOUSLY APPROVED | CI65: NO ISSUE | CJ65: PREVIOUSLY APPROVED | CK65: NO ISSUE | CL65: PREVIOUSLY APPROVED | CM65: =IF( OR(CL65="APPROVED", CL65="PREVIOUSLY APPROVED"), "APPROVED", "REPROVED" ) -> APPROVED | CN65: GUI | CO65: FALSE
A66: 69 | B66: STONE | C66: STONE | D66: STONE | F66: =IFERROR(VLOOKUP(L66:L127,'R22 RELATÓRIO ACC'!B:F,5,FALSE),"NOT PUBLISHED") -> V10 | G66: =IFERROR(VLOOKUP(L66:L127,'R22 RELATÓRIO ACC'!B:P,15,FALSE),"NOT PUBLISHED") -> 11/05/2026 | H66: =IFERROR(VLOOKUP(M66:M127,'RELATÓRIO ACC'!B:F,5,FALSE),"NOT PUBLISHED") -> V3 | I66: =IFERROR(VLOOKUP(M66:M127,'RELATÓRIO ACC'!B:P,15,FALSE),"NOT PUBLISHED") -> 09/06/2026 | J66: V4 | K66: 46083 | L66: CPQ11-ARCH-STON-SITE-R23.rvt | M66: CPQ11-ARCH-STON-SITE-R24.rvt | N66: TRUE | O66: FALSE | P66: NOT FOUND | Q66: NOT FOUND | R66: NOT FOUND | S66: NOT FOUND | T66: NOT FOUND | U66: NOT FOUND | V66: NOT FOUND | W66: NOT FOUND | X66: NOT FOUND | Y66: NOT FOUND | Z66: NOT FOUND | AA66: NOT FOUND | AB66: NOT FOUND | AC66: NOT FOUND | AD66: NOT FOUND | AE66: NOT FOUND | AF66: NOT FOUND | AG66: NOT FOUND | AH66: NOT FOUND | AI66: NOT FOUND | AJ66: NOT FOUND | AK66: NOT FOUND | AL66: NOT FOUND | AM66: NOT FOUND | AN66: NOT FOUND | AO66: NOT FOUND | AP66: REPROVED | AQ66: POSTED ISSUE | AR66: REPROVED | AS66: POSTED ISSUE | AT66: OUTDATED | AU66: OUTDATED | AV66: REPROVED | AW66: POSTED ISSUE | AX66: APPROVED | AY66: NO ISSUE | AZ66: PREVIOUSLY APPROVED | BA66: NO ISSUE | BB66: PREVIOUSLY APPROVED | BC66: NO ISSUE | BD66: PREVIOUSLY APPROVED | BE66: NO ISSUE | BF66: PREVIOUSLY APPROVED | BG66: NO ISSUE | BH66: PREVIOUSLY APPROVED | BI66: NO ISSUE | BJ66: PREVIOUSLY APPROVED | BK66: NO ISSUE | BL66: PREVIOUSLY APPROVED | BM66: NO ISSUE | BN66: PREVIOUSLY APPROVED | BO66: NO ISSUE | BP66: PREVIOUSLY APPROVED | BQ66: NO ISSUE | BR66: PREVIOUSLY APPROVED | BS66: NO ISSUE | BT66: PREVIOUSLY APPROVED | BU66: NO ISSUE | BV66: PREVIOUSLY APPROVED | BW66: NO ISSUE | BX66: PREVIOUSLY APPROVED | BY66: NO ISSUE | BZ66: PREVIOUSLY APPROVED | CA66: NO ISSUE | CB66: PREVIOUSLY APPROVED | CC66: NO ISSUE | CD66: PREVIOUSLY APPROVED | CE66: NO ISSUE | CF66: PREVIOUSLY APPROVED | CG66: NO ISSUE | CH66: PREVIOUSLY APPROVED | CI66: NO ISSUE | CJ66: PREVIOUSLY APPROVED | CK66: NO ISSUE | CL66: PREVIOUSLY APPROVED | CM66: =IF( OR(CL66="APPROVED", CL66="PREVIOUSLY APPROVED"), "APPROVED", "REPROVED" ) -> APPROVED | CO66: FALSE
A67: 71 | B67: MEGADOORS | D67: SPBIM | F67: =IFERROR(VLOOKUP(L67:L128,'R22 RELATÓRIO ACC'!B:F,5,FALSE),"NOT PUBLISHED") -> V4 | G67: =IFERROR(VLOOKUP(L67:L128,'R22 RELATÓRIO ACC'!B:P,15,FALSE),"NOT PUBLISHED") -> 10/04/2026 | H67: =IFERROR(VLOOKUP(M67:M128,'RELATÓRIO ACC'!B:F,5,FALSE),"NOT PUBLISHED") -> V2 | I67: =IFERROR(VLOOKUP(M67:M128,'RELATÓRIO ACC'!B:P,15,FALSE),"NOT PUBLISHED") -> 04/06/2026 | J67: V1 | K67: 46092 | L67: CPQ11-ARCH-OHCD-DATA-R22.rvt | M67: CPQ11-ARCH-OHCD-DATA-R24.rvt | N67: TRUE | O67: TRUE | P67: NOT FOUND | Q67: NOT FOUND | R67: NOT FOUND | S67: NOT FOUND | T67: NOT FOUND | U67: NOT FOUND | V67: NOT FOUND | W67: NOT FOUND | X67: NOT FOUND | Y67: NOT FOUND | Z67: NOT FOUND | AA67: NOT FOUND | AB67: NOT FOUND | AC67: NOT FOUND | AD67: NOT FOUND | AE67: NOT FOUND | AF67: NOT FOUND | AG67: NOT FOUND | AH67: NOT FOUND | AI67: NOT FOUND | AJ67: NOT FOUND | AK67: NOT FOUND | AL67: NOT FOUND | AM67: NOT FOUND | AN67: NOT FOUND | AO67: NOT FOUND | AP67: NOT FOUND | AQ67: NOT FOUND | AR67: NOT FOUND | AS67: NOT FOUND | AT67: NOT FOUND | AU67: NOT FOUND | AV67: NOT FOUND | AW67: NOT FOUND | AX67: NOT FOUND | AY67: NOT FOUND | AZ67: NOT FOUND | BA67: NOT FOUND | BB67: NEXT ROUND | BC67: NEXT ROUND | BD67: NEXT ROUND | BE67: NEXT ROUND | BF67: NEXT ROUND | BG67: NEXT ROUND | BH67: APPROVED | BI67: NO ISSUE | BJ67: PREVIOUSLY APPROVED | BK67: NO ISSUE | BL67: PREVIOUSLY APPROVED | BM67: NO ISSUE | BN67: PREVIOUSLY APPROVED | BO67: NO ISSUE | BP67: PREVIOUSLY APPROVED | BQ67: NO ISSUE | BR67: PREVIOUSLY APPROVED | BS67: NO ISSUE | BT67: PREVIOUSLY APPROVED | BU67: NO ISSUE | BV67: PREVIOUSLY APPROVED | BW67: NO ISSUE | BX67: PREVIOUSLY APPROVED | BY67: NO ISSUE | BZ67: PREVIOUSLY APPROVED | CA67: NO ISSUE | CB67: PREVIOUSLY APPROVED | CC67: NO ISSUE | CD67: PREVIOUSLY APPROVED | CE67: NO ISSUE | CF67: PREVIOUSLY APPROVED | CG67: NO ISSUE | CH67: PREVIOUSLY APPROVED | CI67: NO ISSUE | CJ67: PREVIOUSLY APPROVED | CK67: NO ISSUE | CL67: PREVIOUSLY APPROVED | CM67: =IF( OR(CL67="APPROVED", CL67="PREVIOUSLY APPROVED"), "APPROVED", "REPROVED" ) -> APPROVED | CO67: FALSE
A68: 11 | B68: IDEIA DRYWALL | D68: FCH | E68: 1126 | F68: =IFERROR(VLOOKUP(L68:L129,'R22 RELATÓRIO ACC'!B:F,5,FALSE),"NOT PUBLISHED") -> V14 | G68: =IFERROR(VLOOKUP(L68:L129,'R22 RELATÓRIO ACC'!B:P,15,FALSE),"NOT PUBLISHED") -> 30/01/2026 | H68: =IFERROR(VLOOKUP(M68:M129,'RELATÓRIO ACC'!B:F,5,FALSE),"NOT PUBLISHED") -> V1 | I68: =IFERROR(VLOOKUP(M68:M129,'RELATÓRIO ACC'!B:P,15,FALSE),"NOT PUBLISHED") -> 19/05/2026 | J68: V14 | K68: 46052 | L68: CPQ11-ARCH-PART-C345-R22.rvt | M68: CPQ11-ARCH-PART-C345-R24.rvt | N68: TRUE | O68: NON-RECIVED TABLE | P68: NOT FOUND | Q68: REPROVED | R68: REPROVED | S68: POSTED ISSUES | T68: REPROVED | U68: POSTED ISSUES | V68: OUTDATED | W68: OUTDATED | X68: OUTDATED | Y68: OUTDATED | Z68: OUTDATED | AA68: OUTDATED | AB68: REPROVED | AC68: POSTED ISSUES | AD68: OUTDATED | AE68: OUTDATED | AF68: OUTDATED | AG68: OUTDATED | AH68: OUTDATED | AI68: OUTDATED | AJ68: OUTDATED | AK68: OUTDATED | AL68: OUTDATED | AM68: OUTDATED | AN68: REPROVED | AO68: POSTED ISSUE | AP68: REPROVED | AQ68: POSTED ISSUE | AR68: APPROVED | AS68: POSTED ISSUE | AT68: PREVIOUSLY APPROVED | AU68: NO ISSUE | AV68: PREVIOUSLY APPROVED | AW68: NO ISSUE | AX68: PREVIOUSLY APPROVED | AY68: NO ISSUE | AZ68: PREVIOUSLY APPROVED | BA68: NO ISSUE | BB68: PREVIOUSLY APPROVED | BC68: NO ISSUE | BD68: PREVIOUSLY APPROVED | BE68: NO ISSUE | BF68: PREVIOUSLY APPROVED | BG68: NO ISSUE | BH68: PREVIOUSLY APPROVED | BI68: NO ISSUE | BJ68: PREVIOUSLY APPROVED | BK68: NO ISSUE | BL68: PREVIOUSLY APPROVED | BM68: NO ISSUE | BN68: PREVIOUSLY APPROVED | BO68: NO ISSUE | BP68: PREVIOUSLY APPROVED | BQ68: NO ISSUE | BR68: PREVIOUSLY APPROVED | BS68: NO ISSUE | BT68: PREVIOUSLY APPROVED | BU68: NO ISSUE | BV68: PREVIOUSLY APPROVED | BW68: NO ISSUE | BX68: PREVIOUSLY APPROVED | BY68: NO ISSUE | BZ68: PREVIOUSLY APPROVED | CA68: NO ISSUE | CB68: PREVIOUSLY APPROVED | CC68: NO ISSUE | CD68: PREVIOUSLY APPROVED | CE68: NO ISSUE | CF68: PREVIOUSLY APPROVED | CG68: NO ISSUE | CH68: PREVIOUSLY APPROVED | CI68: NO ISSUE | CJ68: PREVIOUSLY APPROVED | CK68: NO ISSUE | CL68: PREVIOUSLY APPROVED | CM68: =IF( OR(CL68="APPROVED", CL68="PREVIOUSLY APPROVED"), "APPROVED", "REPROVED" ) -> APPROVED | CP68: ABERTO | CQ68: SEM INTERAÇÃO
A69: 27 | B69: MENDES HOLLER | C69: 1112 | D69: PGMAK | E69: 1129 | F69: =IFERROR(VLOOKUP(L69:L130,'R22 RELATÓRIO ACC'!B:F,5,FALSE),"NOT PUBLISHED") -> V33 | G69: =IFERROR(VLOOKUP(L69:L130,'R22 RELATÓRIO ACC'!B:P,15,FALSE),"NOT PUBLISHED") -> 05/03/2026 | H69: =IFERROR(VLOOKUP(M69:M130,'RELATÓRIO ACC'!B:F,5,FALSE),"NOT PUBLISHED") -> V1 | I69: =IFERROR(VLOOKUP(M69:M130,'RELATÓRIO ACC'!B:P,15,FALSE),"NOT PUBLISHED") -> 19/05/2026 | J69: V33 | K69: 46086 | L69: CPQ11-ELEC-ELEC-SITE-R22.rvt | M69: CPQ11-ELEC-ELEC-SITE-R24.rvt | N69: TRUE | O69: TRUE | P69: NOT FOUND | Q69: REPROVED | R69: REPROVED | S69: POSTED ISSUES | T69: REPROVED | U69: POSTED ISSUES | V69: OUTDATED | W69: OUTDATED | X69: OUTDATED | Y69: OUTDATED | Z69: REPROVED | AA69: POSTED ISSUES | AB69: REPROVED | AC69: POSTED ISSUES | AD69: REPROVED | AE69: POSTED ISSUES | AF69: OUTDATED | AG69: OUTDATED | AH69: NEXT ROUND | AI69: NEXT ROUND | AJ69: REPROVED | AK69: POSTED ISSUE | AL69: REPROVED | AM69: POSTED ISSUE | AN69: REPROVED | AO69: POSTED ISSUE | AP69: OUTDATED | AQ69: OUTDATED | AR69: OUTDATED | AS69: OUTDATED | AT69: REPROVED | AU69: POSTED ISSUE | AV69: REPROVED | AW69: POSTED ISSUE | AX69: OUTDATED | AY69: OUTDATED | AZ69: APPROVED | BA69: NO ISSUE | BB69: PREVIOUSLY APPROVED | BC69: NO ISSUE | BD69: PREVIOUSLY APPROVED | BE69: NO ISSUE | BF69: PREVIOUSLY APPROVED | BG69: NO ISSUE | BH69: PREVIOUSLY APPROVED | BI69: NO ISSUE | BJ69: PREVIOUSLY APPROVED | BK69: NO ISSUE | BL69: PREVIOUSLY APPROVED | BM69: NO ISSUE | BN69: PREVIOUSLY APPROVED | BO69: NO ISSUE | BP69: PREVIOUSLY APPROVED | BQ69: NO ISSUE | BR69: PREVIOUSLY APPROVED | BS69: NO ISSUE | BT69: PREVIOUSLY APPROVED | BU69: NO ISSUE | BV69: PREVIOUSLY APPROVED | BW69: NO ISSUE | BX69: PREVIOUSLY APPROVED | BY69: NO ISSUE | BZ69: PREVIOUSLY APPROVED | CA69: NO ISSUE | CB69: PREVIOUSLY APPROVED | CC69: NO ISSUE | CD69: PREVIOUSLY APPROVED | CE69: NO ISSUE | CF69: PREVIOUSLY APPROVED | CG69: NO ISSUE | CH69: PREVIOUSLY APPROVED | CI69: NO ISSUE | CJ69: PREVIOUSLY APPROVED | CK69: NO ISSUE | CL69: PREVIOUSLY APPROVED | CM69: =IF( OR(CL69="APPROVED", CL69="PREVIOUSLY APPROVED"), "APPROVED", "REPROVED" ) -> APPROVED | CP69: ABERTO | CQ69: SEM INTERAÇÃO
A70: 41 | B70: MENDES HOLLER | C70: 1112 | D70: PGMAK | E70: 1129 | F70: =IFERROR(VLOOKUP(L70:L131,'R22 RELATÓRIO ACC'!B:F,5,FALSE),"NOT PUBLISHED") -> V30 | G70: =IFERROR(VLOOKUP(L70:L131,'R22 RELATÓRIO ACC'!B:P,15,FALSE),"NOT PUBLISHED") -> 24/03/2026 | H70: =IFERROR(VLOOKUP(M70:M131,'RELATÓRIO ACC'!B:F,5,FALSE),"NOT PUBLISHED") -> V2 | I70: =IFERROR(VLOOKUP(M70:M131,'RELATÓRIO ACC'!B:P,15,FALSE),"NOT PUBLISHED") -> 13/07/2026 | J70: V30 | K70: 24/03/2026 | L70: CPQ11-PLMB-PLMB-DATA-R22.rvt | M70: CPQ11-PLMB-PLMB-DATA-R24.rvt | N70: TRUE | O70: TRUE | P70: NOT FOUND | Q70: REPROVED | R70: REPROVED | S70: POSTED ISSUES | T70: REPROVED | U70: POSTED ISSUES | V70: OUTDATED | W70: OUTDATED | X70: OUTDATED | Y70: OUTDATED | Z70: REPROVED | AA70: POSTED ISSUES | AB70: OUTDATED | AC70: OUTDATED | AD70: REPROVED | AE70: POSTED ISSUES | AF70: OUTDATED | AG70: OUTDATED | AH70: REPROVED | AI70: POSTED ISSUE | AJ70: OUTDATED | AK70: OUTDATED | AL70: REPROVED | AM70: POSTED ISSUE | AN70: REPROVED | AO70: POSTED ISSUE | AP70: REPROVED | AQ70: POSTED ISSUE | AR70: OUTDATED | AS70: OUTDATED | AT70: REPROVED | AU70: POSTED ISSUE | AV70: REPROVED | AW70: POSTED ISSUE | AX70: OUTDATED | AY70: OUTDATED | AZ70: REPROVED | BA70: POSTED ISSUE | BB70: OUTDATED | BC70: OUTDATED | BD70: OUTDATED | BE70: OUTDATED | BF70: APPROVED | BG70: POSTED ISSUE | BH70: PREVIOUSLY APPROVED | BI70: NO ISSUE | BJ70: PREVIOUSLY APPROVED | BK70: NO ISSUE | BL70: PREVIOUSLY APPROVED | BM70: NO ISSUE | BN70: PREVIOUSLY APPROVED | BO70: NO ISSUE | BP70: PREVIOUSLY APPROVED | BQ70: NO ISSUE | BR70: PREVIOUSLY APPROVED | BS70: NO ISSUE | BT70: PREVIOUSLY APPROVED | BU70: NO ISSUE | BV70: PREVIOUSLY APPROVED | BW70: NO ISSUE | BX70: PREVIOUSLY APPROVED | BY70: NO ISSUE | BZ70: PREVIOUSLY APPROVED | CA70: NO ISSUE | CB70: PREVIOUSLY APPROVED | CC70: NO ISSUE | CD70: PREVIOUSLY APPROVED | CE70: NO ISSUE | CF70: PREVIOUSLY APPROVED | CG70: NO ISSUE | CH70: PREVIOUSLY APPROVED | CI70: NO ISSUE | CJ70: PREVIOUSLY APPROVED | CK70: NO ISSUE | CL70: PREVIOUSLY APPROVED | CM70: =IF( OR(BF70="APPROVED", BF70="PREVIOUSLY APPROVED"), "APPROVED", "REPROVED" ) -> APPROVED | CN70: GUI | CO70: FALSE
A71: 54 | B71: METASA | C71: 1125 | D71: METASA | E71: 1125 | F71: =IFERROR(VLOOKUP(L71:L132,'R22 RELATÓRIO ACC'!B:F,5,FALSE),"NOT PUBLISHED") -> V7 | G71: =IFERROR(VLOOKUP(L71:L132,'R22 RELATÓRIO ACC'!B:P,15,FALSE),"NOT PUBLISHED") -> 07/11/2025 | H71: =IFERROR(VLOOKUP(M71:M132,'RELATÓRIO ACC'!B:F,5,FALSE),"NOT PUBLISHED") -> V1 | I71: =IFERROR(VLOOKUP(M71:M132,'RELATÓRIO ACC'!B:P,15,FALSE),"NOT PUBLISHED") -> 21/05/2026 | J71: V7 | K71: 45854 | L71: CPQ11-STRC-STEE-COL1-2X3.ifc | M71: CPQ11-STRC-STEE-COL1-2X3.ifc | N71: TRUE | O71: TRUE | P71: NOT FOUND | Q71: REPROVED | R71: REPROVED | S71: POSTED ISSUES | T71: REPROVED | U71: POSTED ISSUES | V71: OUTDATED | W71: OUTDATED | X71: OUTDATED | Y71: OUTDATED | Z71: OUTDATED | AA71: OUTDATED | AB71: OUTDATED | AC71: OUTDATED | AD71: OUTDATED | AE71: OUTDATED | AF71: APPROVED | AG71: NO ISSUE | AH71: PREVIOUSLY APPROVED | AI71: NO ISSUE | AJ71: PREVIOUSLY APPROVED | AK71: NO ISSUE | AL71: PREVIOUSLY APPROVED | AM71: NO ISSUE | AN71: PREVIOUSLY APPROVED | AO71: NO ISSUE | AP71: PREVIOUSLY APPROVED | AQ71: NO ISSUE | AR71: PREVIOUSLY APPROVED | AS71: NO ISSUE | AT71: PREVIOUSLY APPROVED | AU71: NO ISSUE | AV71: PREVIOUSLY APPROVED | AW71: NO ISSUE | AX71: PREVIOUSLY APPROVED | AY71: NO ISSUE | AZ71: PREVIOUSLY APPROVED | BA71: NO ISSUE | BB71: PREVIOUSLY APPROVED | BC71: NO ISSUE | BD71: PREVIOUSLY APPROVED | BE71: NO ISSUE | BF71: PREVIOUSLY APPROVED | BG71: NO ISSUE | BH71: PREVIOUSLY APPROVED | BI71: NO ISSUE | BJ71: PREVIOUSLY APPROVED | BK71: NO ISSUE | BL71: PREVIOUSLY APPROVED | BM71: NO ISSUE | BN71: PREVIOUSLY APPROVED | BO71: NO ISSUE | BP71: PREVIOUSLY APPROVED | BQ71: NO ISSUE | BR71: PREVIOUSLY APPROVED | BS71: NO ISSUE | BT71: PREVIOUSLY APPROVED | BU71: NO ISSUE | BV71: PREVIOUSLY APPROVED | BW71: NO ISSUE | BX71: PREVIOUSLY APPROVED | BY71: NO ISSUE | BZ71: PREVIOUSLY APPROVED | CA71: NO ISSUE | CB71: PREVIOUSLY APPROVED | CC71: NO ISSUE | CD71: PREVIOUSLY APPROVED | CE71: NO ISSUE | CF71: PREVIOUSLY APPROVED | CG71: NO ISSUE | CH71: PREVIOUSLY APPROVED | CI71: NO ISSUE | CJ71: PREVIOUSLY APPROVED | CK71: NO ISSUE | CL71: PREVIOUSLY APPROVED | CM71: =IF( OR(CL71="APPROVED", CL71="PREVIOUSLY APPROVED"), "APPROVED", "REPROVED" ) -> APPROVED | CN71: GUI | CO71: FALSE
A72: 55 | B72: METASA | C72: 1125 | D72: METASA | E72: 1125 | F72: =IFERROR(VLOOKUP(L72:L133,'R22 RELATÓRIO ACC'!B:F,5,FALSE),"NOT PUBLISHED") -> V6 | G72: =IFERROR(VLOOKUP(L72:L133,'R22 RELATÓRIO ACC'!B:P,15,FALSE),"NOT PUBLISHED") -> 07/11/2025 | H72: =IFERROR(VLOOKUP(M72:M133,'RELATÓRIO ACC'!B:F,5,FALSE),"NOT PUBLISHED") -> V1 | I72: =IFERROR(VLOOKUP(M72:M133,'RELATÓRIO ACC'!B:P,15,FALSE),"NOT PUBLISHED") -> 21/05/2026 | J72: V6 | K72: 45968 | L72: CPQ11-STRC-STEE-COL2-2X3.ifc | M72: CPQ11-STRC-STEE-COL2-2X3.ifc | N72: TRUE | O72: TRUE | P72: NOT FOUND | Q72: REPROVED | R72: REPROVED | S72: POSTED ISSUES | T72: REPROVED | U72: POSTED ISSUES | V72: OUTDATED | W72: OUTDATED | X72: OUTDATED | Y72: OUTDATED | Z72: OUTDATED | AA72: OUTDATED | AB72: OUTDATED | AC72: OUTDATED | AD72: OUTDATED | AE72: OUTDATED | AF72: APPROVED | AG72: NO ISSUE | AH72: PREVIOUSLY APPROVED | AI72: NO ISSUE | AJ72: PREVIOUSLY APPROVED | AK72: NO ISSUE | AL72: PREVIOUSLY APPROVED | AM72: NO ISSUE | AN72: PREVIOUSLY APPROVED | AO72: NO ISSUE | AP72: PREVIOUSLY APPROVED | AQ72: NO ISSUE | AR72: PREVIOUSLY APPROVED | AS72: NO ISSUE | AT72: PREVIOUSLY APPROVED | AU72: NO ISSUE | AV72: PREVIOUSLY APPROVED | AW72: NO ISSUE | AX72: PREVIOUSLY APPROVED | AY72: NO ISSUE | AZ72: PREVIOUSLY APPROVED | BA72: NO ISSUE | BB72: PREVIOUSLY APPROVED | BC72: NO ISSUE | BD72: PREVIOUSLY APPROVED | BE72: NO ISSUE | BF72: PREVIOUSLY APPROVED | BG72: NO ISSUE | BH72: PREVIOUSLY APPROVED | BI72: NO ISSUE | BJ72: PREVIOUSLY APPROVED | BK72: NO ISSUE | BL72: PREVIOUSLY APPROVED | BM72: NO ISSUE | BN72: PREVIOUSLY APPROVED | BO72: NO ISSUE | BP72: PREVIOUSLY APPROVED | BQ72: NO ISSUE | BR72: PREVIOUSLY APPROVED | BS72: NO ISSUE | BT72: PREVIOUSLY APPROVED | BU72: NO ISSUE | BV72: PREVIOUSLY APPROVED | BW72: NO ISSUE | BX72: PREVIOUSLY APPROVED | BY72: NO ISSUE | BZ72: PREVIOUSLY APPROVED | CA72: NO ISSUE | CB72: PREVIOUSLY APPROVED | CC72: NO ISSUE | CD72: PREVIOUSLY APPROVED | CE72: NO ISSUE | CF72: PREVIOUSLY APPROVED | CG72: NO ISSUE | CH72: PREVIOUSLY APPROVED | CI72: NO ISSUE | CJ72: PREVIOUSLY APPROVED | CK72: NO ISSUE | CL72: PREVIOUSLY APPROVED | CM72: =IF( OR(CL72="APPROVED", CL72="PREVIOUSLY APPROVED"), "APPROVED", "REPROVED" ) -> APPROVED | CO72: FALSE
A73: 56 | B73: METASA | C73: 1125 | D73: METASA | E73: 1125 | F73: =IFERROR(VLOOKUP(L73:L134,'R22 RELATÓRIO ACC'!B:F,5,FALSE),"NOT PUBLISHED") -> V6 | G73: =IFERROR(VLOOKUP(L73:L134,'R22 RELATÓRIO ACC'!B:P,15,FALSE),"NOT PUBLISHED") -> 07/11/2025 | H73: =IFERROR(VLOOKUP(M73:M134,'RELATÓRIO ACC'!B:F,5,FALSE),"NOT PUBLISHED") -> V1 | I73: =IFERROR(VLOOKUP(M73:M134,'RELATÓRIO ACC'!B:P,15,FALSE),"NOT PUBLISHED") -> 21/05/2026 | J73: V6 | K73: 45968 | L73: CPQ11-STRC-STEE-COL3-2X3.ifc | M73: CPQ11-STRC-STEE-COL3-2X3.ifc | N73: TRUE | O73: TRUE | P73: NOT FOUND | Q73: REPROVED | R73: REPROVED | S73: POSTED ISSUES | T73: OUTDATED | U73: OUTDATED | V73: OUTDATED | W73: OUTDATED | X73: OUTDATED | Y73: OUTDATED | Z73: OUTDATED | AA73: OUTDATED | AB73: OUTDATED | AC73: OUTDATED | AD73: OUTDATED | AE73: OUTDATED | AF73: APPROVED | AG73: NO ISSUE | AH73: PREVIOUSLY APPROVED | AI73: NO ISSUE | AJ73: PREVIOUSLY APPROVED | AK73: NO ISSUE | AL73: PREVIOUSLY APPROVED | AM73: NO ISSUE | AN73: PREVIOUSLY APPROVED | AO73: NO ISSUE | AP73: PREVIOUSLY APPROVED | AQ73: NO ISSUE | AR73: PREVIOUSLY APPROVED | AS73: NO ISSUE | AT73: PREVIOUSLY APPROVED | AU73: NO ISSUE | AV73: PREVIOUSLY APPROVED | AW73: NO ISSUE | AX73: PREVIOUSLY APPROVED | AY73: NO ISSUE | AZ73: PREVIOUSLY APPROVED | BA73: NO ISSUE | BB73: PREVIOUSLY APPROVED | BC73: NO ISSUE | BD73: PREVIOUSLY APPROVED | BE73: NO ISSUE | BF73: PREVIOUSLY APPROVED | BG73: NO ISSUE | BH73: PREVIOUSLY APPROVED | BI73: NO ISSUE | BJ73: PREVIOUSLY APPROVED | BK73: NO ISSUE | BL73: PREVIOUSLY APPROVED | BM73: NO ISSUE | BN73: PREVIOUSLY APPROVED | BO73: NO ISSUE | BP73: PREVIOUSLY APPROVED | BQ73: NO ISSUE | BR73: PREVIOUSLY APPROVED | BS73: NO ISSUE | BT73: PREVIOUSLY APPROVED | BU73: NO ISSUE | BV73: PREVIOUSLY APPROVED | BW73: NO ISSUE | BX73: PREVIOUSLY APPROVED | BY73: NO ISSUE | BZ73: PREVIOUSLY APPROVED | CA73: NO ISSUE | CB73: PREVIOUSLY APPROVED | CC73: NO ISSUE | CD73: PREVIOUSLY APPROVED | CE73: NO ISSUE | CF73: PREVIOUSLY APPROVED | CG73: NO ISSUE | CH73: PREVIOUSLY APPROVED | CI73: NO ISSUE | CJ73: PREVIOUSLY APPROVED | CK73: NO ISSUE | CL73: PREVIOUSLY APPROVED | CM73: =IF( OR(CL73="APPROVED", CL73="PREVIOUSLY APPROVED"), "APPROVED", "REPROVED" ) -> APPROVED | CO73: FALSE
A74: 57 | B74: METASA | C74: 1125 | D74: METASA | E74: 1125 | F74: =IFERROR(VLOOKUP(L74:L135,'R22 RELATÓRIO ACC'!B:F,5,FALSE),"NOT PUBLISHED") -> V7 | G74: =IFERROR(VLOOKUP(L74:L135,'R22 RELATÓRIO ACC'!B:P,15,FALSE),"NOT PUBLISHED") -> 05/12/2025 | H74: =IFERROR(VLOOKUP(M74:M135,'RELATÓRIO ACC'!B:F,5,FALSE),"NOT PUBLISHED") -> V1 | I74: =IFERROR(VLOOKUP(M74:M135,'RELATÓRIO ACC'!B:P,15,FALSE),"NOT PUBLISHED") -> 21/05/2026 | J74: V7 | K74: 45996 | L74: CPQ11-STRC-STEE-COL4-2X3.ifc | M74: CPQ11-STRC-STEE-COL4-2X3.ifc | N74: TRUE | O74: TRUE | P74: NOT FOUND | Q74: APPROVED | R74: REPROVED | S74: POSTED ISSUES | T74: OUTDATED | U74: OUTDATED | V74: OUTDATED | W74: OUTDATED | X74: OUTDATED | Y74: OUTDATED | Z74: OUTDATED | AA74: OUTDATED | AB74: OUTDATED | AC74: OUTDATED | AD74: OUTDATED | AE74: OUTDATED | AF74: REPROVED | AG74: POSTED ISSUES | AH74: OUTDATED | AI74: OUTDATED | AJ74: OUTDATED | AK74: OUTDATED | AL74: APPROVED | AM74: NO ISSUE | AN74: PREVIOUSLY APPROVED | AO74: NO ISSUE | AP74: PREVIOUSLY APPROVED | AQ74: NO ISSUE | AR74: PREVIOUSLY APPROVED | AS74: NO ISSUE | AT74: PREVIOUSLY APPROVED | AU74: NO ISSUE | AV74: PREVIOUSLY APPROVED | AW74: NO ISSUE | AX74: PREVIOUSLY APPROVED | AY74: NO ISSUE | AZ74: PREVIOUSLY APPROVED | BA74: NO ISSUE | BB74: PREVIOUSLY APPROVED | BC74: NO ISSUE | BD74: PREVIOUSLY APPROVED | BE74: NO ISSUE | BF74: PREVIOUSLY APPROVED | BG74: NO ISSUE | BH74: PREVIOUSLY APPROVED | BI74: NO ISSUE | BJ74: PREVIOUSLY APPROVED | BK74: NO ISSUE | BL74: PREVIOUSLY APPROVED | BM74: NO ISSUE | BN74: PREVIOUSLY APPROVED | BO74: NO ISSUE | BP74: PREVIOUSLY APPROVED | BQ74: NO ISSUE | BR74: PREVIOUSLY APPROVED | BS74: NO ISSUE | BT74: PREVIOUSLY APPROVED | BU74: NO ISSUE | BV74: PREVIOUSLY APPROVED | BW74: NO ISSUE | BX74: PREVIOUSLY APPROVED | BY74: NO ISSUE | BZ74: PREVIOUSLY APPROVED | CA74: NO ISSUE | CB74: PREVIOUSLY APPROVED | CC74: NO ISSUE | CD74: PREVIOUSLY APPROVED | CE74: NO ISSUE | CF74: PREVIOUSLY APPROVED | CG74: NO ISSUE | CH74: PREVIOUSLY APPROVED | CI74: NO ISSUE | CJ74: PREVIOUSLY APPROVED | CK74: NO ISSUE | CL74: PREVIOUSLY APPROVED | CM74: =IF( OR(CL74="APPROVED", CL74="PREVIOUSLY APPROVED"), "APPROVED", "REPROVED" ) -> APPROVED | CN74: GUI | CO74: FALSE
A75: 58 | B75: METASA | C75: 1125 | D75: METASA | E75: 1125 | F75: =IFERROR(VLOOKUP(L75:L136,'R22 RELATÓRIO ACC'!B:F,5,FALSE),"NOT PUBLISHED") -> V6 | G75: =IFERROR(VLOOKUP(L75:L136,'R22 RELATÓRIO ACC'!B:P,15,FALSE),"NOT PUBLISHED") -> 07/11/2025 | H75: =IFERROR(VLOOKUP(M75:M136,'RELATÓRIO ACC'!B:F,5,FALSE),"NOT PUBLISHED") -> V1 | I75: =IFERROR(VLOOKUP(M75:M136,'RELATÓRIO ACC'!B:P,15,FALSE),"NOT PUBLISHED") -> 21/05/2026 | J75: V6 | K75: 45968 | L75: CPQ11-STRC-STEE-COL5-2X3.ifc | M75: CPQ11-STRC-STEE-COL5-2X3.ifc | N75: TRUE | O75: TRUE | P75: NOT FOUND | Q75: REPROVED | R75: REPROVED | S75: POSTED ISSUES | T75: OUTDATED | U75: OUTDATED | V75: OUTDATED | W75: OUTDATED | X75: OUTDATED | Y75: OUTDATED | Z75: OUTDATED | AA75: OUTDATED | AB75: OUTDATED | AC75: OUTDATED | AD75: OUTDATED | AE75: OUTDATED | AF75: APPROVED | AG75: NO ISSUE | AH75: PREVIOUSLY APPROVED | AI75: NO ISSUE | AJ75: PREVIOUSLY APPROVED | AK75: NO ISSUE | AL75: PREVIOUSLY APPROVED | AM75: NO ISSUE | AN75: PREVIOUSLY APPROVED | AO75: NO ISSUE | AP75: PREVIOUSLY APPROVED | AQ75: NO ISSUE | AR75: PREVIOUSLY APPROVED | AS75: NO ISSUE | AT75: PREVIOUSLY APPROVED | AU75: NO ISSUE | AV75: PREVIOUSLY APPROVED | AW75: NO ISSUE | AX75: PREVIOUSLY APPROVED | AY75: NO ISSUE | AZ75: PREVIOUSLY APPROVED | BA75: NO ISSUE | BB75: PREVIOUSLY APPROVED | BC75: NO ISSUE | BD75: PREVIOUSLY APPROVED | BE75: NO ISSUE | BF75: PREVIOUSLY APPROVED | BG75: NO ISSUE | BH75: PREVIOUSLY APPROVED | BI75: NO ISSUE | BJ75: PREVIOUSLY APPROVED | BK75: NO ISSUE | BL75: PREVIOUSLY APPROVED | BM75: NO ISSUE | BN75: PREVIOUSLY APPROVED | BO75: NO ISSUE | BP75: PREVIOUSLY APPROVED | BQ75: NO ISSUE | BR75: PREVIOUSLY APPROVED | BS75: NO ISSUE | BT75: PREVIOUSLY APPROVED | BU75: NO ISSUE | BV75: PREVIOUSLY APPROVED | BW75: NO ISSUE | BX75: PREVIOUSLY APPROVED | BY75: NO ISSUE | BZ75: PREVIOUSLY APPROVED | CA75: NO ISSUE | CB75: PREVIOUSLY APPROVED | CC75: NO ISSUE | CD75: PREVIOUSLY APPROVED | CE75: NO ISSUE | CF75: PREVIOUSLY APPROVED | CG75: NO ISSUE | CH75: PREVIOUSLY APPROVED | CI75: NO ISSUE | CJ75: PREVIOUSLY APPROVED | CK75: NO ISSUE | CL75: PREVIOUSLY APPROVED | CM75: =IF( OR(CL75="APPROVED", CL75="PREVIOUSLY APPROVED"), "APPROVED", "REPROVED" ) -> APPROVED | CO75: FALSE
A76: 59 | B76: METASA | C76: 1125 | D76: METASA | E76: 1125 | F76: =IFERROR(VLOOKUP(L76:L137,'R22 RELATÓRIO ACC'!B:F,5,FALSE),"NOT PUBLISHED") -> V6 | G76: =IFERROR(VLOOKUP(L76:L137,'R22 RELATÓRIO ACC'!B:P,15,FALSE),"NOT PUBLISHED") -> 01/11/2025 | H76: =IFERROR(VLOOKUP(M76:M137,'RELATÓRIO ACC'!B:F,5,FALSE),"NOT PUBLISHED") -> V1 | I76: =IFERROR(VLOOKUP(M76:M137,'RELATÓRIO ACC'!B:P,15,FALSE),"NOT PUBLISHED") -> 21/05/2026 | J76: V6 | K76: 45962 | L76: CPQ11-STRC-STEE-GUAR-2X3.ifc | M76: CPQ11-STRC-STEE-GUAR-2X3.ifc | N76: TRUE | O76: TRUE | P76: NOT FOUND | Q76: REPROVED | R76: REPROVED | S76: POSTED ISSUES | T76: REPROVED | U76: POSTED ISSUES | V76: OUTDATED | W76: OUTDATED | X76: OUTDATED | Y76: OUTDATED | Z76: OUTDATED | AA76: OUTDATED | AB76: OUTDATED | AC76: OUTDATED | AD76: OUTDATED | AE76: OUTDATED | AF76: APPROVED | AG76: NO ISSUE | AH76: PREVIOUSLY APPROVED | AI76: NO ISSUE | AJ76: PREVIOUSLY APPROVED | AK76: NO ISSUE | AL76: PREVIOUSLY APPROVED | AM76: NO ISSUE | AN76: PREVIOUSLY APPROVED | AO76: NO ISSUE | AP76: PREVIOUSLY APPROVED | AQ76: NO ISSUE | AR76: PREVIOUSLY APPROVED | AS76: NO ISSUE | AT76: PREVIOUSLY APPROVED | AU76: NO ISSUE | AV76: PREVIOUSLY APPROVED | AW76: NO ISSUE | AX76: PREVIOUSLY APPROVED | AY76: NO ISSUE | AZ76: PREVIOUSLY APPROVED | BA76: NO ISSUE | BB76: PREVIOUSLY APPROVED | BC76: NO ISSUE | BD76: PREVIOUSLY APPROVED | BE76: NO ISSUE | BF76: PREVIOUSLY APPROVED | BG76: NO ISSUE | BH76: PREVIOUSLY APPROVED | BI76: NO ISSUE | BJ76: PREVIOUSLY APPROVED | BK76: NO ISSUE | BL76: PREVIOUSLY APPROVED | BM76: NO ISSUE | BN76: PREVIOUSLY APPROVED | BO76: NO ISSUE | BP76: PREVIOUSLY APPROVED | BQ76: NO ISSUE | BR76: PREVIOUSLY APPROVED | BS76: NO ISSUE | BT76: PREVIOUSLY APPROVED | BU76: NO ISSUE | BV76: PREVIOUSLY APPROVED | BW76: NO ISSUE | BX76: PREVIOUSLY APPROVED | BY76: NO ISSUE | BZ76: PREVIOUSLY APPROVED | CA76: NO ISSUE | CB76: PREVIOUSLY APPROVED | CC76: NO ISSUE | CD76: PREVIOUSLY APPROVED | CE76: NO ISSUE | CF76: PREVIOUSLY APPROVED | CG76: NO ISSUE | CH76: PREVIOUSLY APPROVED | CI76: NO ISSUE | CJ76: PREVIOUSLY APPROVED | CK76: NO ISSUE | CL76: PREVIOUSLY APPROVED | CM76: =IF( OR(CL76="APPROVED", CL76="PREVIOUSLY APPROVED"), "APPROVED", "REPROVED" ) -> APPROVED | CO76: FALSE

Sheet 4D OVERVIEW
A1: 4D | B1: VERSÃO AUDITADA | C1: RESUMO
A2: ='4D CONTROL'!M3 -> CPQ11-EPMS-DEVS-DATA-R24.rvt | B2: ='4D CONTROL'!J3 -> V2 | C2: ='4D CONTROL'!CM3 -> REPROVED
A3: ='4D CONTROL'!M4 -> CPQ11-FALM-FALM-SITE-R24.rvt | B3: ='4D CONTROL'!J4 -> V3 | C3: ='4D CONTROL'!CM4 -> REPROVED
A4: ='4D CONTROL'!M5 -> CPQ11-FALM-FALM-DATA-R24.rvt | B4: ='4D CONTROL'!J5 -> V1 | C4: ='4D CONTROL'!CM5 -> REPROVED
A5: ='4D CONTROL'!M6 -> CPQ11-ARCH-PART-C12A-R24.rvt | B5: ='4D CONTROL'!J6 -> V23 | C5: ='4D CONTROL'!CM6 -> REPROVED
A6: ='4D CONTROL'!M7 -> CPQ11-ELEC-ELEC-DATA-R24.rvt | B6: ='4D CONTROL'!J7 -> V4 | C6: ='4D CONTROL'!CM7 -> REPROVED
A7: ='4D CONTROL'!M8 -> CPQ11-ELEC-SPDA-DATA-R24.rvt | B7: ='4D CONTROL'!J8 -> V5 | C7: ='4D CONTROL'!CM8 -> REPROVED
A8: ='4D CONTROL'!M9 -> CPQ11-ARCH-METL-SITE-R24.rvt | B8: ='4D CONTROL'!J9 -> V5 | C8: ='4D CONTROL'!CM9 -> REPROVED
A9: ='4D CONTROL'!M10 -> CPQ11-FPRT-FPRT-DATA-R24.rvt | B9: ='4D CONTROL'!J10 -> V4 | C9: ='4D CONTROL'!CM10 -> REPROVED
A10: ='4D CONTROL'!M11 -> CPQ11-ARCH-CEIL-DATA-R24.rvt | B10: ='4D CONTROL'!J11 -> V1 | C10: ='4D CONTROL'!CM11 -> REPROVED
A11: ='4D CONTROL'!M12 -> CPQ11-ARCH-CEIL-SITE-R24.rvt | B11: ='4D CONTROL'!J12 -> V1 | C11: ='4D CONTROL'!CM12 -> REPROVED
A12: ='4D CONTROL'!M13 -> CPQ11-SCTY-GATE-SITE-R24.rvt | B12: ='4D CONTROL'!J13 -> V4 | C12: ='4D CONTROL'!CM13 -> APPROVED
A13: ='4D CONTROL'!M14 -> CPQ11-STRC-FLOO-DATA-R24.rvt | B13: ='4D CONTROL'!J14 -> V2 | C13: ='4D CONTROL'!CM14 -> APPROVED
... A75: ='4D CONTROL'!M76 -> CPQ11-STRC-STEE-GUAR-2X3.ifc | B75: ='4D CONTROL'!J76 -> V6 | C75: ='4D CONTROL'!CM76 -> APPROVED

Sheet RELATÓRIO ACC
A1: Folder name and path | B1: Name | C1: Software version | D1: Model type | E1: Description | F1: Version number | G1: Published to | H1: Extracted to folder | I1: Added to Packages | J1: Publicly shared | K1: Synced with Bridge | L1: Markups | M1: Issues | N1: File size | O1: Last updated | P1: Last updated for control table | Q1: Updated by | R1: Version added at | S1: Version added by | T1: Review status
A2: 01-WORK IN PROGRESS/BIM/MODELS/DELEGATED DESIGN R24/ARCH | B2: CPQ11-ARCH-ARCH-DATA-R24.rvt | C2: Revit 2024 | D2: Added manually | F2: V3 | G2: -- | J2: -- | K2: Sharing to | L2: No published markups | M2: No unresolved issues | N2: 255.8 MB | O2: 46176.511 | P2: =IFERROR(__xludf.DUMMYFUNCTION("IFERROR( TEXT( DATE( INDEX(SPLIT(O2,"" ""),3), VLOOKUP(INDEX(SPLIT(O2,"" ""),1),{""jan."",1;""Feb"",2;""mar."",3;""Apr"",4;""May"",5;""jun."",6;""jul."",7;""Aug"",8;""sep"",9;""Oct"",10;""nov."",11;""Dec"",12},2,FALSE), INDEX(SPLIT"&"(O2,"" ""),2) ), ""dd/mm/yyyy"" ), """")"),"03/06/2026") -> 03/06/2026
A3: 01-WORK IN PROGRESS/BIM/MODELS/DELEGATED DESIGN R24/ARCH | B3: CPQ11-ARCH-ARCH-SITE-R24.rvt | C3: Revit 2024 | D3: Added manually | F3: V4 | G3: -- | J3: -- | K3: Sharing to | L3: No published markups | M3: No unresolved issues | N3: 69.4 MB | O3: 46218.549 | P3: =IFERROR(__xludf.DUMMYFUNCTION("IFERROR( TEXT( DATE( INDEX(SPLIT(O3,"" ""),3), VLOOKUP(INDEX(SPLIT(O3,"" ""),1),{""jan."",1;""Feb"",2;""mar."",3;""Apr"",4;""May"",5;""jun."",6;""jul."",7;""Aug"",8;""sep"",9;""Oct"",10;""nov."",11;""Dec"",12},2,FALSE), INDEX(SPLIT"&"(O3,"" ""),2) ), ""dd/mm/yyyy"" ), """")"),"15/07/2026") -> 15/07/2026
A4: 01-WORK IN PROGRESS/BIM/MODELS/DELEGATED DESIGN R24/ARCH | B4: CPQ11-ARCH-BLPR-GUAR-R24.rvt | C4: Revit 2024 | D4: Added manually | F4: V1 | G4: -- | J4: -- | K4: Sharing to | L4: No published markups | M4: No unresolved issues | N4: 36.2 MB | O4: May 20, 2026 5:55 PM | P4: =IFERROR(__xludf.DUMMYFUNCTION("IFERROR( TEXT( DATE( INDEX(SPLIT(O4,"" ""),3), VLOOKUP(INDEX(SPLIT(O4,"" ""),1),{""jan."",1;""Feb"",2;""mar."",3;""Apr"",4;""May"",5;""jun."",6;""jul."",7;""Aug"",8;""sep"",9;""Oct"",10;""nov."",11;""Dec"",12},2,FALSE), INDEX(SPLIT"&"(O4,"" ""),2) ), ""dd/mm/yyyy"" ), """")"),"20/05/2026") -> 20/05/2026
A5: 01-WORK IN PROGRESS/BIM/MODELS/DELEGATED DESIGN R24/ARCH | B5: CPQ11-ARCH-CEIL-DATA-R24.rvt | C5: Revit 2024 | D5: Added manually | F5: V1 | G5: -- | J5: -- | K5: Sharing to | L5: No published markups | M5: No unresolved issues | N5: 186.8 MB | O5: 46177.799 | P5: =IFERROR(__xludf.DUMMYFUNCTION("IFERROR( TEXT( DATE( INDEX(SPLIT(O5,"" ""),3), VLOOKUP(INDEX(SPLIT(O5,"" ""),1),{""jan."",1;""Feb"",2;""mar."",3;""Apr"",4;""May"",5;""jun."",6;""jul."",7;""Aug"",8;""sep"",9;""Oct"",10;""nov."",11;""Dec"",12},2,FALSE), INDEX(SPLIT"&"(O5,"" ""),2) ), ""dd/mm/yyyy"" ), """")"),"04/06/2026") -> 04/06/2026
A6: 01-WORK IN PROGRESS/BIM/MODELS/DELEGATED DESIGN R24/ARCH | B6: CPQ11-ARCH-CEIL-SITE-R24.rvt | C6: Revit 2024 | D6: Added manually | F6: V1 | G6: -- | J6: -- | K6: Sharing to | L6: No published markups | M6: No unresolved issues | N6: 49.2 MB | O6: 46185.705 | P6: =IFERROR(__xludf.DUMMYFUNCTION("IFERROR( TEXT( DATE( INDEX(SPLIT(O6,"" ""),3), VLOOKUP(INDEX(SPLIT(O6,"" ""),1),{""jan."",1;""Feb"",2;""mar."",3;""Apr"",4;""May"",5;""jun."",6;""jul."",7;""Aug"",8;""sep"",9;""Oct"",10;""nov."",11;""Dec"",12},2,FALSE), INDEX(SPLIT"&"(O6,"" ""),2) ), ""dd/mm/yyyy"" ), """")"),"12/06/2026") -> 12/06/2026
A7: 01-WORK IN PROGRESS/BIM/MODELS/DELEGATED DESIGN R24/ARCH | B7: CPQ11-ARCH-CHAI-SITE-R24.rvt | C7: Revit 2024 | D7: Added manually | F7: V1 | G7: -- | J7: -- | K7: Sharing to | L7: No published markups | M7: No unresolved issues | N7: 10.3 MB | O7: May 15, 2026 3:26 PM | P7: =IFERROR(__xludf.DUMMYFUNCTION("IFERROR( TEXT( DATE( INDEX(SPLIT(O7,"" ""),3), VLOOKUP(INDEX(SPLIT(O7,"" ""),1),{""jan."",1;""Feb"",2;""mar."",3;""Apr"",4;""May"",5;""jun."",6;""jul."",7;""Aug"",8;""sep"",9;""Oct"",10;""nov."",11;""Dec"",12},2,FALSE), INDEX(SPLIT"&"(O7,"" ""),2) ), ""dd/mm/yyyy"" ), """")"),"15/05/2026") -> 15/05/2026
A8: 01-WORK IN PROGRESS/BIM/MODELS/DELEGATED DESIGN R24/ARCH | B8: CPQ11-ARCH-FACD-DATA-R24.rvt | C8: Revit 2024 | D8: Added manually | F8: V3 | G8: -- | J8: -- | K8: Sharing to | L8: No published markups | M8: No unresolved issues | N8: 132.9 MB | O8: 46210.751 | P8: =IFERROR(__xludf.DUMMYFUNCTION("IFERROR( TEXT( DATE( INDEX(SPLIT(O8,"" ""),3), VLOOKUP(INDEX(SPLIT(O8,"" ""),1),{""jan."",1;""Feb"",2;""mar."",3;""Apr"",4;""May"",5;""jun."",6;""jul."",7;""Aug"",8;""sep"",9;""Oct"",10;""nov."",11;""Dec"",12},2,FALSE), INDEX(SPLIT"&"(O8,"" ""),2) ), ""dd/mm/yyyy"" ), """")"),"07/07/2026") -> 07/07/2026
A9: 01-WORK IN PROGRESS/BIM/MODELS/DELEGATED DESIGN R24/ARCH | B9: CPQ11-ARCH-HM90-DATA-R24.rvt | C9: Revit 2024 | D9: Added manually | F9: V2 | G9: -- | J9: -- | K9: Sharing to | L9: No published markups | M9: No unresolved issues | N9: 30.9 MB | O9: 46199.594 | P9: =IFERROR(__xludf.DUMMYFUNCTION("IFERROR( TEXT( DATE( INDEX(SPLIT(O9,"" ""),3), VLOOKUP(INDEX(SPLIT(O9,"" ""),1),{""jan."",1;""Feb"",2;""mar."",3;""Apr"",4;""May"",5;""jun."",6;""jul."",7;""Aug"",8;""sep"",9;""Oct"",10;""nov."",11;""Dec"",12},2,FALSE), INDEX(SPLIT"&"(O9,"" ""),2) ), ""dd/mm/yyyy"" ), """")"),"26/06/2026") -> 26/06/2026
A10: 01-WORK IN PROGRESS/BIM/MODELS/DELEGATED DESIGN R24/ARCH | B10: CPQ11-ARCH-HMET-DATA-R24.rvt | C10: Revit 2024 | D10: Added manually | F10: V1 | G10: -- | J10: -- | K10: Sharing to | L10: No published markups | M10: No unresolved issues | N10: 75.2 MB | O10: May 15, 2026 4:56 PM | P10: =IFERROR(__xludf.DUMMYFUNCTION("IFERROR( TEXT( DATE( INDEX(SPLIT(O10,"" ""),3), VLOOKUP(INDEX(SPLIT(O10,"" ""),1),{""jan."",1;""Feb"",2;""mar."",3;""Apr"",4;""May"",5;""jun."",6;""jul."",7;""Aug"",8;""sep"",9;""Oct"",10;""nov."",11;""Dec"",12},2,FALSE), INDEX(SPL"&"IT(O10,"" ""),2) ), ""dd/mm/yyyy"" ), """")"),"15/05/2026") -> 15/05/2026
A11: 01-WORK IN PROGRESS/BIM/MODELS/DELEGATED DESIGN R24/ARCH | B11: CPQ11-ARCH-HMET-SITE-R24.rvt | C11: Revit 2024 | D11: Added manually | F11: V1 | G11: -- | J11: -- | K11: Sharing to | L11: No published markups | M11: No unresolved issues | N11: 26.7 MB | O11: May 15, 2026 5:26 PM | P11: =IFERROR(__xludf.DUMMYFUNCTION("IFERROR( TEXT( DATE( INDEX(SPLIT(O11,"" ""),3), VLOOKUP(INDEX(SPLIT(O11,"" ""),1),{""jan."",1;""Feb"",2;""mar."",3;""Apr"",4;""May"",5;""jun."",6;""jul."",7;""Aug"",8;""sep"",9;""Oct"",10;""nov."",11;""Dec"",12},2,FALSE), INDEX(SPL"&"IT(O11,"" ""),2) ), ""dd/mm/yyyy"" ), """")"),"15/05/2026") -> 15/05/2026
A12: 01-WORK IN PROGRESS/BIM/MODELS/DELEGATED DESIGN R24/ARCH | B12: CPQ11-ARCH-METL-SITE-R24.rvt | C12: Revit 2024 | D12: Added manually | F12: V5 | G12: -- | J12: -- | K12: Sharing to | L12: No published markups | M12: No unresolved issues | N12: 36.3 MB | O12: 46195.672 | P12: =IFERROR(__xludf.DUMMYFUNCTION("IFERROR( TEXT( DATE( INDEX(SPLIT(O12,"" ""),3), VLOOKUP(INDEX(SPLIT(O12,"" ""),1),{""jan."",1;""Feb"",2;""mar."",3;""Apr"",4;""May"",5;""jun."",6;""jul."",7;""Aug"",8;""sep"",9;""Oct"",10;""nov."",11;""Dec"",12},2,FALSE), INDEX(SPL"&"IT(O12,"" ""),2) ), ""dd/mm/yyyy"" ), """")"),"22/06/2026") -> 22/06/2026
A13: 01-WORK IN PROGRESS/BIM/MODELS/DELEGATED DESIGN R24/ARCH | B13: CPQ11-ARCH-OHCD-DATA-R24.rvt | C13: Revit 2024 | D13: Added manually | F13: V2 | G13: -- | J13: -- | K13: Sharing to | L13: No published markups | M13: No unresolved issues | N13: 11.6 MB | O13: 46177.46 | P13: =IFERROR(__xludf.DUMMYFUNCTION("IFERROR( TEXT( DATE( INDEX(SPLIT(O13,"" ""),3), VLOOKUP(INDEX(SPLIT(O13,"" ""),1),{""jan."",1;""Feb"",2;""mar."",3;""Apr"",4;""May"",5;""jun."",6;""jul."",7;""Aug"",8;""sep"",9;""Oct"",10;""nov."",11;""Dec"",12},2,FALSE), INDEX(SPL"&"IT(O13,"" ""),2) ), ""dd/mm/yyyy"" ), """")"),"04/06/2026") -> 04/06/2026
A14: 01-WORK IN PROGRESS/BIM/MODELS/DELEGATED DESIGN R24/ARCH | B14: CPQ11-ARCH-PART-C12A-R24.rvt | C14: Revit 2024 | D14: Added manually | F14: V2 | G14: -- | J14: -- | K14: Sharing to | L14: No published markups | M14: No unresolved issues | N14: 87.8 MB | O14: May 27, 2026 10:24 AM | P14: =IFERROR(__xludf.DUMMYFUNCTION("IFERROR( TEXT( DATE( INDEX(SPLIT(O14,"" ""),3), VLOOKUP(INDEX(SPLIT(O14,"" ""),1),{""jan."",1;""Feb"",2;""mar."",3;""Apr"",4;""May"",5;""jun."",6;""jul."",7;""Aug"",8;""sep"",9;""Oct"",10;""nov."",11;""Dec"",12},2,FALSE), INDEX(SPL"&"IT(O14,"" ""),2) ), ""dd/mm/yyyy"" ), """")"),"27/05/2026") -> 27/05/2026
A15: 01-WORK IN PROGRESS/BIM/MODELS/DELEGATED DESIGN R24/ARCH | B15: CPQ11-ARCH-PART-C345-R24.rvt | C15: Revit 2024 | D15: Added manually | F15: V1 | G15: -- | J15: -- | K15: Sharing to | L15: No published markups | M15: No unresolved issues | N15: 68.2 MB | O15: May 19, 2026 2:37 PM | P15: =IFERROR(__xludf.DUMMYFUNCTION("IFERROR( TEXT( DATE( INDEX(SPLIT(O15,"" ""),3), VLOOKUP(INDEX(SPLIT(O15,"" ""),1),{""jan."",1;""Feb"",2;""mar."",3;""Apr"",4;""May"",5;""jun."",6;""jul."",7;""Aug"",8;""sep"",9;""Oct"",10;""nov."",11;""Dec"",12},2,FALSE), INDEX(SPL"&"IT(O15,"" ""),2) ), ""dd/mm/yyyy"" ), """")"),"19/05/2026") -> 19/05/2026
A16: 01-WORK IN PROGRESS/BIM/MODELS/DELEGATED DESIGN R24/ARCH | B16: CPQ11-ARCH-PART-SITE-R24.rvt | C16: Revit 2024 | D16: Added manually | F16: V2 | G16: -- | J16: -- | K16: Sharing to | L16: No published markups | M16: No unresolved issues | N16: 21.6 MB | O16: 46190.818 | P16: =IFERROR(__xludf.DUMMYFUNCTION("IFERROR( TEXT( DATE( INDEX(SPLIT(O16,"" ""),3), VLOOKUP(INDEX(SPLIT(O16,"" ""),1),{""jan."",1;""Feb"",2;""mar."",3;""Apr"",4;""May"",5;""jun."",6;""jul."",7;""Aug"",8;""sep"",9;""Oct"",10;""nov."",11;""Dec"",12},2,FALSE), INDEX(SPL"&"IT(O16,"" ""),2) ), ""dd/mm/yyyy"" ), """")"),"17/06/2026") -> 17/06/2026
A17: 01-WORK IN PROGRESS/BIM/MODELS/DELEGATED DESIGN R24/ARCH | B17: CPQ11-ARCH-ROOF-DATA-R24.rvt | C17: Revit 2024 | D17: Added manually | F17: V2 | G17: -- | J17: -- | K17: Sharing to | L17: No published markups | M17: No unresolved issues | N17: 22.6 MB | O17: May 20, 2026 3:57 PM | P17: =IFERROR(__xludf.DUMMYFUNCTION("IFERROR( TEXT( DATE( INDEX(SPLIT(O17,"" ""),3), VLOOKUP(INDEX(SPLIT(O17,"" ""),1),{""jan."",1;""Feb"",2;""mar."",3;""Apr"",4;""May"",5;""jun."",6;""jul."",7;""Aug"",8;""sep"",9;""Oct"",10;""nov."",11;""Dec"",12},2,FALSE), INDEX(SPL"&"IT(O17,"" ""),2) ), ""dd/mm/yyyy"" ), """")"),"20/05/2026") -> 20/05/2026
A18: 01-WORK IN PROGRESS/BIM/MODELS/DELEGATED DESIGN R24/ARCH | B18: CPQ11-ARCH-SHLV-DATA-R24.rvt | C18: Revit 2024 | D18: Added manually | F18: V1 | G18: -- | J18: -- | K18: Sharing to | L18: No published markups | M18: No unresolved issues | N18: 23.3 MB | O18: May 20, 2026 5:54 PM | P18: =IFERROR(__xludf.DUMMYFUNCTION("IFERROR( TEXT( DATE( INDEX(SPLIT(O18,"" ""),3), VLOOKUP(INDEX(SPLIT(O18,"" ""),1),{""jan."",1;""Feb"",2;""mar."",3;""Apr"",4;""May"",5;""jun."",6;""jul."",7;""Aug"",8;""sep"",9;""Oct"",10;""nov."",11;""Dec"",12},2,FALSE), INDEX(SPL"&"IT(O18,"" ""),2) ), ""dd/mm/yyyy"" ), """")"),"20/05/2026") -> 20/05/2026
A19: 01-WORK IN PROGRESS/BIM/MODELS/DELEGATED DESIGN R24/ARCH | B19: CPQ11-ARCH-STON-SITE-R24.rvt | C19: Revit 2024 | D19: Added manually | F19: V3 | G19: -- | J19: -- | K19: Sharing to | L19: No published markups | M19: No unresolved issues | N19: 10.4 MB | O19: 46182.601 | P19: =IFERROR(__xludf.DUMMYFUNCTION("IFERROR( TEXT( DATE( INDEX(SPLIT(O19,"" ""),3), VLOOKUP(INDEX(SPLIT(O19,"" ""),1),{""jan."",1;""Feb"",2;""mar."",3;""Apr"",4;""May"",5;""jun."",6;""jul."",7;""Aug"",8;""sep"",9;""Oct"",10;""nov."",11;""Dec"",12},2,FALSE), INDEX(SPL"&"IT(O19,"" ""),2) ), ""dd/mm/yyyy"" ), """")"),"09/06/2026") -> 09/06/2026
A20: 01-WORK IN PROGRESS/BIM/MODELS/DELEGATED DESIGN R24/ARCH | B20: CPQ11-ARCH-WMES-DATA-R24.rvt | C20: Revit 2024 | D20: Added manually | F20: V3 | G20: -- | J20: -- | K20: Sharing to | L20: No published markups | M20: No unresolved issues | N20: 31.3 MB | O20: 46197.677 | P20: =IFERROR(__xludf.DUMMYFUNCTION("IFERROR( TEXT( DATE( INDEX(SPLIT(O20,"" ""),3), VLOOKUP(INDEX(SPLIT(O20,"" ""),1),{""jan."",1;""Feb"",2;""mar."",3;""Apr"",4;""May"",5;""jun."",6;""jul."",7;""Aug"",8;""sep"",9;""Oct"",10;""nov."",11;""Dec"",12},2,FALSE), INDEX(SPL"&"IT(O20,"" ""),2) ), ""dd/mm/yyyy"" ), """")"),"24/06/2026") -> 24/06/2026
A21: 01-WORK IN PROGRESS/BIM/MODELS/DELEGATED DESIGN R24/ARCH/NWC | B21: CPQ11-ARCH-ARCH-DATA-R24.nwc | F21: V3 | G21: -- | J21: -- | K21: Sharing to | L21: No published markups | M21: No unresolved issues | N21: 7 MB | O21: 46176.503 | P21: =IFERROR(__xludf.DUMMYFUNCTION("IFERROR( TEXT( DATE( INDEX(SPLIT(O21,"" ""),3), VLOOKUP(INDEX(SPLIT(O21,"" ""),1),{""jan."",1;""Feb"",2;""mar."",3;""Apr"",4;""May"",5;""jun."",6;""jul."",7;""Aug"",8;""sep"",9;""Oct"",10;""nov."",11;""Dec"",12},2,FALSE), INDEX(SPL"&"IT(O21,"" ""),2) ), ""dd/mm/yyyy"" ), """")"),"03/06/2026") -> 03/06/2026
A22: 01-WORK IN PROGRESS/BIM/MODELS/DELEGATED DESIGN R24/ARCH/NWC | B22: CPQ11-ARCH-ARCH-SITE-R24.nwc | F22: V3 | G22: -- | J22: -- | K22: Sharing to | L22: No published markups | M22: No unresolved issues | N22: 1.7 MB | O22: 46218.547 | P22: =IFERROR(__xludf.DUMMYFUNCTION("IFERROR( TEXT( DATE( INDEX(SPLIT(O22,"" ""),3), VLOOKUP(INDEX(SPLIT(O22,"" ""),1),{""jan."",1;""Feb"",2;""mar."",3;""Apr"",4;""May"",5;""jun."",6;""jul."",7;""Aug"",8;""sep"",9;""Oct"",10;""nov."",11;""Dec"",12},2,FALSE), INDEX(SPL"&"IT(O22,"" ""),2) ), ""dd/mm/yyyy"" ), """")"),"15/07/2026") -> 15/07/2026
A23: 01-WORK IN PROGRESS/BIM/MODELS/DELEGATED DESIGN R24/ARCH/NWC | B23: CPQ11-ARCH-CHAI-SITE-R24.nwc | F23: V1 | G23: -- | J23: -- | K23: Sharing to | L23: No published markups | M23: No unresolved issues | N23: 11.5 MB | O23: May 15, 2026 3:29 PM | P23: =IFERROR(__xludf.DUMMYFUNCTION("IFERROR( TEXT( DATE( INDEX(SPLIT(O23,"" ""),3), VLOOKUP(INDEX(SPLIT(O23,"" ""),1),{""jan."",1;""Feb"",2;""mar."",3;""Apr"",4;""May"",5;""jun."",6;""jul."",7;""Aug"",8;""sep"",9;""Oct"",10;""nov."",11;""Dec"",12},2,FALSE), INDEX(SPL"&"IT(O23,"" ""),2) ), ""dd/mm/yyyy"" ), """")"),"15/05/2026") -> 15/05/2026
A24: 01-WORK IN PROGRESS/BIM/MODELS/DELEGATED DESIGN R24/ARCH/NWC | B24: CPQ11-ARCH-FACD-DATA-R24.nwc | F24: V2 | G24: -- | J24: -- | K24: Sharing to | L24: No published markups | M24: No unresolved issues | N24: 120.4 MB | O24: 46210.741 | P24: =IFERROR(__xludf.DUMMYFUNCTION("IFERROR( TEXT( DATE( INDEX(SPLIT(O24,"" ""),3), VLOOKUP(INDEX(SPLIT(O24,"" ""),1),{""jan."",1;""Feb"",2;""mar."",3;""Apr"",4;""May"",5;""jun."",6;""jul."",7;""Aug"",8;""sep"",9;""Oct"",10;""nov."",11;""Dec"",12},2,FALSE), INDEX(SPL"&"IT(O24,"" ""),2) ), ""dd/mm/yyyy"" ), """")"),"07/07/2026") -> 07/07/2026
A25: 01-WORK IN PROGRESS/BIM/MODELS/DELEGATED DESIGN R24/ARCH/NWC | B25: CPQ11-ARCH-HM90-DATA-R24.nwc | F25: V2 | G25: -- | J25: -- | K25: Sharing to | L25: No published markups | M25: No unresolved issues | N25: 334.4 KB | O25: 46199.592 | P25: =IFERROR(__xludf.DUMMYFUNCTION("IFERROR( TEXT( DATE( INDEX(SPLIT(O25,"" ""),3), VLOOKUP(INDEX(SPLIT(O25,"" ""),1),{""jan."",1;""Feb"",2;""mar."",3;""Apr"",4;""May"",5;""jun."",6;""jul."",7;""Aug"",8;""sep"",9;""Oct"",10;""nov."",11;""Dec"",12},2,FALSE), INDEX(SPL"&"IT(O25,"" ""),2) ), ""dd/mm/yyyy"" ), """")"),"26/06/2026") -> 26/06/2026
A26: 01-WORK IN PROGRESS/BIM/MODELS/DELEGATED DESIGN R24/ARCH/NWC | B26: CPQ11-ARCH-HMET-DATA-R24.nwc | F26: V1 | G26: -- | J26: -- | K26: Sharing to | L26: No published markups | M26: No unresolved issues | N26: 3.2 MB | O26: May 15, 2026 4:56 PM | P26: =IFERROR(__xludf.DUMMYFUNCTION("IFERROR( TEXT( DATE( INDEX(SPLIT(O26,"" ""),3), VLOOKUP(INDEX(SPLIT(O26,"" ""),1),{""jan."",1;""Feb"",2;""mar."",3;""Apr"",4;""May"",5;""jun."",6;""jul."",7;""Aug"",8;""sep"",9;""Oct"",10;""nov."",11;""Dec"",12},2,FALSE), INDEX(SPL"&"IT(O26,"" ""),2) ), ""dd/mm/yyyy"" ), """")"),"15/05/2026") -> 15/05/2026
A27: 01-WORK IN PROGRESS/BIM/MODELS/DELEGATED DESIGN R24/ARCH/NWC | B27: CPQ11-ARCH-HMET-SITE-R24.nwc | F27: V1 | G27: -- | J27: -- | K27: Sharing to | L27: No published markups | M27: No unresolved issues | N27: 737.3 KB | O27: May 15, 2026 4:56 PM | P27: =IFERROR(__xludf.DUMMYFUNCTION("IFERROR( TEXT( DATE( INDEX(SPLIT(O27,"" ""),3), VLOOKUP(INDEX(SPLIT(O27,"" ""),1),{""jan."",1;""Feb"",2;""mar."",3;""Apr"",4;""May"",5;""jun."",6;""jul."",7;""Aug"",8;""sep"",9;""Oct"",10;""nov."",11;""Dec"",12},2,FALSE), INDEX(SPL"&"IT(O27,"" ""),2) ), ""dd/mm/yyyy"" ), """")"),"15/05/2026") -> 15/05/2026
A28: 01-WORK IN PROGRESS/BIM/MODELS/DELEGATED DESIGN R24/ARCH/NWC | B28: CPQ11-ARCH-METL-SITE-R24.nwc | F28: V5 | G28: -- | J28: -- | K28: Sharing to | L28: No published markups | M28: No unresolved issues | N28: 161.1 MB | O28: 46195.669 | P28: =IFERROR(__xludf.DUMMYFUNCTION("IFERROR( TEXT( DATE( INDEX(SPLIT(O28,"" ""),3), VLOOKUP(INDEX(SPLIT(O28,"" ""),1),{""jan."",1;""Feb"",2;""mar."",3;""Apr"",4;""May"",5;""jun."",6;""jul."",7;""Aug"",8;""sep"",9;""Oct"",10;""nov."",11;""Dec"",12},2,FALSE), INDEX(SPL"&"IT(O28,"" ""),2) ), ""dd/mm/yyyy"" ), """")"),"22/06/2026") -> 22/06/2026
A29: 01-WORK IN PROGRESS/BIM/MODELS/DELEGATED DESIGN R24/ARCH/NWC | B29: CPQ11-ARCH-OHCD-DATA-R24.nwc | F29: V2 | G29: -- | J29: -- | K29: Sharing to | L29: No published markups | M29: No unresolved issues | N29: 8.5 KB | O29: 46177.46 | P29: =IFERROR(__xludf.DUMMYFUNCTION("IFERROR( TEXT( DATE( INDEX(SPLIT(O29,"" ""),3), VLOOKUP(INDEX(SPLIT(O29,"" ""),1),{""jan."",1;""Feb"",2;""mar."",3;""Apr"",4;""May"",5;""jun."",6;""jul."",7;""Aug"",8;""sep"",9;""Oct"",10;""nov."",11;""Dec"",12},2,FALSE), INDEX(SPL"&"IT(O29,"" ""),2) ), ""dd/mm/yyyy"" ), """")"),"04/06/2026") -> 04/06/2026
A30: 01-WORK IN PROGRESS/BIM/MODELS/DELEGATED DESIGN R24/ARCH/NWC | B30: CPQ11-ARCH-PART-C12A-R24.nwc | F30: V2 | G30: -- | J30: -- | K30: Sharing to | L30: No published markups | M30: No unresolved issues | N30: 5.6 MB | O30: May 27, 2026 10:18 AM | P30: =IFERROR(__xludf.DUMMYFUNCTION("IFERROR( TEXT( DATE( INDEX(SPLIT(O30,"" ""),3), VLOOKUP(INDEX(SPLIT(O30,"" ""),1),{""jan."",1;""Feb"",2;""mar."",3;""Apr"",4;""May"",5;""jun."",6;""jul."",7;""Aug"",8;""sep"",9;""Oct"",10;""nov."",11;""Dec"",12},2,FALSE), INDEX(SPL"&"IT(O30,"" ""),2) ), ""dd/mm/yyyy"" ), """")"),"27/05/2026") -> 27/05/2026
A31: 01-WORK IN PROGRESS/BIM/MODELS/DELEGATED DESIGN R24/ARCH/NWC | B31: CPQ11-ARCH-PART-C345-R24.nwc | F31: V1 | G31: -- | J31: -- | K31: Sharing to | L31: No published markups | M31: No unresolved issues | N31: 3.8 MB | O31: May 19, 2026 2:27 PM | P31: =IFERROR(__xludf.DUMMYFUNCTION("IFERROR( TEXT( DATE( INDEX(SPLIT(O31,"" ""),3), VLOOKUP(INDEX(SPLIT(O31,"" ""),1),{""jan."",1;""Feb"",2;""mar."",3;""Apr"",4;""May"",5;""jun."",6;""jul."",7;""Aug"",8;""sep"",9;""Oct"",10;""nov."",11;""Dec"",12},2,FALSE), INDEX(SPL"&"IT(O31,"" ""),2) ), ""dd/mm/yyyy"" ), """")"),"19/05/2026") -> 19/05/2026
A32: 01-WORK IN PROGRESS/BIM/MODELS/DELEGATED DESIGN R24/ARCH/NWC | B32: CPQ11-ARCH-PART-SITE-R24.nwc | F32: V2 | G32: -- | J32: -- | K32: Sharing to | L32: No published markups | M32: No unresolved issues | N32: 677.6 KB | O32: 46190.817 | P32: =IFERROR(__xludf.DUMMYFUNCTION("IFERROR( TEXT( DATE( INDEX(SPLIT(O32,"" ""),3), VLOOKUP(INDEX(SPLIT(O32,"" ""),1),{""jan."",1;""Feb"",2;""mar."",3;""Apr"",4;""May"",5;""jun."",6;""jul."",7;""Aug"",8;""sep"",9;""Oct"",10;""nov."",11;""Dec"",12},2,FALSE), INDEX(SPL"&"IT(O32,"" ""),2) ), ""dd/mm/yyyy"" ), """")"),"17/06/2026") -> 17/06/2026
A33: 01-WORK IN PROGRESS/BIM/MODELS/DELEGATED DESIGN R24/ARCH/NWC | B33: CPQ11-ARCH-ROOF-DATA-R24.nwc | F33: V1 | G33: -- | J33: -- | K33: Sharing to | L33: No published markups | M33: No unresolved issues | N33: 12.6 MB | O33: May 20, 2026 3:41 PM | P33: =IFERROR(__xludf.DUMMYFUNCTION("IFERROR( TEXT( DATE( INDEX(SPLIT(O33,"" ""),3), VLOOKUP(INDEX(SPLIT(O33,"" ""),1),{""jan."",1;""Feb"",2;""mar."",3;""Apr"",4;""May"",5;""jun."",6;""jul."",7;""Aug"",8;""sep"",9;""Oct"",10;""nov."",11;""Dec"",12},2,FALSE), INDEX(SPL"&"IT(O33,"" ""),2) ), ""dd/mm/yyyy"" ), """")"),"20/05/2026") -> 20/05/2026
A34: 01-WORK IN PROGRESS/BIM/MODELS/DELEGATED DESIGN R24/ARCH/NWC | B34: CPQ11-ARCH-STON-SITE-R24.nwc | F34: V3 | G34: -- | J34: -- | K34: Sharing to | L34: No published markups | M34: No unresolved issues | N34: 298.8 KB | O34: 46182.602 | P34: =IFERROR(__xludf.DUMMYFUNCTION("IFERROR( TEXT( DATE( INDEX(SPLIT(O34,"" ""),3), VLOOKUP(INDEX(SPLIT(O34,"" ""),1),{""jan."",1;""Feb"",2;""mar."",3;""Apr"",4;""May"",5;""jun."",6;""jul."",7;""Aug"",8;""sep"",9;""Oct"",10;""nov."",11;""Dec"",12},2,FALSE), INDEX(SPL"&"IT(O34,"" ""),2) ), ""dd/mm/yyyy"" ), """")"),"09/06/2026") -> 09/06/2026
A35: 01-WORK IN PROGRESS/BIM/MODELS/DELEGATED DESIGN R24/ARCH/NWC | B35: CPQ11-ARCH-WMES-DATA-R24.nwc | F35: V3 | G35: -- | J35: -- | K35: Sharing to | L35: No published markups | M35: No unresolved issues | N35: 17.1 MB | O35: 46197.639 | P35: =IFERROR(__xludf.DUMMYFUNCTION("IFERROR( TEXT( DATE( INDEX(SPLIT(O35,"" ""),3), VLOOKUP(INDEX(SPLIT(O35,"" ""),1),{""jan."",1;""Feb"",2;""mar."",3;""Apr"",4;""May"",5;""jun."",6;""jul."",7;""Aug"",8;""sep"",9;""Oct"",10;""nov."",11;""Dec"",12},2,FALSE), INDEX(SPL"&"IT(O35,"" ""),2) ), ""dd/mm/yyyy"" ), """")"),"24/06/2026") -> 24/06/2026
A36: 01-WORK IN PROGRESS/BIM/MODELS/DELEGATED DESIGN R24/CIVIL | B36: CPQ11-CIVL-DRNG-SITE-R24.rvt | C36: Revit 2024 | D36: Added manually | F36: V4 | G36: -- | J36: -- | K36: Sharing to | L36: No published markups | M36: No unresolved issues | N36: 80.9 MB | O36: 46184.444 | P36: =IFERROR(__xludf.DUMMYFUNCTION("IFERROR( TEXT( DATE( INDEX(SPLIT(O36,"" ""),3), VLOOKUP(INDEX(SPLIT(O36,"" ""),1),{""jan."",1;""Feb"",2;""mar."",3;""Apr"",4;""May"",5;""jun."",6;""jul."",7;""Aug"",8;""sep"",9;""Oct"",10;""nov."",11;""Dec"",12},2,FALSE), INDEX(SPL"&"IT(O36,"" ""),2) ), ""dd/mm/yyyy"" ), """")"),"11/06/2026") -> 11/06/2026
A37: 01-WORK IN PROGRESS/BIM/MODELS/DELEGATED DESIGN R24/CIVIL | B37: CPQ11-CIVL-ERTH-SITE-R24.rvt | C37: Revit 2024 | D37: Added manually | F37: V6 | G37: -- | J37: -- | K37: Sharing to | L37: No published markups | M37: No unresolved issues | N37: 38.7 MB | O37: 46197.408 | P37: =IFERROR(__xludf.DUMMYFUNCTION("IFERROR( TEXT( DATE( INDEX(SPLIT(O37,"" ""),3), VLOOKUP(INDEX(SPLIT(O37,"" ""),1),{""jan."",1;""Feb"",2;""mar."",3;""Apr"",4;""May"",5;""jun."",6;""jul."",7;""Aug"",8;""sep"",9;""Oct"",10;""nov."",11;""Dec"",12},2,FALSE), INDEX(SPL"&"IT(O37,"" ""),2) ), ""dd/mm/yyyy"" ), """")"),"24/06/2026") -> 24/06/2026
A38: 01-WORK IN PROGRESS/BIM/MODELS/DELEGATED DESIGN R24/CIVIL | B38: CPQ11-CIVL-LOCK-SITE-R24.rvt | C38: Revit 2024 | D38: Added manually | F38: V1 | G38: -- | J38: -- | K38: Sharing to | L38: No published markups | M38: No unresolved issues | N38: 332.3 MB | O38: May 18, 2026 5:11 PM | P38: =IFERROR(__xludf.DUMMYFUNCTION("IFERROR( TEXT( DATE( INDEX(SPLIT(O38,"" ""),3), VLOOKUP(INDEX(SPLIT(O38,"" ""),1),{""jan."",1;""Feb"",2;""mar."",3;""Apr"",4;""May"",5;""jun."",6;""jul."",7;""Aug"",8;""sep"",9;""Oct"",10;""nov."",11;""Dec"",12},2,FALSE), INDEX(SPL"&"IT(O38,"" ""),2) ), ""dd/mm/yyyy"" ), """")"),"18/05/2026") -> 18/05/2026
A39: 01-WORK IN PROGRESS/BIM/MODELS/DELEGATED DESIGN R24/CIVIL | B39: CPQ11-CIVL-PAVM-SITE-R24.rvt | C39: Revit 2024 | D39: Added manually | F39: V2 | G39: -- | J39: -- | K39: Sharing to | L39: No published markups | M39: No unresolved issues | N39: 47.1 MB | O39: May 20, 2026 3:44 PM | P39: =IFERROR(__xludf.DUMMYFUNCTION("IFERROR( TEXT( DATE( INDEX(SPLIT(O39,"" ""),3), VLOOKUP(INDEX(SPLIT(O39,"" ""),1),{""jan."",1;""Feb"",2;""mar."",3;""Apr"",4;""May"",5;""jun."",6;""jul."",7;""Aug"",8;""sep"",9;""Oct"",10;""nov."",11;""Dec"",12},2,FALSE), INDEX(SPL"&"IT(O39,"" ""),2) ), ""dd/mm/yyyy"" ), """")"),"20/05/2026") -> 20/05/2026
A40: 01-WORK IN PROGRESS/BIM/MODELS/DELEGATED DESIGN R24/CIVIL/NWC | B40: CPQ11-CIVL-DRNG-SITE-R24.nwc | F40: V4 | G40: -- | J40: -- | K40: Sharing to | L40: No published markups | M40: No unresolved issues | N40: 11.9 MB | O40: 46195.706 | P40: =IFERROR(__xludf.DUMMYFUNCTION("IFERROR( TEXT( DATE( INDEX(SPLIT(O40,"" ""),3), VLOOKUP(INDEX(SPLIT(O40,"" ""),1),{""jan."",1;""Feb"",2;""mar."",3;""Apr"",4;""May"",5;""jun."",6;""jul."",7;""Aug"",8;""sep"",9;""Oct"",10;""nov."",11;""Dec"",12},2,FALSE), INDEX(SPL"&"IT(O40,"" ""),2) ), ""dd/mm/yyyy"" ), """")"),"22/06/2026") -> 22/06/2026
A41: 01-WORK IN PROGRESS/BIM/MODELS/DELEGATED DESIGN R24/CIVIL/NWC | B41: CPQ11-CIVL-ERTH-SITE-R24.nwc | F41: V4 | G41: -- | J41: -- | K41: Sharing to | L41: No published markups | M41: No unresolved issues | N41: 2 MB | O41: 46197.407 | P41: =IFERROR(__xludf.DUMMYFUNCTION("IFERROR( TEXT( DATE( INDEX(SPLIT(O41,"" ""),3), VLOOKUP(INDEX(SPLIT(O41,"" ""),1),{""jan."",1;""Feb"",2;""mar."",3;""Apr"",4;""May"",5;""jun."",6;""jul."",7;""Aug"",8;""sep"",9;""Oct"",10;""nov."",11;""Dec"",12},2,FALSE), INDEX(SPL"&"IT(O41,"" ""),2) ), ""dd/mm/yyyy"" ), """")"),"24/06/2026") -> 24/06/2026
A42: 01-WORK IN PROGRESS/BIM/MODELS/DELEGATED DESIGN R24/CIVIL/NWC | B42: CPQ11-CIVL-LOCK-SITE-R24.nwc | F42: V1 | G42: -- | J42: -- | K42: Sharing to | L42: No published markups | M42: No unresolved issues | N42: 187.1 MB | O42: May 18, 2026 5:01 PM | P42: =IFERROR(__xludf.DUMMYFUNCTION("IFERROR( TEXT( DATE( INDEX(SPLIT(O42,"" ""),3), VLOOKUP(INDEX(SPLIT(O42,"" ""),1),{""jan."",1;""Feb"",2;""mar."",3;""Apr"",4;""May"",5;""jun."",6;""jul."",7;""Aug"",8;""sep"",9;""Oct"",10;""nov."",11;""Dec"",12},2,FALSE), INDEX(SPL"&"IT(O42,"" ""),2) ), ""dd/mm/yyyy"" ), """")"),"18/05/2026") -> 18/05/2026
A43: 01-WORK IN PROGRESS/BIM/MODELS/DELEGATED DESIGN R24/CIVIL/NWC | B43: CPQ11-CIVL-PAVM-SITE-R24.nwc | F43: V3 | G43: -- | J43: -- | K43: Sharing to | L43: No published markups | M43: No unresolved issues | N43: 14 MB | O43: 46195.706 | P43: =IFERROR(__xludf.DUMMYFUNCTION("IFERROR( TEXT( DATE( INDEX(SPLIT(O43,"" ""),3), VLOOKUP(INDEX(SPLIT(O43,"" ""),1),{""jan."",1;""Feb"",2;""mar."",3;""Apr"",4;""May"",5;""jun."",6;""jul."",7;""Aug"",8;""sep"",9;""Oct"",10;""nov."",11;""Dec"",12},2,FALSE), INDEX(SPL"&"IT(O43,"" ""),2) ), ""dd/mm/yyyy"" ), """")"),"22/06/2026") -> 22/06/2026
A44: 01-WORK IN PROGRESS/BIM/MODELS/DELEGATED DESIGN R24/MECH | B44: CPQ11-MECH-MECH-DATA-R24.rvt | C44: Revit 2024 | D44: Added manually | F44: V5 | G44: -- | J44: -- | K44: Sharing to | L44: No published markups | M44: No unresolved issues | N44: 220 MB | O44: 46209.692 | P44: =IFERROR(__xludf.DUMMYFUNCTION("IFERROR( TEXT( DATE( INDEX(SPLIT(O44,"" ""),3), VLOOKUP(INDEX(SPLIT(O44,"" ""),1),{""jan."",1;""Feb"",2;""mar."",3;""Apr"",4;""May"",5;""jun."",6;""jul."",7;""Aug"",8;""sep"",9;""Oct"",10;""nov."",11;""Dec"",12},2,FALSE), INDEX(SPL"&"IT(O44,"" ""),2) ), ""dd/mm/yyyy"" ), """")"),"06/07/2026") -> 06/07/2026
A45: 01-WORK IN PROGRESS/BIM/MODELS/DELEGATED DESIGN R24/MECH | B45: CPQ11-MECH-MECH-GUAR-R24.rvt | C45: Revit 2024 | D45: Added manually | F45: V1 | G45: -- | J45: -- | K45: Sharing to | L45: No published markups | M45: No unresolved issues | N45: 123.7 MB | O45: May 19, 2026 2:43 PM | P45: =IFERROR(__xludf.DUMMYFUNCTION("IFERROR( TEXT( DATE( INDEX(SPLIT(O45,"" ""),3), VLOOKUP(INDEX(SPLIT(O45,"" ""),1),{""jan."",1;""Feb"",2;""mar."",3;""Apr"",4;""May"",5;""jun."",6;""jul."",7;""Aug"",8;""sep"",9;""Oct"",10;""nov."",11;""Dec"",12},2,FALSE), INDEX(SPL"&"IT(O45,"" ""),2) ), ""dd/mm/yyyy"" ), """")"),"19/05/2026") -> 19/05/2026
A46: 01-WORK IN PROGRESS/BIM/MODELS/DELEGATED DESIGN R24/MECH | B46: CPQ11-PLMB-METK-UTLS-R24.rvt | C46: Revit 2024 | D46: Added manually | F46: V1 | G46: -- | J46: -- | K46: Sharing to | L46: No published markups | M46: No unresolved issues | N46: 62.2 MB | O46: May 19, 2026 2:43 PM | P46: =IFERROR(__xludf.DUMMYFUNCTION("IFERROR( TEXT( DATE( INDEX(SPLIT(O46,"" ""),3), VLOOKUP(INDEX(SPLIT(O46,"" ""),1),{""jan."",1;""Feb"",2;""mar."",3;""Apr"",4;""May"",5;""jun."",6;""jul."",7;""Aug"",8;""sep"",9;""Oct"",10;""nov."",11;""Dec"",12},2,FALSE), INDEX(SPL"&"IT(O46,"" ""),2) ), ""dd/mm/yyyy"" ), """")"),"19/05/2026") -> 19/05/2026
A47: 01-WORK IN PROGRESS/BIM/MODELS/DELEGATED DESIGN R24/MECH | B47: CPQ11-PLMB-NPWT-DATA-R24.rvt | C47: Revit 2024 | D47: Added manually | F47: V3 | G47: -- | J47: -- | K47: Sharing to | L47: No published markups | M47: No unresolved issues | N47: 177.4 MB | O47: 46204.698 | P47: =IFERROR(__xludf.DUMMYFUNCTION("IFERROR( TEXT( DATE( INDEX(SPLIT(O47,"" ""),3), VLOOKUP(INDEX(SPLIT(O47,"" ""),1),{""jan."",1;""Feb"",2;""mar."",3;""Apr"",4;""May"",5;""jun."",6;""jul."",7;""Aug"",8;""sep"",9;""Oct"",10;""nov."",11;""Dec"",12},2,FALSE), INDEX(SPL"&"IT(O47,"" ""),2) ), ""dd/mm/yyyy"" ), """")"),"01/07/2026") -> 01/07/2026
A48: 01-WORK IN PROGRESS/BIM/MODELS/DELEGATED DESIGN R24/MECH | B48: CPQ11-PLMB-NPWT-SITE-R24.rvt | C48: Revit 2024 | D48: Added manually | F48: V2 | G48: -- | J48: -- | K48: Sharing to | L48: No published markups | M48: No unresolved issues | N48: 127.6 MB | O48: 46188.394 | P48: =IFERROR(__xludf.DUMMYFUNCTION("IFERROR( TEXT( DATE( INDEX(SPLIT(O48,"" ""),3), VLOOKUP(INDEX(SPLIT(O48,"" ""),1),{""jan."",1;""Feb"",2;""mar."",3;""Apr"",4;""May"",5;""jun."",6;""jul."",7;""Aug"",8;""sep"",9;""Oct"",10;""nov."",11;""Dec"",12},2,FALSE), INDEX(SPL"&"IT(O48,"" ""),2) ), ""dd/mm/yyyy"" ), """")"),"15/06/2026") -> 15/06/2026
