Workbook

Sheet PROGRESS CONTROL
D2: GENERAL AUDIT CONTROL
A4: ORDEM | B4: TRADE COMPANY | C4: TRADE CODE | D4: BIM COMPANY | E4: BIM COD | F4: ACC VERSION (R22) - META DO DIA 17/07 | G4: ACC FILE DATE (R22) - META DO DIA 17/07 | H4: ACC VERSION (R24) - META DO DIA 17/07 | I4: ACC FILE DATE (R24) - META DO DIA 17/07 | J4: VERSION DATE (DD/MM) | K4: VERSION | L4: VERSÃO DO MODELO | M4: FILE NAME (R22) | N4: FILE NAME (R24) | O4: STANDARD NAME | P4: LISTA PRIORIDADE RACIONAL | Q4: ISSUES ACC | R4: AUDITORIA | S4: STATUS TABELA ASPECTOS GERAIS | T4: STATUS RELATÓRIO | U4: RESPONSÁVEL | V4: DATA DE INÍCIO DA AUDITORIA | W4: DATA DE FINALIZAÇÃO DA AUDITORIA | X4: ROUND 1 - APPROVAL (%) | Y4: ROUND 2 - APPROVAL (%) | Z4: ROUND 3 - APPROVAL (%) | AA4: ROUND 4 - APPROVAL (%) | AB4: ROUND 5 - APPROVAL (%) | AC4: ROUND 6 - APPROVAL (%) | AD4: ROUND 7 - APPROVAL (%) | AE4: ROUND 8 - APPROVAL (%) | AF4: ROUND 9 - APPROVAL (%) | AG4: ROUND 10 - APPROVAL (%) | AH4: ROUND 11 - APPROVAL (%) | AI4: ROUND 12 - APPROVAL (%) | AJ4: ROUND 13 - APPROVAL (%) | AK4: ROUND 14 - APPROVAL (%) | AL4: ROUND 15 - APPROVAL (%) | AM4: ROUND 16 - APPROVAL (%) | AN4: ROUND 17 - APPROVAL (%) | AO4: ROUND 18 - APPROVAL (%) | AP4: ROUND 19 - APPROVAL (%) | AQ4: ROUND 20 - APPROVAL (%) | AR4: ROUND 21 - APPROVAL (%) | AS4: ROUND 22 - APPROVAL (%) | AT4: ROUND 23 - APPROVAL (%) | AU4: ROUND 24 - APPROVAL (%) | AV4: ROUND 25- APPROVAL (%) | AW4: ROUND 26- APPROVAL (%) | AX4: ROUND 27- APPROVAL (%) | AY4: ROUND 28- APPROVAL (%) | AZ4: ROUND 29- APPROVAL (%) | BA4: ROUND 30- APPROVAL (%) | BB4: ROUND 31- APPROVAL (%) | BC4: ROUND 32- APPROVAL (%) | BD4: ROUND 33- APPROVAL (%) | BE4: ROUND 34- APPROVAL (%) | BF4: ROUND 35- APPROVAL (%) | BG4: ROUND 36- APPROVAL (%) | BH4: ROUND 37- APPROVAL (%) | BI4: ROUND 38- APPROVAL (%) | BJ4: ROUND 39- APPROVAL (%) | BK4: ROUND 40- APPROVAL (%) | BL4: ROUND 41- APPROVAL (%) | BM4: ROUND 42- APPROVAL (%) | BN4: ISSUES (ROUND 42) | BO4: ESTIMATED DELIVERY (DD/MM) | BP4: RESUMO
A5: 28 | B5: MENDES HOLLER | C5: 1112 | D5: MENDES HOLLER | E5: 1112 | F5: =IFERROR(VLOOKUP(M5:M78,'R22 RELATÓRIO ACC'!B:F,5,FALSE),"NOT PUBLISHED") -> V17 | G5: =IFERROR(VLOOKUP(M5:M76,'R22 RELATÓRIO ACC'!B:P,15,FALSE),"NOT PUBLISHED") -> 14/05/2026 | H5: =IFERROR(VLOOKUP(N5:N78,'RELATÓRIO ACC'!B:F,5,FALSE),"NOT PUBLISHED") -> V4 | I5: =IFERROR(VLOOKUP(N5:N76,'RELATÓRIO ACC'!B:P,15,FALSE),"NOT PUBLISHED") -> 25/06/2026 | J5: 25/06/2026 | K5: V4 | L5: CONTINUA MESMA VERSÃO | M5: CPQ11-FPRT-FPRT-DATA-R22.rvt | N5: CPQ11-FPRT-FPRT-DATA-R24.rvt | O5: FPRT-FPRT-DATA | P5: FALSE | Q5: ABERTO | R5: FOI AUDITADO R7 | W5: 45876 | X5: NOT PUBLISHED | Y5: NOT PUBLISHED | Z5: 0.69 | AA5: OUTDATED | AB5: OUTDATED | AC5: 0.59 | AD5: 0.76 | AE5: OUTDATED | AF5: OUTDATED | AG5: OUTDATED | AH5: OUTDATED | AI5: OUTDATED | AJ5: OUTDATED | AK5: OUTDATED | AL5: 0.82 | AM5: OUTDATED | AN5: 0.88 | AO5: 0.88 | AP5: OUTDATED | AQ5: OUTDATED | AR5: OUTDATED | AS5: 0.88 | AT5: OUTDATED | AU5: 0.88 | AV5: OUTDATED | AW5: OUTDATED | AX5: NEXT ROUND | AY5: 0.82 | AZ5: OUTDATED | BA5: NEXT ROUND | BB5: 0.94 | BC5: NEXT ROUND | BD5: 0.94 | BE5: OUTDATED | BF5: NEXT ROUND | BG5: IMPROPER | BH5: OUTDATED | BI5: 0.82 | BJ5: NEXT ROUND | BK5: 0.94 | BL5: OUTDATED | BM5: OUTDATED | BN5: ON HOLD | BO5: OUTDATED | BP5: =IFERROR(__xludf.DUMMYFUNCTION("IFERROR( INDEX( FILTER(X5:BM5, ISNUMBER(X5:BM5)), COUNTA(FILTER(X5:BM5, ISNUMBER(X5:BM5))) ), BM5 )"),0.94) -> 0.94
A6: 68 | B6: IDEIA DRYWALL | C6: IDEIA DRYWALL | D6: T2B | F6: =IFERROR(VLOOKUP(M6:M79,'R22 RELATÓRIO ACC'!B:F,5,FALSE),"NOT PUBLISHED") -> V4 | G6: =IFERROR(VLOOKUP(M6:M77,'R22 RELATÓRIO ACC'!B:P,15,FALSE),"NOT PUBLISHED") -> 29/04/2026 | H6: =IFERROR(VLOOKUP(N6:N79,'RELATÓRIO ACC'!B:F,5,FALSE),"NOT PUBLISHED") -> V1 | I6: =IFERROR(VLOOKUP(N6:N77,'RELATÓRIO ACC'!B:P,15,FALSE),"NOT PUBLISHED") -> 04/06/2026 | J6: 04/06/2026 | K6: V1 | M6: CPQ11-ARCH-CEIL-DATA-R22.rvt | N6: CPQ11-ARCH-CEIL-DATA-R24.rvt | O6: ARCH-CEIL-DATA | P6: FALSE | X6: NOT PUBLISHED | Y6: NOT PUBLISHED | Z6: NOT PUBLISHED | AA6: NOT PUBLISHED | AB6: NOT PUBLISHED | AC6: NOT PUBLISHED | AD6: NOT PUBLISHED | AE6: NOT PUBLISHED | AF6: NOT PUBLISHED | AG6: NOT PUBLISHED | AH6: NOT PUBLISHED | AI6: NOT PUBLISHED | AJ6: NOT PUBLISHED | AK6: NOT PUBLISHED | AL6: 0.76 | AM6: OUTDATED | AN6: OUTDATED | AO6: OUTDATED | AP6: OUTDATED | AQ6: OUTDATED | AR6: OUTDATED | AS6: OUTDATED | AT6: 0.76 | AU6: OUTDATED | AV6: OUTDATED | AW6: OUTDATED | AX6: NEXT ROUND | AY6: IMPROPER | AZ6: OUTDATED | BA6: OUTDATED | BB6: OUTDATED | BC6: IMPROPER | BD6: OUTDATED | BE6: OUTDATED | BF6: OUTDATED | BG6: OUTDATED | BH6: IMPROPER | BI6: OUTDATED | BJ6: OUTDATED | BK6: OUTDATED | BL6: OUTDATED | BM6: OUTDATED | BN6: ON HOLD | BO6: OUTDATED | BP6: =IFERROR(__xludf.DUMMYFUNCTION("IFERROR( INDEX( FILTER(X6:BM6, ISNUMBER(X6:BM6)), COUNTA(FILTER(X6:BM6, ISNUMBER(X6:BM6))) ), BM6 )"),0.76) -> 0.76
A7: 69 | B7: IDEIA DRYWALL | C7: IDEIA DRYWALL | D7: T2B | F7: =IFERROR(VLOOKUP(M7:M80,'R22 RELATÓRIO ACC'!B:F,5,FALSE),"NOT PUBLISHED") -> V2 | G7: =IFERROR(VLOOKUP(M7:M78,'R22 RELATÓRIO ACC'!B:P,15,FALSE),"NOT PUBLISHED") -> 29/04/2026 | H7: =IFERROR(VLOOKUP(N7:N80,'RELATÓRIO ACC'!B:F,5,FALSE),"NOT PUBLISHED") -> V1 | I7: =IFERROR(VLOOKUP(N7:N78,'RELATÓRIO ACC'!B:P,15,FALSE),"NOT PUBLISHED") -> 12/06/2026 | J7: 46185 | K7: V1 | M7: CPQ11-ARCH-CEIL-SITE-R22.rvt | N7: CPQ11-ARCH-CEIL-SITE-R24.rvt | O7: ARCH-CEIL-SITE | P7: FALSE | X7: NOT PUBLISHED | Y7: NOT PUBLISHED | Z7: NOT PUBLISHED | AA7: NOT PUBLISHED | AB7: NOT PUBLISHED | AC7: NOT PUBLISHED | AD7: NOT PUBLISHED | AE7: NOT PUBLISHED | AF7: NOT PUBLISHED | AG7: NOT PUBLISHED | AH7: NOT PUBLISHED | AI7: NOT PUBLISHED | AJ7: NOT PUBLISHED | AK7: NOT PUBLISHED | AL7: 0.76 | AM7: OUTDATED | AN7: OUTDATED | AO7: OUTDATED | AP7: OUTDATED | AQ7: OUTDATED | AR7: OUTDATED | AS7: OUTDATED | AT7: OUTDATED | AU7: OUTDATED | AV7: OUTDATED | AW7: OUTDATED | AX7: OUTDATED | AY7: OUTDATED | AZ7: OUTDATED | BA7: OUTDATED | BB7: OUTDATED | BC7: IMPROPER | BD7: OUTDATED | BE7: OUTDATED | BF7: OUTDATED | BG7: OUTDATED | BH7: IMPROPER | BI7: OUTDATED | BJ7: OUTDATED | BK7: OUTDATED | BL7: OUTDATED | BM7: OUTDATED | BN7: ON HOLD | BO7: OUTDATED | BP7: =IFERROR(__xludf.DUMMYFUNCTION("IFERROR( INDEX( FILTER(X7:BM7, ISNUMBER(X7:BM7)), COUNTA(FILTER(X7:BM7, ISNUMBER(X7:BM7))) ), BM7 )"),0.76) -> 0.76
A8: 29 | B8: MENDES HOLLER | C8: 1112 | D8: MENDES HOLLER | E8: 1112 | F8: =IFERROR(VLOOKUP(M8:M81,'R22 RELATÓRIO ACC'!B:F,5,FALSE),"NOT PUBLISHED") -> V16 | G8: =IFERROR(VLOOKUP(M8:M79,'R22 RELATÓRIO ACC'!B:P,15,FALSE),"NOT PUBLISHED") -> 14/05/2026 | H8: =IFERROR(VLOOKUP(N8:N81,'RELATÓRIO ACC'!B:F,5,FALSE),"NOT PUBLISHED") -> V4 | I8: =IFERROR(VLOOKUP(N8:N79,'RELATÓRIO ACC'!B:P,15,FALSE),"NOT PUBLISHED") -> 13/07/2026 | J8: 24/06/2026 | K8: V3 | L8: CONTINUA MESMA VERSÃO | M8: CPQ11-FPRT-FPRT-SITE-R22.rvt | N8: CPQ11-FPRT-FPRT-SITE-R24.rvt | O8: FPRT-FPRT-SITE | P8: FALSE | Q8: ABERTO | R8: FOI AUDITADO R9 | V8: 45923 | W8: 45923 | X8: NOT PUBLISHED | Y8: NOT PUBLISHED | Z8: 0.5 | AA8: OUTDATED | AB8: OUTDATED | AC8: OUTDATED | AD8: 0.65 | AE8: OUTDATED | AF8: 0.76 | AG8: OUTDATED | AH8: OUTDATED | AI8: 0.76 | AJ8: OUTDATED | AK8: OUTDATED | AL8: OUTDATED | AM8: OUTDATED | AN8: 0.76 | AO8: 0.88 | AP8: OUTDATED | AQ8: 0.82 | AR8: OUTDATED | AS8: 0.94 | AT8: OUTDATED | AU8: 0.94 | AV8: OUTDATED | AW8: OUTDATED | AX8: NEXT ROUND | AY8: 0.88 | AZ8: OUTDATED | BA8: 0.94 | BB8: OUTDATED | BC8: NEXT ROUND | BD8: 0.88 | BE8: OUTDATED | BF8: NEXT ROUND | BG8: IMPROPER | BH8: OUTDATED | BI8: 0.88 | BJ8: NEXT ROUND | BK8: 1 | BL8: PREVIOUSLY APPROVED | BM8: PREVIOUSLY APPROVED | BN8: CLOSED | BO8: PREVIOUSLY APPROVED | BP8: =IFERROR(__xludf.DUMMYFUNCTION("IFERROR( INDEX( FILTER(X8:BK8, ISNUMBER(X8:BK8)), COUNTA(FILTER(X8:BK8, ISNUMBER(X8:BK8))) ), BK8 )"),1.0) -> 1
A9: 73 | B9: MODAX | D9: MODAX | F9: =IFERROR(VLOOKUP(M9:M82,'R22 RELATÓRIO ACC'!B:F,5,FALSE),"NOT PUBLISHED") -> V1 | G9: =IFERROR(VLOOKUP(M9:M80,'R22 RELATÓRIO ACC'!B:P,15,FALSE),"NOT PUBLISHED") -> 05/05/2026 | H9: =IFERROR(VLOOKUP(N9:N82,'RELATÓRIO ACC'!B:F,5,FALSE),"NOT PUBLISHED") -> V3 | I9: =IFERROR(VLOOKUP(N9:N80,'RELATÓRIO ACC'!B:P,15,FALSE),"NOT PUBLISHED") -> 20/06/2026 | J9: 26/05/2026 | K9: V2 | M9: CPQ11-STRC-FLOO-DATA-R22.rvt | N9: CPQ11-STRC-FLOO-DATA-R24.rvt | P9: FALSE | X9: NOT PUBLISHED | Y9: NOT PUBLISHED | Z9: NOT PUBLISHED | AA9: NOT PUBLISHED | AB9: NOT PUBLISHED | AC9: NOT PUBLISHED | AD9: NOT PUBLISHED | AE9: NOT PUBLISHED | AF9: NOT PUBLISHED | AG9: NOT PUBLISHED | AH9: NOT PUBLISHED | AI9: NOT PUBLISHED | AJ9: NOT PUBLISHED | AK9: NOT PUBLISHED | AL9: NOT PUBLISHED | AM9: NOT PUBLISHED | AN9: NOT PUBLISHED | AO9: NOT PUBLISHED | AP9: NOT PUBLISHED | AQ9: NOT PUBLISHED | AR9: NOT PUBLISHED | AS9: NOT PUBLISHED | AT9: NOT PUBLISHED | AU9: NOT PUBLISHED | AV9: NOT PUBLISHED | AW9: NOT PUBLISHED | AX9: NOT PUBLISHED | AY9: NOT PUBLISHED | AZ9: NOT PUBLISHED | BA9: NOT PUBLISHED | BB9: NOT PUBLISHED | BC9: NOT PUBLISHED | BD9: NEXT ROUND | BE9: 0.76 | BF9: OUTDATED | BG9: NEXT ROUND | BH9: 0.94 | BI9: OUTDATED | BJ9: 1 | BK9: PREVIOUSLY APPROVED | BL9: PREVIOUSLY APPROVED | BM9: PREVIOUSLY APPROVED | BN9: CLOSED | BO9: PREVIOUSLY APPROVED | BP9: =IFERROR(__xludf.DUMMYFUNCTION("IFERROR( INDEX( FILTER(X9:BK9, ISNUMBER(X9:BK9)), COUNTA(FILTER(X9:BK9, ISNUMBER(X9:BK9))) ), BK9 )"),1.0) -> 1
A10: 70 | B10: STONE | C10: STONE | D10: STONE | F10: =IFERROR(VLOOKUP(M10:M83,'R22 RELATÓRIO ACC'!B:F,5,FALSE),"NOT PUBLISHED") -> V10 | G10: =IFERROR(VLOOKUP(M10:M81,'R22 RELATÓRIO ACC'!B:P,15,FALSE),"NOT PUBLISHED") -> 11/05/2026 | H10: =IFERROR(VLOOKUP(N10:N83,'RELATÓRIO ACC'!B:F,5,FALSE),"NOT PUBLISHED") -> V3 | I10: =IFERROR(VLOOKUP(N10:N81,'RELATÓRIO ACC'!B:P,15,FALSE),"NOT PUBLISHED") -> 09/06/2026 | J10: 46182 | K10: V3 | M10: CPQ11-ARCH-STON-SITE-R23.rvt | N10: CPQ11-ARCH-STON-SITE-R24.rvt | O10: ARCH-STON-SITE | P10: FALSE | X10: NOT PUBLISHED | Y10: NOT PUBLISHED | Z10: NOT PUBLISHED | AA10: NOT PUBLISHED | AB10: NOT PUBLISHED | AC10: NOT PUBLISHED | AD10: NOT PUBLISHED | AE10: NOT PUBLISHED | AF10: NOT PUBLISHED | AG10: NOT PUBLISHED | AH10: NOT PUBLISHED | AI10: NOT PUBLISHED | AJ10: NOT PUBLISHED | AK10: NOT PUBLISHED | AL10: NOT PUBLISHED | AM10: NOT PUBLISHED | AN10: NOT PUBLISHED | AO10: NOT PUBLISHED | AP10: 0 | AQ10: 0.65 | AR10: OUTDATED | AS10: 0.82 | AT10: IMPROPER | AU10: 0.94 | AV10: OUTDATED | AW10: OUTDATED | AX10: OUTDATED | AY10: 0.94 | AZ10: OUTDATED | BA10: 0.88 | BB10: OUTDATED | BC10: 0.94 | BD10: OUTDATED | BE10: NEXT ROUND | BF10: 0.88 | BG10: 0.94 | BH10: NEXT ROUND | BI10: 1 | BJ10: PREVIOUSLY APPROVED | BK10: PREVIOUSLY APPROVED | BL10: PREVIOUSLY APPROVED | BM10: PREVIOUSLY APPROVED | BN10: CLOSED | BO10: PREVIOUSLY APPROVED | BP10: =IFERROR(__xludf.DUMMYFUNCTION("IFERROR( INDEX( FILTER(X10:BK10, ISNUMBER(X10:BK10)), COUNTA(FILTER(X10:BK10, ISNUMBER(X10:BK10))) ), BK10 )"),1.0) -> 1
A11: 72 | B11: FM SECURITY | C11: STONE | D11: FM SECURITY | F11: =IFERROR(VLOOKUP(M11:M84,'R22 RELATÓRIO ACC'!B:F,5,FALSE),"NOT PUBLISHED") -> V2 | G11: =IFERROR(VLOOKUP(M11:M82,'R22 RELATÓRIO ACC'!B:P,15,FALSE),"NOT PUBLISHED") -> 07/05/2026 | H11: =IFERROR(VLOOKUP(N11:N84,'RELATÓRIO ACC'!B:F,5,FALSE),"NOT PUBLISHED") -> V5 | I11: =IFERROR(VLOOKUP(N11:N82,'RELATÓRIO ACC'!B:P,15,FALSE),"NOT PUBLISHED") -> 08/07/2026 | J11: 16/06/2026 | K11: V2 | M11: CPQ11-SCTY-GATE-SITE-R24.rvt | N11: CPQ11-SCTY-GATE-SITE-R24.rvt | O11: ARCH-OHCD-DATA | P11: FALSE | X11: NOT PUBLISHED | Y11: NOT PUBLISHED | Z11: NOT PUBLISHED | AA11: NOT PUBLISHED | AB11: NOT PUBLISHED | AC11: NOT PUBLISHED | AD11: NOT PUBLISHED | AE11: NOT PUBLISHED | AF11: NOT PUBLISHED | AG11: NOT PUBLISHED | AH11: NOT PUBLISHED | AI11: NOT PUBLISHED | AJ11: NOT PUBLISHED | AK11: NOT PUBLISHED | AL11: NOT PUBLISHED | AM11: NOT PUBLISHED | AN11: NOT PUBLISHED | AO11: NOT PUBLISHED | AP11: NOT PUBLISHED | AQ11: NOT PUBLISHED | AR11: NOT PUBLISHED | AS11: NOT PUBLISHED | AT11: NOT PUBLISHED | AU11: NOT PUBLISHED | AV11: NOT PUBLISHED | AW11: NOT PUBLISHED | AX11: NOT PUBLISHED | AY11: NOT PUBLISHED | AZ11: NOT PUBLISHED | BA11: 0.47 | BB11: OUTDATED | BC11: OUTDATED | BD11: NEXT ROUND | BE11: 0.65 | BF11: OUTDATED | BG11: OUTDATED | BH11: OUTDATED | BI11: 1 | BJ11: PREVIOUSLY APPROVED | BK11: PREVIOUSLY APPROVED | BL11: PREVIOUSLY APPROVED | BM11: PREVIOUSLY APPROVED | BN11: CLOSED | BO11: PREVIOUSLY APPROVED | BP11: =IFERROR(__xludf.DUMMYFUNCTION("IFERROR( INDEX( FILTER(X11:BK11, ISNUMBER(X11:BK11)), COUNTA(FILTER(X11:BK11, ISNUMBER(X11:BK11))) ), BK11 )"),1.0) -> 1
A12: 74 | B12: MODAX | D12: MODAX | F12: =IFERROR(VLOOKUP(M12:M85,'R22 RELATÓRIO ACC'!B:F,5,FALSE),"NOT PUBLISHED") -> V1 | G12: =IFERROR(VLOOKUP(M12:M83,'R22 RELATÓRIO ACC'!B:P,15,FALSE),"NOT PUBLISHED") -> 05/05/2026 | H12: =IFERROR(VLOOKUP(N12:N85,'RELATÓRIO ACC'!B:F,5,FALSE),"NOT PUBLISHED") -> V2 | I12: =IFERROR(VLOOKUP(N12:N83,'RELATÓRIO ACC'!B:P,15,FALSE),"NOT PUBLISHED") -> 26/05/2026 | J12: 26/05/2026 | K12: V2 | M12: CPQ11-STRC-FLOO-SITE-R22.rvt | N12: CPQ11-STRC-FLOO-SITE-R24.rvt | P12: FALSE | X12: NOT PUBLISHED | Y12: NOT PUBLISHED | Z12: NOT PUBLISHED | AA12: NOT PUBLISHED | AB12: NOT PUBLISHED | AC12: NOT PUBLISHED | AD12: NOT PUBLISHED | AE12: NOT PUBLISHED | AF12: NOT PUBLISHED | AG12: NOT PUBLISHED | AH12: NOT PUBLISHED | AI12: NOT PUBLISHED | AJ12: NOT PUBLISHED | AK12: NOT PUBLISHED | AL12: NOT PUBLISHED | AM12: NOT PUBLISHED | AN12: NOT PUBLISHED | AO12: NOT PUBLISHED | AP12: NOT PUBLISHED | AQ12: NOT PUBLISHED | AR12: NOT PUBLISHED | AS12: NOT PUBLISHED | AT12: NOT PUBLISHED | AU12: NOT PUBLISHED | AV12: NOT PUBLISHED | AW12: NOT PUBLISHED | AX12: NOT PUBLISHED | AY12: NOT PUBLISHED | AZ12: NOT PUBLISHED | BA12: NOT PUBLISHED | BB12: NOT PUBLISHED | BC12: NOT PUBLISHED | BD12: NEXT ROUND | BE12: 0.82 | BF12: OUTDATED | BG12: NEXT ROUND | BH12: 1 | BI12: PREVIOUSLY APPROVED | BJ12: PREVIOUSLY APPROVED | BK12: PREVIOUSLY APPROVED | BL12: PREVIOUSLY APPROVED | BM12: PREVIOUSLY APPROVED | BN12: CLOSED | BO12: PREVIOUSLY APPROVED | BP12: =IFERROR(__xludf.DUMMYFUNCTION("IFERROR( INDEX( FILTER(X12:BK12, ISNUMBER(X12:BK12)), COUNTA(FILTER(X12:BK12, ISNUMBER(X12:BK12))) ), BK12 )"),1.0) -> 1
A13: 27 | B13: MENDES HOLLER | C13: 1112 | D13: MENDES HOLLER | E13: 1112 | F13: =IFERROR(VLOOKUP(M13:M86,'R22 RELATÓRIO ACC'!B:F,5,FALSE),"NOT PUBLISHED") -> V11 | G13: =IFERROR(VLOOKUP(M13:M84,'R22 RELATÓRIO ACC'!B:P,15,FALSE),"NOT PUBLISHED") -> 08/05/2026 | H13: =IFERROR(VLOOKUP(N13:N86,'RELATÓRIO ACC'!B:F,5,FALSE),"NOT PUBLISHED") -> V3 | I13: =IFERROR(VLOOKUP(N13:N84,'RELATÓRIO ACC'!B:P,15,FALSE),"NOT PUBLISHED") -> 10/07/2026 | J13: 08/05/2026 | K13: V11 | L13: CONTINUA MESMA VERSÃO | M13: CPQ11-FALM-FALM-SITE-R22.rvt | N13: CPQ11-FALM-FALM-SITE-R24.rvt | O13: FALM-FALM-SITE | P13: FALSE | Q13: ABERTO | R13: FOI AUDITADO R7 | W13: 45874 | X13: NOT PUBLISHED | Y13: NOT PUBLISHED | Z13: NOT PUBLISHED | AA13: NOT PUBLISHED | AB13: NOT PUBLISHED | AC13: NOT PUBLISHED | AD13: 0.88 | AE13: OUTDATED | AF13: OUTDATED | AG13: OUTDATED | AH13: OUTDATED | AI13: OUTDATED | AJ13: OUTDATED | AK13: OUTDATED | AL13: OUTDATED | AM13: OUTDATED | AN13: 0.94 | AO13: 0.94 | AP13: OUTDATED | AQ13: 0.94 | AR13: OUTDATED | AS13: 0.88 | AT13: OUTDATED | AU13: 0.94 | AV13: OUTDATED | AW13: NEXT ROUND | AX13: 0.88 | AY13: OUTDATED | AZ13: 0.88 | BA13: OUTDATED | BB13: OUTDATED | BC13: OUTDATED | BD13: NEXT ROUND | BE13: 1 | BF13: PREVIOUSLY APPROVED | BG13: PREVIOUSLY APPROVED | BH13: PREVIOUSLY APPROVED | BI13: PREVIOUSLY APPROVED | BJ13: PREVIOUSLY APPROVED | BK13: PREVIOUSLY APPROVED | BL13: PREVIOUSLY APPROVED | BM13: PREVIOUSLY APPROVED | BN13: CLOSED | BO13: PREVIOUSLY APPROVED | BP13: =IFERROR(__xludf.DUMMYFUNCTION("IFERROR( INDEX( FILTER(X13:BK13, ISNUMBER(X13:BK13)), COUNTA(FILTER(X13:BK13, ISNUMBER(X13:BK13))) ), BK13 )"),1.0) -> 1
A14: 1 | B14: ARE ARQUITETURA | C14: 1130 | D14: ARE ARQUITETURA | E14: 1130 | F14: =IFERROR(VLOOKUP(M14:M87,'R22 RELATÓRIO ACC'!B:F,5,FALSE),"NOT PUBLISHED") -> V28 | G14: =IFERROR(VLOOKUP(M14:M85,'R22 RELATÓRIO ACC'!B:P,15,FALSE),"NOT PUBLISHED") -> 17/04/2026 | H14: =IFERROR(VLOOKUP(N14:N87,'RELATÓRIO ACC'!B:F,5,FALSE),"NOT PUBLISHED") -> V4 | I14: =IFERROR(VLOOKUP(N14:N85,'RELATÓRIO ACC'!B:P,15,FALSE),"NOT PUBLISHED") -> 15/07/2026 | J14: 45971 | K14: V20 | L14: MODELO FOI ATUALIZADO | M14: CPQ11-ARCH-ARCH-SITE-R22.rvt | N14: CPQ11-ARCH-ARCH-SITE-R24.rvt | O14: ARCH-ARCH-SITE | P14: FALSE | Q14: ABERTO | R14: FOI AUDITADO R8 | S14: FINALIZADO | T14: FINALIZADO | U14: ALINNE | V14: 45944 | W14: 45944 | X14: NOT PUBLISHED | Y14: NOT PUBLISHED | Z14: 0.5 | AA14: 0.63 | AB14: 0.82 | AC14: 1 | AD14: 0.94 | AE14: 0.94 | AF14: OUTDATED | AG14: OUTDATED | AH14: 0.94 | AI14: 0.94 | AJ14: OUTDATED | AK14: 1 | AL14: 1 | AM14: 1 | AN14: 1 | AO14: 1 | AP14: 1 | AQ14: 1 | AR14: 1 | AS14: 1 | AT14: 1 | AU14: 1 | AV14: 1 | AW14: 1 | AX14: 1 | AY14: 1 | AZ14: 1 | BA14: PREVIOUSLY APPROVED | BB14: PREVIOUSLY APPROVED | BC14: PREVIOUSLY APPROVED | BD14: PREVIOUSLY APPROVED | BE14: PREVIOUSLY APPROVED | BF14: PREVIOUSLY APPROVED | BG14: PREVIOUSLY APPROVED | BH14: PREVIOUSLY APPROVED | BI14: PREVIOUSLY APPROVED | BJ14: PREVIOUSLY APPROVED | BK14: PREVIOUSLY APPROVED | BL14: PREVIOUSLY APPROVED | BM14: PREVIOUSLY APPROVED | BN14: CLOSED | BO14: PREVIOUSLY APPROVED | BP14: =IFERROR(__xludf.DUMMYFUNCTION("IFERROR( INDEX( FILTER(X14:BK14, ISNUMBER(X14:BK14)), COUNTA(FILTER(X14:BK14, ISNUMBER(X14:BK14))) ), BK14 )"),1.0) -> 1
A15: 2 | B15: TENAX | D15: TENAX | F15: =IFERROR(VLOOKUP(M15:M88,'R22 RELATÓRIO ACC'!B:F,5,FALSE),"NOT PUBLISHED") -> V10 | G15: =IFERROR(VLOOKUP(M15:M86,'R22 RELATÓRIO ACC'!B:P,15,FALSE),"NOT PUBLISHED") -> 22/04/2026 | H15: =IFERROR(VLOOKUP(N15:N88,'RELATÓRIO ACC'!B:F,5,FALSE),"NOT PUBLISHED") -> V1 | I15: =IFERROR(VLOOKUP(N15:N86,'RELATÓRIO ACC'!B:P,15,FALSE),"NOT PUBLISHED") -> 15/05/2026 | J15: 45957 | K15: V5 | L15: MODELO FOI ATUALIZADO | M15: CPQ11-STRC-CONC-DATA-R22.rvt | N15: CPQ11-STRC-CONC-DATA-R24.rvt | O15: STRC-CONC-DATA | P15: FALSE | Q15: ABERTO | R15: FOI AUDITADO R8 | S15: FINALIZADO | T15: FINALIZADO | U15: ALINNE | V15: 45944 | W15: 45944 | X15: NOT PUBLISHED | Y15: NOT PUBLISHED | Z15: NOT PUBLISHED | AA15: NOT PUBLISHED | AB15: NOT PUBLISHED | AC15: 0.41 | AD15: OUTDATED | AE15: 0.88 | AF15: OUTDATED | AG15: OUTDATED | AH15: 0.94 | AI15: OUTDATED | AJ15: 1 | AK15: 1 | AL15: 1 | AM15: 1 | AN15: 1 | AO15: 1 | AP15: 1 | AQ15: 1 | AR15: 1 | AS15: 1 | AT15: 1 | AU15: 1 | AV15: 1 | AW15: 1 | AX15: 1 | AY15: 1 | AZ15: 1 | BA15: PREVIOUSLY APPROVED | BB15: PREVIOUSLY APPROVED | BC15: PREVIOUSLY APPROVED | BD15: PREVIOUSLY APPROVED | BE15: PREVIOUSLY APPROVED | BF15: PREVIOUSLY APPROVED | BG15: PREVIOUSLY APPROVED | BH15: PREVIOUSLY APPROVED | BI15: PREVIOUSLY APPROVED | BJ15: PREVIOUSLY APPROVED | BK15: PREVIOUSLY APPROVED | BL15: PREVIOUSLY APPROVED | BM15: PREVIOUSLY APPROVED | BN15: CLOSED | BO15: PREVIOUSLY APPROVED | BP15: =IFERROR(__xludf.DUMMYFUNCTION("IFERROR( INDEX( FILTER(X15:BK15, ISNUMBER(X15:BK15)), COUNTA(FILTER(X15:BK15, ISNUMBER(X15:BK15))) ), BK15 )"),1.0) -> 1
A16: 3 | B16: ALTAMIRA | D16: ALTAMIRA | F16: =IFERROR(VLOOKUP(M16:M89,'R22 RELATÓRIO ACC'!B:F,5,FALSE),"NOT PUBLISHED") -> V9 | G16: =IFERROR(VLOOKUP(M16:M87,'R22 RELATÓRIO ACC'!B:P,15,FALSE),"NOT PUBLISHED") -> 28/02/2026 | H16: =IFERROR(VLOOKUP(N16:N89,'RELATÓRIO ACC'!B:F,5,FALSE),"NOT PUBLISHED") -> V1 | I16: =IFERROR(VLOOKUP(N16:N87,'RELATÓRIO ACC'!B:P,15,FALSE),"NOT PUBLISHED") -> 20/05/2026 | J16: 45970 | K16: V7 | L16: CONTINUA MESMA VERSÃO | M16: CPQ11-ARCH-SHLV-DATA-R22.rvt | N16: CPQ11-ARCH-SHLV-DATA-R24.rvt | O16: ARCH-SHLV-DATA | P16: FALSE | Q16: ABERTO | R16: FOI AUDITADO R9 | V16: 45923 | W16: 45923 | X16: NOT PUBLISHED | Y16: NOT PUBLISHED | Z16: NOT PUBLISHED | AA16: NOT PUBLISHED | AB16: NOT PUBLISHED | AC16: NOT PUBLISHED | AD16: NOT PUBLISHED | AE16: 0.82 | AF16: 0.82 | AG16: OUTDATED | AH16: OUTDATED | AI16: OUTDATED | AJ16: 0.94 | AK16: 1 | AL16: 1 | AM16: 1 | AN16: 1 | AO16: 1 | AP16: 1 | AQ16: 1 | AR16: 1 | AS16: 1 | AT16: 1 | AU16: 1 | AV16: 1 | AW16: 1 | AX16: 1 | AY16: 1 | AZ16: 1 | BA16: PREVIOUSLY APPROVED | BB16: PREVIOUSLY APPROVED | BC16: PREVIOUSLY APPROVED | BD16: PREVIOUSLY APPROVED | BE16: PREVIOUSLY APPROVED | BF16: PREVIOUSLY APPROVED | BG16: PREVIOUSLY APPROVED | BH16: PREVIOUSLY APPROVED | BI16: PREVIOUSLY APPROVED | BJ16: PREVIOUSLY APPROVED | BK16: PREVIOUSLY APPROVED | BL16: PREVIOUSLY APPROVED | BM16: PREVIOUSLY APPROVED | BN16: CLOSED | BO16: PREVIOUSLY APPROVED | BP16: =IFERROR(__xludf.DUMMYFUNCTION("IFERROR( INDEX( FILTER(X16:BK16, ISNUMBER(X16:BK16)), COUNTA(FILTER(X16:BK16, ISNUMBER(X16:BK16))) ), BK16 )"),1.0) -> 1
A17: 4 | B17: IDEIA DRYWALL | C17: 1101 | D17: FCH | E17: 1126 | F17: =IFERROR(VLOOKUP(M17:M90,'R22 RELATÓRIO ACC'!B:F,5,FALSE),"NOT PUBLISHED") -> V14 | G17: =IFERROR(VLOOKUP(M17:M88,'R22 RELATÓRIO ACC'!B:P,15,FALSE),"NOT PUBLISHED") -> 30/01/2026 | H17: =IFERROR(VLOOKUP(N17:N90,'RELATÓRIO ACC'!B:F,5,FALSE),"NOT PUBLISHED") -> V1 | I17: =IFERROR(VLOOKUP(N17:N88,'RELATÓRIO ACC'!B:P,15,FALSE),"NOT PUBLISHED") -> 19/05/2026 | J17: 45671 | K17: V12 | L17: CONTINUA MESMA VERSÃO | M17: CPQ11-ARCH-PART-C345-R22.rvt | N17: CPQ11-ARCH-PART-C345-R24.rvt | O17: ARCH-PART-C345 | P17: FALSE | Q17: ABERTO | R17: FOI AUDITADO R8 | S17: FINALIZADO | T17: FINALIZADO | U17: IURY | V17: 45951 | W17: 45951 | X17: NOT PUBLISHED | Y17: 0.5 | Z17: 0.47 | AA17: 0.5 | AB17: OUTDATED | AC17: 0.65 | AD17: 0.82 | AE17: 0.76 | AF17: OUTDATED | AG17: OUTDATED | AH17: OUTDATED | AI17: 0.82 | AJ17: OUTDATED | AK17: OUTDATED | AL17: OUTDATED | AM17: OUTDATED | AN17: OUTDATED | AO17: 1 | AP17: 1 | AQ17: 1 | AR17: 1 | AS17: 1 | AT17: 1 | AU17: 1 | AV17: 1 | AW17: 1 | AX17: 1 | AY17: 1 | AZ17: 1 | BA17: PREVIOUSLY APPROVED | BB17: PREVIOUSLY APPROVED | BC17: PREVIOUSLY APPROVED | BD17: PREVIOUSLY APPROVED | BE17: PREVIOUSLY APPROVED | BF17: PREVIOUSLY APPROVED | BG17: PREVIOUSLY APPROVED | BH17: PREVIOUSLY APPROVED | BI17: PREVIOUSLY APPROVED | BJ17: PREVIOUSLY APPROVED | BK17: PREVIOUSLY APPROVED | BL17: PREVIOUSLY APPROVED | BM17: PREVIOUSLY APPROVED | BN17: CLOSED | BO17: PREVIOUSLY APPROVED | BP17: =IFERROR(__xludf.DUMMYFUNCTION("IFERROR( INDEX( FILTER(X17:BK17, ISNUMBER(X17:BK17)), COUNTA(FILTER(X17:BK17, ISNUMBER(X17:BK17))) ), BK17 )"),1.0) -> 1
A18: 5 | B18: TENAX | D18: TENAX | F18: =IFERROR(VLOOKUP(M18:M91,'R22 RELATÓRIO ACC'!B:F,5,FALSE),"NOT PUBLISHED") -> V11 | G18: =IFERROR(VLOOKUP(M18:M89,'R22 RELATÓRIO ACC'!B:P,15,FALSE),"NOT PUBLISHED") -> 28/04/2026 | H18: =IFERROR(VLOOKUP(N18:N91,'RELATÓRIO ACC'!B:F,5,FALSE),"NOT PUBLISHED") -> V1 | I18: =IFERROR(VLOOKUP(N18:N89,'RELATÓRIO ACC'!B:P,15,FALSE),"NOT PUBLISHED") -> 15/05/2026 | J18: 45938 | K18: V4 | L18: MODELO FOI ATUALIZADO | M18: CPQ11-STRC-DPFN-DATA-R22.rvt | N18: CPQ11-STRC-DPFN-DATA-R24.rvt | O18: STRC-DPFN-DATA | P18: FALSE | Q18: ABERTO | R18: FOI AUDITADO R8 | S18: FINALIZADO | T18: FINALIZADO | U18: IURY | V18: 45944 | W18: 45944 | X18: NOT PUBLISHED | Y18: NOT PUBLISHED | Z18: NOT PUBLISHED | AA18: NOT PUBLISHED | AB18: NOT PUBLISHED | AC18: 0.41 | AD18: OUTDATED | AE18: 0.88 | AF18: OUTDATED | AG18: OUTDATED | AH18: 1 | AI18: 1 | AJ18: 1 | AK18: 1 | AL18: 1 | AM18: 1 | AN18: 1 | AO18: 1 | AP18: 1 | AQ18: 1 | AR18: 1 | AS18: 1 | AT18: 1 | AU18: 1 | AV18: 1 | AW18: 1 | AX18: 1 | AY18: 1 | AZ18: 1 | BA18: PREVIOUSLY APPROVED | BB18: PREVIOUSLY APPROVED | BC18: PREVIOUSLY APPROVED | BD18: PREVIOUSLY APPROVED | BE18: PREVIOUSLY APPROVED | BF18: PREVIOUSLY APPROVED | BG18: PREVIOUSLY APPROVED | BH18: PREVIOUSLY APPROVED | BI18: PREVIOUSLY APPROVED | BJ18: PREVIOUSLY APPROVED | BK18: PREVIOUSLY APPROVED | BL18: PREVIOUSLY APPROVED | BM18: PREVIOUSLY APPROVED | BN18: CLOSED | BO18: PREVIOUSLY APPROVED | BP18: =IFERROR(__xludf.DUMMYFUNCTION("IFERROR( INDEX( FILTER(X18:BK18, ISNUMBER(X18:BK18)), COUNTA(FILTER(X18:BK18, ISNUMBER(X18:BK18))) ), BK18 )"),1.0) -> 1
A19: 6 | B19: INOVAGLASS | C19: 1109 | D19: INOVAGLASS | E19: 1109 | F19: =IFERROR(VLOOKUP(M19:M92,'R22 RELATÓRIO ACC'!B:F,5,FALSE),"NOT PUBLISHED") -> V9 | G19: =IFERROR(VLOOKUP(M19:M90,'R22 RELATÓRIO ACC'!B:P,15,FALSE),"NOT PUBLISHED") -> 04/12/2025 | H19: =IFERROR(VLOOKUP(N19:N92,'RELATÓRIO ACC'!B:F,5,FALSE),"NOT PUBLISHED") -> V1 | I19: =IFERROR(VLOOKUP(N19:N90,'RELATÓRIO ACC'!B:P,15,FALSE),"NOT PUBLISHED") -> 20/05/2026 | J19: 45841 | K19: V5 | L19: MODELO FOI ATUALIZADO | M19: CPQ11-ARCH-BLPR-GUAR-R22.rvt | N19: CPQ11-ARCH-BLPR-GUAR-R24.rvt | O19: ARCH-BLPR-GUAR | P19: FALSE | Q19: FECHADA | R19: FOI AUDITADO R6 | W19: 45849 | X19: NOT PUBLISHED | Y19: NOT PUBLISHED | Z19: 0.69 | AA19: OUTDATED | AB19: 0.71 | AC19: 1 | AD19: 1 | AE19: 1 | AF19: 1 | AG19: 1 | AH19: 1 | AI19: 1 | AJ19: 1 | AK19: 1 | AL19: 1 | AM19: 1 | AN19: 1 | AO19: 1 | AP19: 1 | AQ19: 1 | AR19: 1 | AS19: 1 | AT19: 1 | AU19: 1 | AV19: 1 | AW19: 1 | AX19: 1 | AY19: 1 | AZ19: 1 | BA19: PREVIOUSLY APPROVED | BB19: PREVIOUSLY APPROVED | BC19: PREVIOUSLY APPROVED | BD19: PREVIOUSLY APPROVED | BE19: PREVIOUSLY APPROVED | BF19: PREVIOUSLY APPROVED | BG19: PREVIOUSLY APPROVED | BH19: PREVIOUSLY APPROVED | BI19: PREVIOUSLY APPROVED | BJ19: PREVIOUSLY APPROVED | BK19: PREVIOUSLY APPROVED | BL19: PREVIOUSLY APPROVED | BM19: PREVIOUSLY APPROVED | BN19: CLOSED | BO19: PREVIOUSLY APPROVED | BP19: =IFERROR(__xludf.DUMMYFUNCTION("IFERROR( INDEX( FILTER(X19:BK19, ISNUMBER(X19:BK19)), COUNTA(FILTER(X19:BK19, ISNUMBER(X19:BK19))) ), BK19 )"),1.0) -> 1
A20: 7 | B20: TENAX | D20: TENAX | F20: =IFERROR(VLOOKUP(M20:M93,'R22 RELATÓRIO ACC'!B:F,5,FALSE),"NOT PUBLISHED") -> V13 | G20: =IFERROR(VLOOKUP(M20:M91,'R22 RELATÓRIO ACC'!B:P,15,FALSE),"NOT PUBLISHED") -> 12/05/2026 | H20: =IFERROR(VLOOKUP(N20:N93,'RELATÓRIO ACC'!B:F,5,FALSE),"NOT PUBLISHED") -> V1 | I20: =IFERROR(VLOOKUP(N20:N91,'RELATÓRIO ACC'!B:P,15,FALSE),"NOT PUBLISHED") -> 15/05/2026 | J20: 45940 | K20: V4 | L20: MODELO FOI ATUALIZADO | M20: CPQ11-STRC-DPFN-SITE-R22.rvt | N20: CPQ11-STRC-DPFN-SITE-R24.rvt | O20: STRC-DPFN-SITE | P20: FALSE | Q20: ABERTO | R20: FOI AUDITADO R8 | S20: INICIADO | T20: INICIADO | U20: ALINNE | V20: 45945 | W20: 45945 | X20: NOT PUBLISHED | Y20: NOT PUBLISHED | Z20: NOT PUBLISHED | AA20: NOT PUBLISHED | AB20: NOT PUBLISHED | AC20: NOT PUBLISHED | AD20: 0.82 | AE20: 0.82 | AF20: OUTDATED | AG20: OUTDATED | AH20: 1 | AI20: 1 | AJ20: 1 | AK20: 1 | AL20: 1 | AM20: 1 | AN20: 1 | AO20: 1 | AP20: 1 | AQ20: 1 | AR20: 1 | AS20: 1 | AT20: 1 | AU20: 1 | AV20: 1 | AW20: 1 | AX20: 1 | AY20: 1 | AZ20: 1 | BA20: PREVIOUSLY APPROVED | BB20: PREVIOUSLY APPROVED | BC20: PREVIOUSLY APPROVED | BD20: PREVIOUSLY APPROVED | BE20: PREVIOUSLY APPROVED | BF20: PREVIOUSLY APPROVED | BG20: PREVIOUSLY APPROVED | BH20: PREVIOUSLY APPROVED | BI20: PREVIOUSLY APPROVED | BJ20: PREVIOUSLY APPROVED | BK20: PREVIOUSLY APPROVED | BL20: PREVIOUSLY APPROVED | BM20: PREVIOUSLY APPROVED | BN20: CLOSED | BO20: PREVIOUSLY APPROVED | BP20: =IFERROR(__xludf.DUMMYFUNCTION("IFERROR( INDEX( FILTER(X20:BK20, ISNUMBER(X20:BK20)), COUNTA(FILTER(X20:BK20, ISNUMBER(X20:BK20))) ), BK20 )"),1.0) -> 1
A21: 8 | B21: GARCIA | D21: CADBIM | F21: =IFERROR(VLOOKUP(M21:M94,'R22 RELATÓRIO ACC'!B:F,5,FALSE),"NOT PUBLISHED") -> V18 | G21: =IFERROR(VLOOKUP(M21:M92,'R22 RELATÓRIO ACC'!B:P,15,FALSE),"NOT PUBLISHED") -> 30/04/2026 | H21: =IFERROR(VLOOKUP(N21:N94,'RELATÓRIO ACC'!B:F,5,FALSE),"NOT PUBLISHED") -> V2 | I21: =IFERROR(VLOOKUP(N21:N92,'RELATÓRIO ACC'!B:P,15,FALSE),"NOT PUBLISHED") -> 20/05/2026 | J21: 45939 | K21: V3 | L21: MODELO FOI ATUALIZADO | M21: CPQ11-CIVL-PAVM-SITE-R22.rvt | N21: CPQ11-CIVL-PAVM-SITE-R24.rvt | O21: CIVL-PAVM-SITE | P21: FALSE | Q21: ABERTO | R21: FOI AUDITADO R9 | S21: FINALIZADO | T21: FINALIZADO | U21: IURY | V21: 45944 | W21: 45944 | X21: NOT PUBLISHED | Y21: NOT PUBLISHED | Z21: NOT PUBLISHED | AA21: NOT PUBLISHED | AB21: NOT PUBLISHED | AC21: NOT PUBLISHED | AD21: NOT PUBLISHED | AE21: NOT PUBLISHED | AF21: 0.71 | AG21: OUTDATED | AH21: 1 | AI21: 1 | AJ21: 1 | AK21: 1 | AL21: 1 | AM21: 1 | AN21: 1 | AO21: 1 | AP21: 1 | AQ21: 1 | AR21: 1 | AS21: 1 | AT21: 1 | AU21: 1 | AV21: 1 | AW21: 1 | AX21: 1 | AY21: 1 | AZ21: 1 | BA21: PREVIOUSLY APPROVED | BB21: PREVIOUSLY APPROVED | BC21: PREVIOUSLY APPROVED | BD21: PREVIOUSLY APPROVED | BE21: PREVIOUSLY APPROVED | BF21: PREVIOUSLY APPROVED | BG21: PREVIOUSLY APPROVED | BH21: PREVIOUSLY APPROVED | BI21: PREVIOUSLY APPROVED | BJ21: PREVIOUSLY APPROVED | BK21: PREVIOUSLY APPROVED | BL21: PREVIOUSLY APPROVED | BM21: PREVIOUSLY APPROVED | BN21: CLOSED | BO21: PREVIOUSLY APPROVED | BP21: =IFERROR(__xludf.DUMMYFUNCTION("IFERROR( INDEX( FILTER(X21:BK21, ISNUMBER(X21:BK21)), COUNTA(FILTER(X21:BK21, ISNUMBER(X21:BK21))) ), BK21 )"),1.0) -> 1
A22: 9 | B22: PORTEX | D22: SPBIM | F22: =IFERROR(VLOOKUP(M22:M95,'R22 RELATÓRIO ACC'!B:F,5,FALSE),"NOT PUBLISHED") -> V9 | G22: =IFERROR(VLOOKUP(M22:M93,'R22 RELATÓRIO ACC'!B:P,15,FALSE),"NOT PUBLISHED") -> 27/03/2026 | H22: =IFERROR(VLOOKUP(N22:N95,'RELATÓRIO ACC'!B:F,5,FALSE),"NOT PUBLISHED") -> V2 | I22: =IFERROR(VLOOKUP(N22:N93,'RELATÓRIO ACC'!B:P,15,FALSE),"NOT PUBLISHED") -> 26/06/2026 | J22: 45783 | K22: V1 | L22: MODELO FOI ATUALIZADO | M22: CPQ11-ARCH-HM90-DATA-R22.rvt | N22: CPQ11-ARCH-HM90-DATA-R24.rvt | O22: ARCH-HM90-DATA | P22: FALSE | Q22: NÃO POSSUI ISSUE | R22: FOI AUDITADO R7 | S22: INICIADO | U22: IURY | V22: 45926 | W22: 45876 | X22: NOT PUBLISHED | Y22: NOT PUBLISHED | Z22: NOT PUBLISHED | AA22: NOT PUBLISHED | AB22: 1 | AC22: OUTDATED | AD22: 1 | AE22: 1 | AF22: 1 | AG22: 1 | AH22: 1 | AI22: 1 | AJ22: 1 | AK22: 1 | AL22: 1 | AM22: 1 | AN22: 1 | AO22: 1 | AP22: 1 | AQ22: 1 | AR22: 1 | AS22: 1 | AT22: 1 | AU22: 1 | AV22: 1 | AW22: 1 | AX22: 1 | AY22: 1 | AZ22: 1 | BA22: PREVIOUSLY APPROVED | BB22: PREVIOUSLY APPROVED | BC22: PREVIOUSLY APPROVED | BD22: PREVIOUSLY APPROVED | BE22: PREVIOUSLY APPROVED | BF22: PREVIOUSLY APPROVED | BG22: PREVIOUSLY APPROVED | BH22: PREVIOUSLY APPROVED | BI22: PREVIOUSLY APPROVED | BJ22: PREVIOUSLY APPROVED | BK22: PREVIOUSLY APPROVED | BL22: PREVIOUSLY APPROVED | BM22: PREVIOUSLY APPROVED | BN22: CLOSED | BO22: PREVIOUSLY APPROVED | BP22: =IFERROR(__xludf.DUMMYFUNCTION("IFERROR( INDEX( FILTER(X22:BK22, ISNUMBER(X22:BK22)), COUNTA(FILTER(X22:BK22, ISNUMBER(X22:BK22))) ), BK22 )"),1.0) -> 1
A23: 10 | B23: GARCIA | D23: CADBIM | F23: =IFERROR(VLOOKUP(M23:M96,'R22 RELATÓRIO ACC'!B:F,5,FALSE),"NOT PUBLISHED") -> V20 | G23: =IFERROR(VLOOKUP(M23:M94,'R22 RELATÓRIO ACC'!B:P,15,FALSE),"NOT PUBLISHED") -> 06/05/2026 | H23: =IFERROR(VLOOKUP(N23:N96,'RELATÓRIO ACC'!B:F,5,FALSE),"NOT PUBLISHED") -> V4 | I23: =IFERROR(VLOOKUP(N23:N94,'RELATÓRIO ACC'!B:P,15,FALSE),"NOT PUBLISHED") -> 11/06/2026 | J23: 45935 | K23: V3 | L23: MODELO FOI ATUALIZADO | M23: CPQ11-CIVL-DRNG-SITE-R22.rvt | N23: CPQ11-CIVL-DRNG-SITE-R24.rvt | O23: CIVL-DRNG-SITE | P23: FALSE | Q23: ABERTO | R23: FOI AUDITADO R9 | S23: FINALIZADO | T23: FINALIZADO | U23: IURY | V23: 45944 | W23: 45944 | X23: NOT PUBLISHED | Y23: NOT PUBLISHED | Z23: NOT PUBLISHED | AA23: NOT PUBLISHED | AB23: NOT PUBLISHED | AC23: NOT PUBLISHED | AD23: NOT PUBLISHED | AE23: NOT PUBLISHED | AF23: 0.53 | AG23: OUTDATED | AH23: 1 | AI23: 1 | AJ23: 1 | AK23: 1 | AL23: 1 | AM23: 1 | AN23: 1 | AO23: 1 | AP23: 1 | AQ23: 1 | AR23: 1 | AS23: 1 | AT23: 1 | AU23: 1 | AV23: 1 | AW23: 1 | AX23: 1 | AY23: 1 | AZ23: 1 | BA23: PREVIOUSLY APPROVED | BB23: PREVIOUSLY APPROVED | BC23: PREVIOUSLY APPROVED | BD23: PREVIOUSLY APPROVED | BE23: PREVIOUSLY APPROVED | BF23: PREVIOUSLY APPROVED | BG23: PREVIOUSLY APPROVED | BH23: PREVIOUSLY APPROVED | BI23: PREVIOUSLY APPROVED | BJ23: PREVIOUSLY APPROVED | BK23: PREVIOUSLY APPROVED | BL23: PREVIOUSLY APPROVED | BM23: PREVIOUSLY APPROVED | BN23: CLOSED | BO23: PREVIOUSLY APPROVED | BP23: =IFERROR(__xludf.DUMMYFUNCTION("IFERROR( INDEX( FILTER(X23:BK23, ISNUMBER(X23:BK23)), COUNTA(FILTER(X23:BK23, ISNUMBER(X23:BK23))) ), BK23 )"),1.0) -> 1
A24: 11 | B24: TENAX | D24: TENAX | F24: =IFERROR(VLOOKUP(M24:M97,'R22 RELATÓRIO ACC'!B:F,5,FALSE),"NOT PUBLISHED") -> V17 | G24: =IFERROR(VLOOKUP(M24:M95,'R22 RELATÓRIO ACC'!B:P,15,FALSE),"NOT PUBLISHED") -> 12/05/2026 | H24: =IFERROR(VLOOKUP(N24:N97,'RELATÓRIO ACC'!B:F,5,FALSE),"NOT PUBLISHED") -> V1 | I24: =IFERROR(VLOOKUP(N24:N95,'RELATÓRIO ACC'!B:P,15,FALSE),"NOT PUBLISHED") -> 15/05/2026 | J24: 45919 | K24: V5 | L24: MODELO FOI ATUALIZADO | M24: CPQ11-STRC-CONC-SITE-R22.rvt | N24: CPQ11-STRC-CONC-SITE-R24.rvt | O24: STRC-CONC-SITE | P24: FALSE | Q24: ABERTO | R24: FOI AUDITADO R9 | S24: FINALIZADO | T24: FINALIZADO | U24: ALINNE | V24: 45923 | W24: 45923 | X24: NOT PUBLISHED | Y24: NOT PUBLISHED | Z24: NOT PUBLISHED | AA24: NOT PUBLISHED | AB24: NOT PUBLISHED | AC24: 0.29 | AD24: 0.71 | AE24: 0.82 | AF24: 1 | AG24: 1 | AH24: 1 | AI24: 1 | AJ24: 1 | AK24: 1 | AL24: 1 | AM24: 1 | AN24: 1 | AO24: 1 | AP24: 1 | AQ24: 1 | AR24: 1 | AS24: 1 | AT24: 1 | AU24: 1 | AV24: 1 | AW24: 1 | AX24: 1 | AY24: 1 | AZ24: 1 | BA24: PREVIOUSLY APPROVED | BB24: PREVIOUSLY APPROVED | BC24: PREVIOUSLY APPROVED | BD24: PREVIOUSLY APPROVED | BE24: PREVIOUSLY APPROVED | BF24: PREVIOUSLY APPROVED | BG24: PREVIOUSLY APPROVED | BH24: PREVIOUSLY APPROVED | BI24: PREVIOUSLY APPROVED | BJ24: PREVIOUSLY APPROVED | BK24: PREVIOUSLY APPROVED | BL24: PREVIOUSLY APPROVED | BM24: PREVIOUSLY APPROVED | BN24: CLOSED | BO24: PREVIOUSLY APPROVED | BP24: =IFERROR(__xludf.DUMMYFUNCTION("IFERROR( INDEX( FILTER(X24:BK24, ISNUMBER(X24:BK24)), COUNTA(FILTER(X24:BK24, ISNUMBER(X24:BK24))) ), BK24 )"),1.0) -> 1
A25: 12 | B25: IDEIA DRYWALL | C25: 1101 | D25: FCH | E25: 1126 | F25: =IFERROR(VLOOKUP(M25:M98,'R22 RELATÓRIO ACC'!B:F,5,FALSE),"NOT PUBLISHED") -> V24 | G25: =IFERROR(VLOOKUP(M25:M96,'R22 RELATÓRIO ACC'!B:P,15,FALSE),"NOT PUBLISHED") -> 07/04/2026 | H25: =IFERROR(VLOOKUP(N25:N98,'RELATÓRIO ACC'!B:F,5,FALSE),"NOT PUBLISHED") -> V2 | I25: =IFERROR(VLOOKUP(N25:N96,'RELATÓRIO ACC'!B:P,15,FALSE),"NOT PUBLISHED") -> 27/05/2026 | J25: 45979 | K25: V15 | L25: CONTINUA MESMA VERSÃO | M25: CPQ11-ARCH-PART-C12A-R22.rvt | N25: CPQ11-ARCH-PART-C12A-R24.rvt | O25: ARCH-PART-C12A | P25: FALSE | Q25: ABERTO | R25: FOI AUDITADO R8 | X25: NOT PUBLISHED | Y25: 0.44 | Z25: 0.47 | AA25: 0.63 | AB25: OUTDATED | AC25: 0.71 | AD25: 0.82 | AE25: 0.88 | AF25: OUTDATED | AG25: 0.94 | AH25: OUTDATED | AI25: 0.94 | AJ25: OUTDATED | AK25: 0.94 | AL25: 0.94 | AM25: 1 | AN25: 1 | AO25: 1 | AP25: 1 | AQ25: 1 | AR25: 1 | AS25: 1 | AT25: 1 | AU25: 1 | AV25: 1 | AW25: 1 | AX25: 1 | AY25: 1 | AZ25: 1 | BA25: PREVIOUSLY APPROVED | BB25: PREVIOUSLY APPROVED | BC25: PREVIOUSLY APPROVED | BD25: PREVIOUSLY APPROVED | BE25: PREVIOUSLY APPROVED | BF25: PREVIOUSLY APPROVED | BG25: PREVIOUSLY APPROVED | BH25: PREVIOUSLY APPROVED | BI25: PREVIOUSLY APPROVED | BJ25: PREVIOUSLY APPROVED | BK25: PREVIOUSLY APPROVED | BL25: PREVIOUSLY APPROVED | BM25: PREVIOUSLY APPROVED | BN25: CLOSED | BO25: PREVIOUSLY APPROVED | BP25: =IFERROR(__xludf.DUMMYFUNCTION("IFERROR( INDEX( FILTER(X25:BK25, ISNUMBER(X25:BK25)), COUNTA(FILTER(X25:BK25, ISNUMBER(X25:BK25))) ), BK25 )"),1.0) -> 1
A26: 13 | B26: ARE ARQUITETURA | C26: 1130 | D26: ARE ARQUITETURA | E26: 1130 | F26: =IFERROR(VLOOKUP(M26:M99,'R22 RELATÓRIO ACC'!B:F,5,FALSE),"NOT PUBLISHED") -> V29 | G26: =IFERROR(VLOOKUP(M26:M97,'R22 RELATÓRIO ACC'!B:P,15,FALSE),"NOT PUBLISHED") -> 13/04/2026 | H26: =IFERROR(VLOOKUP(N26:N99,'RELATÓRIO ACC'!B:F,5,FALSE),"NOT PUBLISHED") -> V3 | I26: =IFERROR(VLOOKUP(N26:N97,'RELATÓRIO ACC'!B:P,15,FALSE),"NOT PUBLISHED") -> 03/06/2026 | J26: 45898 | K26: V17 | L26: MODELO FOI ATUALIZADO | M26: CPQ11-ARCH-ARCH-DATA-R22.rvt | N26: CPQ11-ARCH-ARCH-DATA-R24.rvt | O26: ARCH-ARCH-DATA | P26: FALSE | Q26: FECHADA | R26: FOI AUDITADO R8 | S26: FINALIZADO | T26: FINALIZADO | U26: IURY | V26: 45901 | W26: 45901 | X26: NOT PUBLISHED | Y26: NOT PUBLISHED | Z26: 0.53 | AA26: 0.59 | AB26: 0.88 | AC26: 0.82 | AD26: 0.88 | AE26: 1 | AF26: 1 | AG26: 1 | AH26: 1 | AI26: 1 | AJ26: 1 | AK26: 1 | AL26: 1 | AM26: 1 | AN26: 1 | AO26: 1 | AP26: 1 | AQ26: 1 | AR26: 1 | AS26: 1 | AT26: 1 | AU26: 1 | AV26: 1 | AW26: 1 | AX26: 1 | AY26: 1 | AZ26: 1 | BA26: PREVIOUSLY APPROVED | BB26: PREVIOUSLY APPROVED | BC26: PREVIOUSLY APPROVED | BD26: PREVIOUSLY APPROVED | BE26: PREVIOUSLY APPROVED | BF26: PREVIOUSLY APPROVED | BG26: PREVIOUSLY APPROVED | BH26: PREVIOUSLY APPROVED | BI26: PREVIOUSLY APPROVED | BJ26: PREVIOUSLY APPROVED | BK26: PREVIOUSLY APPROVED | BL26: PREVIOUSLY APPROVED | BM26: PREVIOUSLY APPROVED | BN26: CLOSED | BO26: PREVIOUSLY APPROVED | BP26: =IFERROR(__xludf.DUMMYFUNCTION("IFERROR( INDEX( FILTER(X26:BK26, ISNUMBER(X26:BK26)), COUNTA(FILTER(X26:BK26, ISNUMBER(X26:BK26))) ), BK26 )"),1.0) -> 1
A27: 14 | B27: GARCIA | D27: CADBIM | F27: =IFERROR(VLOOKUP(M27:M100,'R22 RELATÓRIO ACC'!B:F,5,FALSE),"NOT PUBLISHED") -> V18 | G27: =IFERROR(VLOOKUP(M27:M98,'R22 RELATÓRIO ACC'!B:P,15,FALSE),"NOT PUBLISHED") -> 08/04/2026 | H27: =IFERROR(VLOOKUP(N27:N100,'RELATÓRIO ACC'!B:F,5,FALSE),"NOT PUBLISHED") -> V6 | I27: =IFERROR(VLOOKUP(N27:N98,'RELATÓRIO ACC'!B:P,15,FALSE),"NOT PUBLISHED") -> 24/06/2026 | J27: 45895 | K27: V2 | L27: MODELO FOI ATUALIZADO | M27: CPQ11-CIVL-ERTH-SITE-R22.rvt | N27: CPQ11-CIVL-ERTH-SITE-R24.rvt | O27: CIVL-ERTH-SITE | P27: FALSE | Q27: FECHADA | R27: FOI AUDITADO R8 | S27: FINALIZADO | T27: FINALIZADO | U27: EDSON | V27: 45895 | W27: 45895 | X27: NOT PUBLISHED | Y27: NOT PUBLISHED | Z27: NOT PUBLISHED | AA27: NOT PUBLISHED | AB27: NOT PUBLISHED | AC27: NOT PUBLISHED | AD27: NOT PUBLISHED | AE27: 1 | AF27: 1 | AG27: 1 | AH27: 1 | AI27: 1 | AJ27: 1 | AK27: 1 | AL27: 1 | AM27: 1 | AN27: 1 | AO27: 1 | AP27: 1 | AQ27: 1 | AR27: 1 | AS27: 1 | AT27: 1 | AU27: 1 | AV27: 1 | AW27: 1 | AX27: 1 | AY27: 1 | AZ27: 1 | BA27: PREVIOUSLY APPROVED | BB27: PREVIOUSLY APPROVED | BC27: PREVIOUSLY APPROVED | BD27: PREVIOUSLY APPROVED | BE27: PREVIOUSLY APPROVED | BF27: PREVIOUSLY APPROVED | BG27: PREVIOUSLY APPROVED | BH27: PREVIOUSLY APPROVED | BI27: PREVIOUSLY APPROVED | BJ27: PREVIOUSLY APPROVED | BK27: PREVIOUSLY APPROVED | BL27: PREVIOUSLY APPROVED | BM27: PREVIOUSLY APPROVED | BN27: CLOSED | BO27: PREVIOUSLY APPROVED | BP27: =IFERROR(__xludf.DUMMYFUNCTION("IFERROR( INDEX( FILTER(X27:BK27, ISNUMBER(X27:BK27)), COUNTA(FILTER(X27:BK27, ISNUMBER(X27:BK27))) ), BK27 )"),1.0) -> 1
A28: 15 | B28: MENDES HOLLER | C28: 1112 | D28: PGMAK | E28: 1129 | F28: =IFERROR(VLOOKUP(M28:M101,'R22 RELATÓRIO ACC'!B:F,5,FALSE),"NOT PUBLISHED") -> V40 | G28: =IFERROR(VLOOKUP(M28:M99,'R22 RELATÓRIO ACC'!B:P,15,FALSE),"NOT PUBLISHED") -> 10/04/2026 | H28: =IFERROR(VLOOKUP(N28:N101,'RELATÓRIO ACC'!B:F,5,FALSE),"NOT PUBLISHED") -> V3 | I28: =IFERROR(VLOOKUP(N28:N99,'RELATÓRIO ACC'!B:P,15,FALSE),"NOT PUBLISHED") -> 13/07/2026 | J28: 45882 | K28: V24 | L28: MODELO FOI ATUALIZADO | M28: CPQ11-SYST-INFR-DATA-R22.rvt | N28: CPQ11-SYST-INFR-DATA-R24.rvt | O28: SYST-INFR-DATA | P28: FALSE | Q28: FECHADA | R28: FOI AUDITADO R8 | S28: FINALIZADO | T28: FINALIZADO | U28: EDSON | V28: 45883 | W28: 45883 | X28: NOT PUBLISHED | Y28: NOT PUBLISHED | Z28: 0.44 | AA28: 0.69 | AB28: 0.94 | AC28: 0.82 | AD28: 0.88 | AE28: 1 | AF28: 1 | AG28: 1 | AH28: 1 | AI28: 1 | AJ28: 1 | AK28: 1 | AL28: 1 | AM28: 1 | AN28: 1 | AO28: 1 | AP28: 1 | AQ28: 1 | AR28: 1 | AS28: 1 | AT28: 1 | AU28: 1 | AV28: 1 | AW28: 1 | AX28: 1 | AY28: 1 | AZ28: 1 | BA28: PREVIOUSLY APPROVED | BB28: PREVIOUSLY APPROVED | BC28: PREVIOUSLY APPROVED | BD28: PREVIOUSLY APPROVED | BE28: PREVIOUSLY APPROVED | BF28: PREVIOUSLY APPROVED | BG28: PREVIOUSLY APPROVED | BH28: PREVIOUSLY APPROVED | BI28: PREVIOUSLY APPROVED | BJ28: PREVIOUSLY APPROVED | BK28: PREVIOUSLY APPROVED | BL28: PREVIOUSLY APPROVED | BM28: PREVIOUSLY APPROVED | BN28: CLOSED | BO28: PREVIOUSLY APPROVED | BP28: =IFERROR(__xludf.DUMMYFUNCTION("IFERROR( INDEX( FILTER(X28:BK28, ISNUMBER(X28:BK28)), COUNTA(FILTER(X28:BK28, ISNUMBER(X28:BK28))) ), BK28 )"),1.0) -> 1
A29: 16 | B29: MENDES HOLLER | C29: 1112 | D29: PGMAK | E29: 1129 | F29: =IFERROR(VLOOKUP(M29:M102,'R22 RELATÓRIO ACC'!B:F,5,FALSE),"NOT PUBLISHED") -> V39 | G29: =IFERROR(VLOOKUP(M29:M100,'R22 RELATÓRIO ACC'!B:P,15,FALSE),"NOT PUBLISHED") -> 12/05/2026 | H29: =IFERROR(VLOOKUP(N29:N102,'RELATÓRIO ACC'!B:F,5,FALSE),"NOT PUBLISHED") -> V4 | I29: =IFERROR(VLOOKUP(N29:N100,'RELATÓRIO ACC'!B:P,15,FALSE),"NOT PUBLISHED") -> 14/07/2026 | J29: 45863 | K29: V20 | L29: MODELO FOI ATUALIZADO | M29: CPQ11-SYST-INFR-SITE-R22.rvt | N29: CPQ11-SYST-INFR-SITE-R24.rvt | O29: SYST-INFR-SITE | P29: FALSE | Q29: FECHADA | R29: FOI AUDITADO R7 | W29: 45870 | X29: NOT PUBLISHED | Y29: 0.69 | Z29: 0.81 | AA29: 0.69 | AB29: 1 | AC29: 0.82 | AD29: 1 | AE29: 1 | AF29: 1 | AG29: 1 | AH29: 1 | AI29: 1 | AJ29: 1 | AK29: 1 | AL29: 1 | AM29: 1 | AN29: 1 | AO29: 1 | AP29: 1 | AQ29: 1 | AR29: 1 | AS29: 1 | AT29: 1 | AU29: 1 | AV29: 1 | AW29: 1 | AX29: 1 | AY29: 1 | AZ29: 1 | BA29: PREVIOUSLY APPROVED | BB29: PREVIOUSLY APPROVED | BC29: PREVIOUSLY APPROVED | BD29: PREVIOUSLY APPROVED | BE29: PREVIOUSLY APPROVED | BF29: PREVIOUSLY APPROVED | BG29: PREVIOUSLY APPROVED | BH29: PREVIOUSLY APPROVED | BI29: PREVIOUSLY APPROVED | BJ29: PREVIOUSLY APPROVED | BK29: PREVIOUSLY APPROVED | BL29: PREVIOUSLY APPROVED | BM29: PREVIOUSLY APPROVED | BN29: CLOSED | BO29: PREVIOUSLY APPROVED | BP29: =IFERROR(__xludf.DUMMYFUNCTION("IFERROR( INDEX( FILTER(X29:BK29, ISNUMBER(X29:BK29)), COUNTA(FILTER(X29:BK29, ISNUMBER(X29:BK29))) ), BK29 )"),1.0) -> 1
A30: 17 | B30: MENDES HOLLER | C30: 1112 | D30: PGMAK | E30: 1129 | F30: =IFERROR(VLOOKUP(M30:M103,'R22 RELATÓRIO ACC'!B:F,5,FALSE),"NOT PUBLISHED") -> V39 | G30: =IFERROR(VLOOKUP(M30:M101,'R22 RELATÓRIO ACC'!B:P,15,FALSE),"NOT PUBLISHED") -> 19/03/2026 | H30: =IFERROR(VLOOKUP(N30:N103,'RELATÓRIO ACC'!B:F,5,FALSE),"NOT PUBLISHED") -> V5 | I30: =IFERROR(VLOOKUP(N30:N101,'RELATÓRIO ACC'!B:P,15,FALSE),"NOT PUBLISHED") -> 10/07/2026 | J30: 45982 | K30: V34 | L30: MODELO FOI ATUALIZADO | M30: CPQ11-SCTY-INFR-DATA-R22.rvt | N30: CPQ11-SCTY-INFR-DATA-R24.rvt | O30: SCTY-INFR-DATA | P30: FALSE | Q30: ABERTO | R30: FOI AUDITADO R8 | S30: FINALIZADO | T30: FINALIZADO | U30: ALINNE | V30: 45944 | W30: 45944 | X30: NOT PUBLISHED | Y30: 0.56 | Z30: 0.56 | AA30: 0.75 | AB30: 0.88 | AC30: 0.82 | AD30: 0.94 | AE30: 0.94 | AF30: OUTDATED | AG30: OUTDATED | AH30: 0.94 | AI30: OUTDATED | AJ30: 0.94 | AK30: OUTDATED | AL30: 1 | AM30: 1 | AN30: 1 | AO30: 1 | AP30: 1 | AQ30: 1 | AR30: 1 | AS30: 1 | AT30: 1 | AU30: 1 | AV30: 1 | AW30: 1 | AX30: 1 | AY30: 1 | AZ30: 1 | BA30: PREVIOUSLY APPROVED | BB30: PREVIOUSLY APPROVED | BC30: PREVIOUSLY APPROVED | BD30: PREVIOUSLY APPROVED | BE30: PREVIOUSLY APPROVED | BF30: PREVIOUSLY APPROVED | BG30: PREVIOUSLY APPROVED | BH30: PREVIOUSLY APPROVED | BI30: PREVIOUSLY APPROVED | BJ30: PREVIOUSLY APPROVED | BK30: PREVIOUSLY APPROVED | BL30: PREVIOUSLY APPROVED | BM30: PREVIOUSLY APPROVED | BN30: CLOSED | BO30: PREVIOUSLY APPROVED | BP30: =IFERROR(__xludf.DUMMYFUNCTION("IFERROR( INDEX( FILTER(X30:BK30, ISNUMBER(X30:BK30)), COUNTA(FILTER(X30:BK30, ISNUMBER(X30:BK30))) ), BK30 )"),1.0) -> 1
A31: 18 | B31: MENDES HOLLER | C31: 1112 | D31: PGMAK | E31: 1129 | F31: =IFERROR(VLOOKUP(M31:M104,'R22 RELATÓRIO ACC'!B:F,5,FALSE),"NOT PUBLISHED") -> V34 | G31: =IFERROR(VLOOKUP(M31:M102,'R22 RELATÓRIO ACC'!B:P,15,FALSE),"NOT PUBLISHED") -> 05/05/2026 | H31: =IFERROR(VLOOKUP(N31:N104,'RELATÓRIO ACC'!B:F,5,FALSE),"NOT PUBLISHED") -> V3 | I31: =IFERROR(VLOOKUP(N31:N102,'RELATÓRIO ACC'!B:P,15,FALSE),"NOT PUBLISHED") -> 03/07/2026 | J31: 45849 | K31: V18 | L31: MODELO FOI ATUALIZADO | M31: CPQ11-SCTY-INFR-SITE-R22.rvt | N31: CPQ11-SCTY-INFR-SITE-R24.rvt | O31: SCTY-INFR-SITE | P31: FALSE | Q31: FECHADA | R31: FOI AUDITADO R6 | W31: 45853 | X31: NOT PUBLISHED | Y31: 0.56 | Z31: 0.88 | AA31: 0.81 | AB31: 0.94 | AC31: 1 | AD31: 1 | AE31: 1 | AF31: 1 | AG31: 1 | AH31: 1 | AI31: 1 | AJ31: 1 | AK31: 1 | AL31: 1 | AM31: 1 | AN31: 1 | AO31: 1 | AP31: 1 | AQ31: 1 | AR31: 1 | AS31: 1 | AT31: 1 | AU31: 1 | AV31: 1 | AW31: 1 | AX31: 1 | AY31: 1 | AZ31: 1 | BA31: PREVIOUSLY APPROVED | BB31: PREVIOUSLY APPROVED | BC31: PREVIOUSLY APPROVED | BD31: PREVIOUSLY APPROVED | BE31: PREVIOUSLY APPROVED | BF31: PREVIOUSLY APPROVED | BG31: PREVIOUSLY APPROVED | BH31: PREVIOUSLY APPROVED | BI31: PREVIOUSLY APPROVED | BJ31: PREVIOUSLY APPROVED | BK31: PREVIOUSLY APPROVED | BL31: PREVIOUSLY APPROVED | BM31: PREVIOUSLY APPROVED | BN31: CLOSED | BO31: PREVIOUSLY APPROVED | BP31: =IFERROR(__xludf.DUMMYFUNCTION("IFERROR( INDEX( FILTER(X31:BK31, ISNUMBER(X31:BK31)), COUNTA(FILTER(X31:BK31, ISNUMBER(X31:BK31))) ), BK31 )"),1.0) -> 1
A32: 19 | B32: MENDES HOLLER | C32: 1112 | D32: PGMAK | E32: 1129 | F32: =IFERROR(VLOOKUP(M32:M105,'R22 RELATÓRIO ACC'!B:F,5,FALSE),"NOT PUBLISHED") -> V33 | G32: =IFERROR(VLOOKUP(M32:M103,'R22 RELATÓRIO ACC'!B:P,15,FALSE),"NOT PUBLISHED") -> 04/03/2026 | H32: =IFERROR(VLOOKUP(N32:N105,'RELATÓRIO ACC'!B:F,5,FALSE),"NOT PUBLISHED") -> V2 | I32: =IFERROR(VLOOKUP(N32:N103,'RELATÓRIO ACC'!B:P,15,FALSE),"NOT PUBLISHED") -> 13/07/2026 | J32: 45868 | K32: V25 | L32: MODELO FOI ATUALIZADO | M32: CPQ11-BASM-INFR-DATA-R22.rvt | N32: CPQ11-BASM-INFR-DATA-R24.rvt | O32: BASM-INFR-DATA | P32: FALSE | Q32: FECHADA | R32: FOI AUDITADO R7 | W32: 45870 | X32: NOT PUBLISHED | Y32: 0.75 | Z32: 0.56 | AA32: 0.94 | AB32: 1 | AC32: 0.94 | AD32: 1 | AE32: 1 | AF32: 1 | AG32: 1 | AH32: 1 | AI32: 1 | AJ32: 1 | AK32: 1 | AL32: 1 | AM32: 1 | AN32: 1 | AO32: 1 | AP32: 1 | AQ32: 1 | AR32: 1 | AS32: 1 | AT32: 1 | AU32: 1 | AV32: 1 | AW32: 1 | AX32: 1 | AY32: 1 | AZ32: 1 | BA32: PREVIOUSLY APPROVED | BB32: PREVIOUSLY APPROVED | BC32: PREVIOUSLY APPROVED | BD32: PREVIOUSLY APPROVED | BE32: PREVIOUSLY APPROVED | BF32: PREVIOUSLY APPROVED | BG32: PREVIOUSLY APPROVED | BH32: PREVIOUSLY APPROVED | BI32: PREVIOUSLY APPROVED | BJ32: PREVIOUSLY APPROVED | BK32: PREVIOUSLY APPROVED | BL32: PREVIOUSLY APPROVED | BM32: PREVIOUSLY APPROVED | BN32: CLOSED | BO32: PREVIOUSLY APPROVED | BP32: =IFERROR(__xludf.DUMMYFUNCTION("IFERROR( INDEX( FILTER(X32:BK32, ISNUMBER(X32:BK32)), COUNTA(FILTER(X32:BK32, ISNUMBER(X32:BK32))) ), BK32 )"),1.0) -> 1
A33: 20 | B33: MENDES HOLLER | C33: 1112 | D33: PGMAK | E33: 1129 | F33: =IFERROR(VLOOKUP(M33:M106,'R22 RELATÓRIO ACC'!B:F,5,FALSE),"NOT PUBLISHED") -> V32 | G33: =IFERROR(VLOOKUP(M33:M104,'R22 RELATÓRIO ACC'!B:P,15,FALSE),"NOT PUBLISHED") -> 24/04/2026 | H33: =IFERROR(VLOOKUP(N33:N106,'RELATÓRIO ACC'!B:F,5,FALSE),"NOT PUBLISHED") -> V3 | I33: =IFERROR(VLOOKUP(N33:N104,'RELATÓRIO ACC'!B:P,15,FALSE),"NOT PUBLISHED") -> 03/07/2026 | J33: 45846 | K33: V19 | L33: MODELO FOI ATUALIZADO | M33: CPQ11-BASM-INFR-PUMP-R22.rvt | N33: CPQ11-BASM-INFR-PUMP-R24.rvt | O33: BASM-INFR-PUMP | P33: FALSE | Q33: FECHADA | R33: FOI AUDITADO R6 | W33: 45852 | X33: NOT PUBLISHED | Y33: 0.75 | Z33: 0.75 | AA33: 0.94 | AB33: 1 | AC33: 1 | AD33: 1 | AE33: 1 | AF33: 1 | AG33: 1 | AH33: 1 | AI33: 1 | AJ33: 1 | AK33: 1 | AL33: 1 | AM33: 1 | AN33: 1 | AO33: 1 | AP33: 1 | AQ33: 1 | AR33: 1 | AS33: 1 | AT33: 1 | AU33: 1 | AV33: 1 | AW33: 1 | AX33: 1 | AY33: 1 | AZ33: 1 | BA33: PREVIOUSLY APPROVED | BB33: PREVIOUSLY APPROVED | BC33: PREVIOUSLY APPROVED | BD33: PREVIOUSLY APPROVED | BE33: PREVIOUSLY APPROVED | BF33: PREVIOUSLY APPROVED | BG33: PREVIOUSLY APPROVED | BH33: PREVIOUSLY APPROVED | BI33: PREVIOUSLY APPROVED | BJ33: PREVIOUSLY APPROVED | BK33: PREVIOUSLY APPROVED | BL33: PREVIOUSLY APPROVED | BM33: PREVIOUSLY APPROVED | BN33: CLOSED | BO33: PREVIOUSLY APPROVED | BP33: =IFERROR(__xludf.DUMMYFUNCTION("IFERROR( INDEX( FILTER(X33:BK33, ISNUMBER(X33:BK33)), COUNTA(FILTER(X33:BK33, ISNUMBER(X33:BK33))) ), BK33 )"),1.0) -> 1
A34: 21 | B34: MENDES HOLLER | C34: 1112 | D34: PGMAK | E34: 1129 | F34: =IFERROR(VLOOKUP(M34:M107,'R22 RELATÓRIO ACC'!B:F,5,FALSE),"NOT PUBLISHED") -> V52 | G34: =IFERROR(VLOOKUP(M34:M105,'R22 RELATÓRIO ACC'!B:P,15,FALSE),"NOT PUBLISHED") -> 30/04/2026 | H34: =IFERROR(VLOOKUP(N34:N107,'RELATÓRIO ACC'!B:F,5,FALSE),"NOT PUBLISHED") -> V4 | I34: =IFERROR(VLOOKUP(N34:N105,'RELATÓRIO ACC'!B:P,15,FALSE),"NOT PUBLISHED") -> 06/07/2026 | J34: 46077 | K34: V46 | L34: MODELO FOI ATUALIZADO | M34: CPQ11-ELEC-ELEC-DATA-R22.rvt | N34: CPQ11-ELEC-ELEC-DATA-R24.rvt | O34: ELEC-ELEC-DATA | P34: FALSE | Q34: ABERTO | R34: FOI AUDITADO R8 | S34: FINALIZADO | T34: FINALIZADO | U34: ALINNE | V34: 45944 | W34: 45944 | X34: NOT PUBLISHED | Y34: 0.44 | Z34: 0.44 | AA34: 0.63 | AB34: 0.75 | AC34: 0.76 | AD34: 0.88 | AE34: 0.82 | AF34: OUTDATED | AG34: OUTDATED | AH34: 0.82 | AI34: OUTDATED | AJ34: 0.82 | AK34: 0.88 | AL34: 0.88 | AM34: OUTDATED | AN34: 0.88 | AO34: 0.88 | AP34: OUTDATED | AQ34: OUTDATED | AR34: 0.82 | AS34: OUTDATED | AT34: 1 | AU34: 1 | AV34: 1 | AW34: 1 | AX34: 1 | AY34: 1 | AZ34: 1 | BA34: PREVIOUSLY APPROVED | BB34: PREVIOUSLY APPROVED | BC34: PREVIOUSLY APPROVED | BD34: PREVIOUSLY APPROVED | BE34: PREVIOUSLY APPROVED | BF34: PREVIOUSLY APPROVED | BG34: PREVIOUSLY APPROVED | BH34: PREVIOUSLY APPROVED | BI34: PREVIOUSLY APPROVED | BJ34: PREVIOUSLY APPROVED | BK34: PREVIOUSLY APPROVED | BL34: PREVIOUSLY APPROVED | BM34: PREVIOUSLY APPROVED | BN34: CLOSED | BO34: PREVIOUSLY APPROVED | BP34: =IFERROR(__xludf.DUMMYFUNCTION("IFERROR( INDEX( FILTER(X34:BK34, ISNUMBER(X34:BK34)), COUNTA(FILTER(X34:BK34, ISNUMBER(X34:BK34))) ), BK34 )"),1.0) -> 1
A35: 22 | B35: MENDES HOLLER | C35: 1112 | D35: PGMAK | E35: 1129 | F35: =IFERROR(VLOOKUP(M35:M108,'R22 RELATÓRIO ACC'!B:F,5,FALSE),"NOT PUBLISHED") -> V33 | G35: =IFERROR(VLOOKUP(M35:M106,'R22 RELATÓRIO ACC'!B:P,15,FALSE),"NOT PUBLISHED") -> 05/03/2026 | H35: =IFERROR(VLOOKUP(N35:N108,'RELATÓRIO ACC'!B:F,5,FALSE),"NOT PUBLISHED") -> V1 | I35: =IFERROR(VLOOKUP(N35:N106,'RELATÓRIO ACC'!B:P,15,FALSE),"NOT PUBLISHED") -> 19/05/2026 | J35: 46077 | K35: V32 | L35: MODELO FOI ATUALIZADO | M35: CPQ11-ELEC-ELEC-SITE-R22.rvt | N35: CPQ11-ELEC-ELEC-SITE-R24.rvt | O35: ELEC-ELEC-SITE | P35: FALSE | Q35: ABERTO | R35: FOI AUDITADO R8 | S35: FINALIZADO | T35: FINALIZADO | U35: IURY | V35: 45944 | W35: 45944 | X35: NOT PUBLISHED | Y35: 0.38 | Z35: 0.5 | AA35: 0.5 | AB35: 0.94 | AC35: 0.88 | AD35: 0.88 | AE35: 0.88 | AF35: OUTDATED | AG35: OUTDATED | AH35: 0.94 | AI35: 0.94 | AJ35: 0.94 | AK35: OUTDATED | AL35: 0.94 | AM35: OUTDATED | AN35: 0.94 | AO35: 0.94 | AP35: OUTDATED | AQ35: OUTDATED | AR35: 0.94 | AS35: OUTDATED | AT35: 1 | AU35: 1 | AV35: 1 | AW35: 1 | AX35: 1 | AY35: 1 | AZ35: 1 | BA35: PREVIOUSLY APPROVED | BB35: PREVIOUSLY APPROVED | BC35: PREVIOUSLY APPROVED | BD35: PREVIOUSLY APPROVED | BE35: PREVIOUSLY APPROVED | BF35: PREVIOUSLY APPROVED | BG35: PREVIOUSLY APPROVED | BH35: PREVIOUSLY APPROVED | BI35: PREVIOUSLY APPROVED | BJ35: PREVIOUSLY APPROVED | BK35: PREVIOUSLY APPROVED | BL35: PREVIOUSLY APPROVED | BM35: PREVIOUSLY APPROVED | BN35: CLOSED | BO35: PREVIOUSLY APPROVED | BP35: =IFERROR(__xludf.DUMMYFUNCTION("IFERROR( INDEX( FILTER(X35:BK35, ISNUMBER(X35:BK35)), COUNTA(FILTER(X35:BK35, ISNUMBER(X35:BK35))) ), BK35 )"),1.0) -> 1
A36: 23 | B36: MENDES HOLLER | C36: 1112 | D36: PGMAK | E36: 1129 | F36: =IFERROR(VLOOKUP(M36:M109,'R22 RELATÓRIO ACC'!B:F,5,FALSE),"NOT PUBLISHED") -> V30 | G36: =IFERROR(VLOOKUP(M36:M107,'R22 RELATÓRIO ACC'!B:P,15,FALSE),"NOT PUBLISHED") -> 24/03/2026 | H36: =IFERROR(VLOOKUP(N36:N109,'RELATÓRIO ACC'!B:F,5,FALSE),"NOT PUBLISHED") -> V2 | I36: =IFERROR(VLOOKUP(N36:N107,'RELATÓRIO ACC'!B:P,15,FALSE),"NOT PUBLISHED") -> 13/07/2026 | J36: 46091 | K36: V29 | L36: MODELO FOI ATUALIZADO | M36: CPQ11-PLMB-PLMB-DATA-R22.rvt | N36: CPQ11-PLMB-PLMB-DATA-R24.rvt | O36: PLMB-PLMB-DATA | P36: FALSE | Q36: ABERTO | R36: FOI AUDITADO R6 | S36: FINALIZADO | T36: FINALIZADO | U36: ALINNE | V36: 45944 | W36: 45944 | X36: NOT PUBLISHED | Y36: 0.63 | Z36: 0.56 | AA36: 0.5 | AB36: 0.56 | AC36: 0.65 | AD36: OUTDATED | AE36: OUTDATED | AF36: OUTDATED | AG36: OUTDATED | AH36: 0.71 | AI36: OUTDATED | AJ36: 0.71 | AK36: OUTDATED | AL36: 0.71 | AM36: OUTDATED | AN36: 0.71 | AO36: 0.71 | AP36: 0.76 | AQ36: OUTDATED | AR36: 0.76 | AS36: 0.88 | AT36: OUTDATED | AU36: 1 | AV36: 1 | AW36: 1 | AX36: 1 | AY36: 1 | AZ36: 1 | BA36: PREVIOUSLY APPROVED | BB36: PREVIOUSLY APPROVED | BC36: PREVIOUSLY APPROVED | BD36: PREVIOUSLY APPROVED | BE36: PREVIOUSLY APPROVED | BF36: PREVIOUSLY APPROVED | BG36: PREVIOUSLY APPROVED | BH36: PREVIOUSLY APPROVED | BI36: PREVIOUSLY APPROVED | BJ36: PREVIOUSLY APPROVED | BK36: PREVIOUSLY APPROVED | BL36: PREVIOUSLY APPROVED | BM36: PREVIOUSLY APPROVED | BN36: CLOSED | BO36: PREVIOUSLY APPROVED | BP36: =IFERROR(__xludf.DUMMYFUNCTION("IFERROR( INDEX( FILTER(X36:BK36, ISNUMBER(X36:BK36)), COUNTA(FILTER(X36:BK36, ISNUMBER(X36:BK36))) ), BK36 )"),1.0) -> 1
A37: 24 | B37: MENDES HOLLER | C37: 1112 | D37: PGMAK | E37: 1129 | F37: =IFERROR(VLOOKUP(M37:M110,'R22 RELATÓRIO ACC'!B:F,5,FALSE),"NOT PUBLISHED") -> V27 | G37: =IFERROR(VLOOKUP(M37:M108,'R22 RELATÓRIO ACC'!B:P,15,FALSE),"NOT PUBLISHED") -> 08/04/2026 | H37: =IFERROR(VLOOKUP(N37:N110,'RELATÓRIO ACC'!B:F,5,FALSE),"NOT PUBLISHED") -> V2 | I37: =IFERROR(VLOOKUP(N37:N108,'RELATÓRIO ACC'!B:P,15,FALSE),"NOT PUBLISHED") -> 23/06/2026 | J37: 08/04/2026 | K37: V27 | L37: MODELO FOI ATUALIZADO | M37: CPQ11-PLMB-PLMB-SITE-R22.rvt | N37: CPQ11-PLMB-PLMB-SITE-R24.rvt | O37: PLMB-PLMB-SITE | P37: FALSE | Q37: ABERTO | R37: FOI AUDITADO R8 | S37: FINALIZADO | T37: FINALIZADO | U37: IURY | V37: 45944 | W37: 45944 | X37: NOT PUBLISHED | Y37: 0.5 | Z37: 0.44 | AA37: 0.5 | AB37: OUTDATED | AC37: 0.65 | AD37: 0.71 | AE37: 0.71 | AF37: OUTDATED | AG37: OUTDATED | AH37: 0.71 | AI37: 0.82 | AJ37: 0.82 | AK37: OUTDATED | AL37: 0.82 | AM37: OUTDATED | AN37: 0.82 | AO37: 0.82 | AP37: 0.82 | AQ37: OUTDATED | AR37: IMPROPER | AS37: 0.94 | AT37: OUTDATED | AU37: 0.94 | AV37: OUTDATED | AW37: OUTDATED | AX37: NEXT ROUND | AY37: 0.94 | AZ37: 1 | BA37: PREVIOUSLY APPROVED | BB37: PREVIOUSLY APPROVED | BC37: PREVIOUSLY APPROVED | BD37: PREVIOUSLY APPROVED | BE37: PREVIOUSLY APPROVED | BF37: PREVIOUSLY APPROVED | BG37: PREVIOUSLY APPROVED | BH37: PREVIOUSLY APPROVED | BI37: PREVIOUSLY APPROVED | BJ37: PREVIOUSLY APPROVED | BK37: PREVIOUSLY APPROVED | BL37: PREVIOUSLY APPROVED | BM37: PREVIOUSLY APPROVED | BN37: CLOSED | BO37: PREVIOUSLY APPROVED | BP37: =IFERROR(__xludf.DUMMYFUNCTION("IFERROR( INDEX( FILTER(X37:BK37, ISNUMBER(X37:BK37)), COUNTA(FILTER(X37:BK37, ISNUMBER(X37:BK37))) ), BK37 )"),1.0) -> 1
A38: 25 | B38: MENDES HOLLER | C38: 1112 | D38: MENDES HOLLER | E38: 1112 | F38: =IFERROR(VLOOKUP(M38:M111,'R22 RELATÓRIO ACC'!B:F,5,FALSE),"NOT PUBLISHED") -> V14 | G38: =IFERROR(VLOOKUP(M38:M109,'R22 RELATÓRIO ACC'!B:P,15,FALSE),"NOT PUBLISHED") -> 03/03/2026 | H38: =IFERROR(VLOOKUP(N38:N111,'RELATÓRIO ACC'!B:F,5,FALSE),"NOT PUBLISHED") -> V4 | I38: =IFERROR(VLOOKUP(N38:N109,'RELATÓRIO ACC'!B:P,15,FALSE),"NOT PUBLISHED") -> 13/07/2026 | J38: 45895 | K38: V5 | L38: MODELO FOI ATUALIZADO | M38: CPQ11-PLMB-DIES-SITE-R22.rvt | N38: CPQ11-PLMB-DIES-SITE-R24.rvt | O38: PLMB-DIES-SITE | P38: FALSE | Q38: FECHADA | R38: FOI AUDITADO R8 | S38: FINALIZADO | T38: FINALIZADO | U38: EDSON | V38: 45895 | W38: 45895 | X38: NOT PUBLISHED | Y38: 0.88 | Z38: 0.69 | AA38: OUTDATED | AB38: OUTDATED | AC38: OUTDATED | AD38: 0.75 | AE38: 1 | AF38: 1 | AG38: 1 | AH38: 1 | AI38: 1 | AJ38: 1 | AK38: 1 | AL38: 1 | AM38: 1 | AN38: 1 | AO38: 1 | AP38: 1 | AQ38: 1 | AR38: 1 | AS38: 1 | AT38: 1 | AU38: 1 | AV38: 1 | AW38: 1 | AX38: 1 | AY38: 1 | AZ38: 1 | BA38: PREVIOUSLY APPROVED | BB38: PREVIOUSLY APPROVED | BC38: PREVIOUSLY APPROVED | BD38: PREVIOUSLY APPROVED | BE38: PREVIOUSLY APPROVED | BF38: PREVIOUSLY APPROVED | BG38: PREVIOUSLY APPROVED | BH38: PREVIOUSLY APPROVED | BI38: PREVIOUSLY APPROVED | BJ38: PREVIOUSLY APPROVED | BK38: PREVIOUSLY APPROVED | BL38: PREVIOUSLY APPROVED | BM38: PREVIOUSLY APPROVED | BN38: CLOSED | BO38: PREVIOUSLY APPROVED | BP38: =IFERROR(__xludf.DUMMYFUNCTION("IFERROR( INDEX( FILTER(X38:BK38, ISNUMBER(X38:BK38)), COUNTA(FILTER(X38:BK38, ISNUMBER(X38:BK38))) ), BK38 )"),1.0) -> 1
A39: 26 | B39: MENDES HOLLER | C39: 1112 | D39: MENDES HOLLER | E39: 1112 | F39: =IFERROR(VLOOKUP(M39:M112,'R22 RELATÓRIO ACC'!B:F,5,FALSE),"NOT PUBLISHED") -> V24 | G39: =IFERROR(VLOOKUP(M39:M110,'R22 RELATÓRIO ACC'!B:P,15,FALSE),"NOT PUBLISHED") -> 15/05/2026 | H39: =IFERROR(VLOOKUP(N39:N112,'RELATÓRIO ACC'!B:F,5,FALSE),"NOT PUBLISHED") -> V2 | I39: =IFERROR(VLOOKUP(N39:N110,'RELATÓRIO ACC'!B:P,15,FALSE),"NOT PUBLISHED") -> 06/07/2026 | J39: 07/05/2026 | K39: V23 | L39: CONTINUA MESMA VERSÃO | M39: CPQ11-FALM-FALM-DATA-R22.rvt | N39: CPQ11-FALM-FALM-DATA-R24.rvt | O39: FALM-FALM-DATA | P39: FALSE | Q39: ABERTO | R39: FOI AUDITADO R7 | W39: 45876 | X39: NOT PUBLISHED | Y39: NOT PUBLISHED | Z39: 0.81 | AA39: OUTDATED | AB39: 0.53 | AC39: 0.76 | AD39: 0.76 | AE39: OUTDATED | AF39: OUTDATED | AG39: OUTDATED | AH39: OUTDATED | AI39: OUTDATED | AJ39: OUTDATED | AK39: OUTDATED | AL39: 0.88 | AM39: OUTDATED | AN39: 0.88 | AO39: 0.88 | AP39: OUTDATED | AQ39: OUTDATED | AR39: OUTDATED | AS39: 0.94 | AT39: OUTDATED | AU39: 0.88 | AV39: OUTDATED | AW39: NEXT ROUND | AX39: 0.76 | AY39: OUTDATED | AZ39: 0.82 | BA39: 0.88 | BB39: OUTDATED | BC39: 1 | BD39: PREVIOUSLY APPROVED | BE39: PREVIOUSLY APPROVED | BF39: PREVIOUSLY APPROVED | BG39: PREVIOUSLY APPROVED | BH39: PREVIOUSLY APPROVED | BI39: PREVIOUSLY APPROVED | BJ39: PREVIOUSLY APPROVED | BK39: PREVIOUSLY APPROVED | BL39: PREVIOUSLY APPROVED | BM39: PREVIOUSLY APPROVED | BN39: CLOSED | BO39: PREVIOUSLY APPROVED | BP39: =IFERROR(__xludf.DUMMYFUNCTION("IFERROR( INDEX( FILTER(X39:BK39, ISNUMBER(X39:BK39)), COUNTA(FILTER(X39:BK39, ISNUMBER(X39:BK39))) ), BK39 )"),1.0) -> 1
A40: 30 | B40: AUTOBRÁS | C40: 1118 | D40: AUTOBRÁS | E40: 1118 | F40: =IFERROR(VLOOKUP(M40:M113,'R22 RELATÓRIO ACC'!B:F,5,FALSE),"NOT PUBLISHED") -> V15 | G40: =IFERROR(VLOOKUP(M40:M111,'R22 RELATÓRIO ACC'!B:P,15,FALSE),"NOT PUBLISHED") -> 15/04/2026 | H40: =IFERROR(VLOOKUP(N40:N113,'RELATÓRIO ACC'!B:F,5,FALSE),"NOT PUBLISHED") -> V2 | I40: =IFERROR(VLOOKUP(N40:N111,'RELATÓRIO ACC'!B:P,15,FALSE),"NOT PUBLISHED") -> 02/06/2026 | J40: 45910 | K40: V7 | L40: MODELO FOI ATUALIZADO | M40: CPQ11-DALI-DEVS-DATA-R22.rvt | N40: CPQ11-DALI-DEVS-DATA-R24.rvt | O40: DALI-DEVS-DATA | P40: FALSE | Q40: ABERTO | R40: FOI AUDITADO R8 | S40: FINALIZADO | T40: FINALIZADO | U40: ALINNE | V40: 45911 | W40: 45911 | X40: NOT PUBLISHED | Y40: NOT PUBLISHED | Z40: NOT PUBLISHED | AA40: NOT PUBLISHED | AB40: NOT PUBLISHED | AC40: 0.65 | AD40: OUTDATED | AE40: 1 | AF40: 1 | AG40: 1 | AH40: 1 | AI40: 1 | AJ40: 1 | AK40: 1 | AL40: 1 | AM40: 1 | AN40: 1 | AO40: 1 | AP40: 1 | AQ40: 1 | AR40: 1 | AS40: 1 | AT40: 1 | AU40: 1 | AV40: 1 | AW40: 1 | AX40: 1 | AY40: 1 | AZ40: 1 | BA40: PREVIOUSLY APPROVED | BB40: PREVIOUSLY APPROVED | BC40: PREVIOUSLY APPROVED | BD40: PREVIOUSLY APPROVED | BE40: PREVIOUSLY APPROVED | BF40: PREVIOUSLY APPROVED | BG40: PREVIOUSLY APPROVED | BH40: PREVIOUSLY APPROVED | BI40: PREVIOUSLY APPROVED | BJ40: PREVIOUSLY APPROVED | BK40: PREVIOUSLY APPROVED | BL40: PREVIOUSLY APPROVED | BM40: PREVIOUSLY APPROVED | BN40: CLOSED | BO40: PREVIOUSLY APPROVED | BP40: =IFERROR(__xludf.DUMMYFUNCTION("IFERROR( INDEX( FILTER(X40:BK40, ISNUMBER(X40:BK40)), COUNTA(FILTER(X40:BK40, ISNUMBER(X40:BK40))) ), BK40 )"),1.0) -> 1
A41: 31 | B41: BLACKBOX | C41: 1114 | D41: BLACKBOX | E41: 1114 | F41: =IFERROR(VLOOKUP(M41:M114,'R22 RELATÓRIO ACC'!B:F,5,FALSE),"NOT PUBLISHED") -> V20 | G41: =IFERROR(VLOOKUP(M41:M112,'R22 RELATÓRIO ACC'!B:P,15,FALSE),"NOT PUBLISHED") -> 05/05/2026 | H41: =IFERROR(VLOOKUP(N41:N114,'RELATÓRIO ACC'!B:F,5,FALSE),"NOT PUBLISHED") -> V2 | I41: =IFERROR(VLOOKUP(N41:N112,'RELATÓRIO ACC'!B:P,15,FALSE),"NOT PUBLISHED") -> 12/07/2026 | J41: 45869 | K41: V10 | L41: MODELO FOI ATUALIZADO | M41: CPQ11-BASM-DEVS-DATA-R22.rvt | N41: CPQ11-BASM-DEVS-DATA-R24.rvt | O41: BASM-DEVS-DATA | P41: FALSE | Q41: FECHADA | R41: FOI AUDITADO R7 | W41: 45875 | X41: NOT PUBLISHED | Y41: NOT PUBLISHED | Z41: NOT PUBLISHED | AA41: NOT PUBLISHED | AB41: 0.81 | AC41: 0.76 | AD41: 1 | AE41: 1 | AF41: 1 | AG41: 1 | AH41: 1 | AI41: 1 | AJ41: 1 | AK41: 1 | AL41: 1 | AM41: 1 | AN41: 1 | AO41: 1 | AP41: 1 | AQ41: 1 | AR41: 1 | AS41: 1 | AT41: 1 | AU41: 1 | AV41: 1 | AW41: 1 | AX41: 1 | AY41: 1 | AZ41: 1 | BA41: PREVIOUSLY APPROVED | BB41: PREVIOUSLY APPROVED | BC41: PREVIOUSLY APPROVED | BD41: PREVIOUSLY APPROVED | BE41: PREVIOUSLY APPROVED | BF41: PREVIOUSLY APPROVED | BG41: PREVIOUSLY APPROVED | BH41: PREVIOUSLY APPROVED | BI41: PREVIOUSLY APPROVED | BJ41: PREVIOUSLY APPROVED | BK41: PREVIOUSLY APPROVED | BL41: PREVIOUSLY APPROVED | BM41: PREVIOUSLY APPROVED | BN41: CLOSED | BO41: PREVIOUSLY APPROVED | BP41: =IFERROR(__xludf.DUMMYFUNCTION("IFERROR( INDEX( FILTER(X41:BK41, ISNUMBER(X41:BK41)), COUNTA(FILTER(X41:BK41, ISNUMBER(X41:BK41))) ), BK41 )"),1.0) -> 1
A42: 32 | B42: BLACKBOX | C42: 1114 | D42: BLACKBOX | E42: 1114 | F42: =IFERROR(VLOOKUP(M42:M115,'R22 RELATÓRIO ACC'!B:F,5,FALSE),"NOT PUBLISHED") -> V14 | G42: =IFERROR(VLOOKUP(M42:M113,'R22 RELATÓRIO ACC'!B:P,15,FALSE),"NOT PUBLISHED") -> 03/02/2026 | H42: =IFERROR(VLOOKUP(N42:N115,'RELATÓRIO ACC'!B:F,5,FALSE),"NOT PUBLISHED") -> V1 | I42: =IFERROR(VLOOKUP(N42:N113,'RELATÓRIO ACC'!B:P,15,FALSE),"NOT PUBLISHED") -> 15/05/2026 | J42: 45896 | K42: V10 | L42: CONTINUA MESMA VERSÃO | M42: CPQ11-BASM-DEVS-PUMP-R22.rvt | N42: CPQ11-BASM-DEVS-PUMP-R24.rvt | O42: BASM-DEVS-PUMP | P42: FALSE | Q42: FECHADA | R42: FOI AUDITADO R8 | S42: FINALIZADO | T42: FINALIZADO | U42: EDSON | V42: 45897 | W42: 45897 | X42: NOT PUBLISHED | Y42: NOT PUBLISHED | Z42: 0.44 | AA42: 0.88 | AB42: 0.75 | AC42: 0.82 | AD42: 0.94 | AE42: 1 | AF42: 1 | AG42: 1 | AH42: 1 | AI42: 1 | AJ42: 1 | AK42: 1 | AL42: 1 | AM42: 1 | AN42: 1 | AO42: 1 | AP42: 1 | AQ42: 1 | AR42: 1 | AS42: 1 | AT42: 1 | AU42: 1 | AV42: 1 | AW42: 1 | AX42: 1 | AY42: 1 | AZ42: 1 | BA42: PREVIOUSLY APPROVED | BB42: PREVIOUSLY APPROVED | BC42: PREVIOUSLY APPROVED | BD42: PREVIOUSLY APPROVED | BE42: PREVIOUSLY APPROVED | BF42: PREVIOUSLY APPROVED | BG42: PREVIOUSLY APPROVED | BH42: PREVIOUSLY APPROVED | BI42: PREVIOUSLY APPROVED | BJ42: PREVIOUSLY APPROVED | BK42: PREVIOUSLY APPROVED | BL42: PREVIOUSLY APPROVED | BM42: PREVIOUSLY APPROVED | BN42: CLOSED | BO42: PREVIOUSLY APPROVED | BP42: =IFERROR(__xludf.DUMMYFUNCTION("IFERROR( INDEX( FILTER(X42:BK42, ISNUMBER(X42:BK42)), COUNTA(FILTER(X42:BK42, ISNUMBER(X42:BK42))) ), BK42 )"),1.0) -> 1
A43: 33 | B43: BLACKBOX | C43: 1114 | D43: BLACKBOX | E43: 1114 | F43: =IFERROR(VLOOKUP(M43:M116,'R22 RELATÓRIO ACC'!B:F,5,FALSE),"NOT PUBLISHED") -> V15 | G43: =IFERROR(VLOOKUP(M43:M114,'R22 RELATÓRIO ACC'!B:P,15,FALSE),"NOT PUBLISHED") -> 27/04/2026 | H43: =IFERROR(VLOOKUP(N43:N116,'RELATÓRIO ACC'!B:F,5,FALSE),"NOT PUBLISHED") -> V3 | I43: =IFERROR(VLOOKUP(N43:N114,'RELATÓRIO ACC'!B:P,15,FALSE),"NOT PUBLISHED") -> 12/07/2026 | J43: 45896 | K43: V10 | L43: MODELO FOI ATUALIZADO | M43: CPQ11-EPMS-DEVS-DATA-R22.rvt | N43: CPQ11-EPMS-DEVS-DATA-R24.rvt | O43: EPMS-DEVS-DATA | P43: FALSE | Q43: FECHADA | R43: FOI AUDITADO R8 | S43: FINALIZADO | T43: FINALIZADO | U43: EDSON | V43: 45897 | W43: 45897 | X43: NOT PUBLISHED | Y43: NOT PUBLISHED | Z43: 0.56 | AA43: 0.88 | AB43: 0.88 | AC43: 0.94 | AD43: 0.94 | AE43: 1 | AF43: 1 | AG43: 1 | AH43: 1 | AI43: 1 | AJ43: 1 | AK43: 1 | AL43: 1 | AM43: 1 | AN43: 1 | AO43: 1 | AP43: 1 | AQ43: 1 | AR43: 1 | AS43: 1 | AT43: 1 | AU43: 1 | AV43: 1 | AW43: 1 | AX43: 1 | AY43: 1 | AZ43: 1 | BA43: PREVIOUSLY APPROVED | BB43: PREVIOUSLY APPROVED | BC43: PREVIOUSLY APPROVED | BD43: PREVIOUSLY APPROVED | BE43: PREVIOUSLY APPROVED | BF43: PREVIOUSLY APPROVED | BG43: PREVIOUSLY APPROVED | BH43: PREVIOUSLY APPROVED | BI43: PREVIOUSLY APPROVED | BJ43: PREVIOUSLY APPROVED | BK43: PREVIOUSLY APPROVED | BL43: PREVIOUSLY APPROVED | BM43: PREVIOUSLY APPROVED | BN43: CLOSED | BO43: PREVIOUSLY APPROVED | BP43: =IFERROR(__xludf.DUMMYFUNCTION("IFERROR( INDEX( FILTER(X43:BK43, ISNUMBER(X43:BK43)), COUNTA(FILTER(X43:BK43, ISNUMBER(X43:BK43))) ), BK43 )"),1.0) -> 1
A44: 34 | B44: BLACKBOX | C44: 1114 | D44: BLACKBOX | E44: 1114 | F44: =IFERROR(VLOOKUP(M44:M117,'R22 RELATÓRIO ACC'!B:F,5,FALSE),"NOT PUBLISHED") -> V11 | G44: =IFERROR(VLOOKUP(M44:M115,'R22 RELATÓRIO ACC'!B:P,15,FALSE),"NOT PUBLISHED") -> 03/02/2026 | H44: =IFERROR(VLOOKUP(N44:N117,'RELATÓRIO ACC'!B:F,5,FALSE),"NOT PUBLISHED") -> V1 | I44: =IFERROR(VLOOKUP(N44:N115,'RELATÓRIO ACC'!B:P,15,FALSE),"NOT PUBLISHED") -> 15/05/2026 | J44: 45896 | K44: V8 | L44: CONTINUA MESMA VERSÃO | M44: CPQ11-EPMS-DEVS-SITE-R22.rvt | N44: CPQ11-EPMS-DEVS-SITE-R24.rvt | O44: EPMS-DEVS-SITE | P44: FALSE | Q44: FECHADA | R44: FOI AUDITADO R8 | S44: FINALIZADO | T44: FINALIZADO | U44: EDSON | V44: 45897 | W44: 45897 | X44: NOT PUBLISHED | Y44: NOT PUBLISHED | Z44: 0.56 | AA44: 0.88 | AB44: 0.94 | AC44: 0.88 | AD44: 0.94 | AE44: 1 | AF44: 1 | AG44: 1 | AH44: 1 | AI44: 1 | AJ44: 1 | AK44: 1 | AL44: 1 | AM44: 1 | AN44: 1 | AO44: 1 | AP44: 1 | AQ44: 1 | AR44: 1 | AS44: 1 | AT44: 1 | AU44: 1 | AV44: 1 | AW44: 1 | AX44: 1 | AY44: 1 | AZ44: 1 | BA44: PREVIOUSLY APPROVED | BB44: PREVIOUSLY APPROVED | BC44: PREVIOUSLY APPROVED | BD44: PREVIOUSLY APPROVED | BE44: PREVIOUSLY APPROVED | BF44: PREVIOUSLY APPROVED | BG44: PREVIOUSLY APPROVED | BH44: PREVIOUSLY APPROVED | BI44: PREVIOUSLY APPROVED | BJ44: PREVIOUSLY APPROVED | BK44: PREVIOUSLY APPROVED | BL44: PREVIOUSLY APPROVED | BM44: PREVIOUSLY APPROVED | BN44: CLOSED | BO44: PREVIOUSLY APPROVED | BP44: =IFERROR(__xludf.DUMMYFUNCTION("IFERROR( INDEX( FILTER(X44:BK44, ISNUMBER(X44:BK44)), COUNTA(FILTER(X44:BK44, ISNUMBER(X44:BK44))) ), BK44 )"),1.0) -> 1
A45: 35 | B45: BLACKBOX | C45: 1114 | D45: BLACKBOX | E45: 1114 | F45: =IFERROR(VLOOKUP(M45:M118,'R22 RELATÓRIO ACC'!B:F,5,FALSE),"NOT PUBLISHED") -> V18 | G45: =IFERROR(VLOOKUP(M45:M116,'R22 RELATÓRIO ACC'!B:P,15,FALSE),"NOT PUBLISHED") -> 30/04/2026 | H45: =IFERROR(VLOOKUP(N45:N118,'RELATÓRIO ACC'!B:F,5,FALSE),"NOT PUBLISHED") -> V3 | I45: =IFERROR(VLOOKUP(N45:N116,'RELATÓRIO ACC'!B:P,15,FALSE),"NOT PUBLISHED") -> 29/06/2026 | J45: 45896 | K45: V12 | L45: MODELO FOI ATUALIZADO | M45: CPQ11-TCOM-DEVS-DATA-R22.rvt | N45: CPQ11-TCOM-DEVS-DATA-R24.rvt | O45: TCOM-DEVS-DATA | P45: FALSE | Q45: FECHADA | R45: FOI AUDITADO R8 | S45: FINALIZADO | T45: FINALIZADO | U45: EDSON | V45: 45897 | W45: 45897 | X45: NOT PUBLISHED | Y45: NOT PUBLISHED | Z45: 0.81 | AA45: 0.88 | AB45: 0.88 | AC45: 0.94 | AD45: 0.94 | AE45: 1 | AF45: 1 | AG45: 1 | AH45: 1 | AI45: 1 | AJ45: 1 | AK45: 1 | AL45: 1 | AM45: 1 | AN45: 1 | AO45: 1 | AP45: 1 | AQ45: 1 | AR45: 1 | AS45: 1 | AT45: 1 | AU45: 1 | AV45: 1 | AW45: 1 | AX45: 1 | AY45: 1 | AZ45: 1 | BA45: PREVIOUSLY APPROVED | BB45: PREVIOUSLY APPROVED | BC45: PREVIOUSLY APPROVED | BD45: PREVIOUSLY APPROVED | BE45: PREVIOUSLY APPROVED | BF45: PREVIOUSLY APPROVED | BG45: PREVIOUSLY APPROVED | BH45: PREVIOUSLY APPROVED | BI45: PREVIOUSLY APPROVED | BJ45: PREVIOUSLY APPROVED | BK45: PREVIOUSLY APPROVED | BL45: PREVIOUSLY APPROVED | BM45: PREVIOUSLY APPROVED | BN45: CLOSED | BO45: PREVIOUSLY APPROVED | BP45: =IFERROR(__xludf.DUMMYFUNCTION("IFERROR( INDEX( FILTER(X45:BK45, ISNUMBER(X45:BK45)), COUNTA(FILTER(X45:BK45, ISNUMBER(X45:BK45))) ), BK45 )"),1.0) -> 1
A46: 36 | B46: BLACKBOX | C46: 1114 | D46: BLACKBOX | E46: 1114 | F46: =IFERROR(VLOOKUP(M46:M119,'R22 RELATÓRIO ACC'!B:F,5,FALSE),"NOT PUBLISHED") -> V14 | G46: =IFERROR(VLOOKUP(M46:M117,'R22 RELATÓRIO ACC'!B:P,15,FALSE),"NOT PUBLISHED") -> 29/04/2026 | H46: =IFERROR(VLOOKUP(N46:N119,'RELATÓRIO ACC'!B:F,5,FALSE),"NOT PUBLISHED") -> V2 | I46: =IFERROR(VLOOKUP(N46:N117,'RELATÓRIO ACC'!B:P,15,FALSE),"NOT PUBLISHED") -> 07/07/2026 | J46: 45897 | K46: V8 | L46: CONTINUA MESMA VERSÃO | M46: CPQ11-TCOM-DEVS-SITE-R22.rvt | N46: CPQ11-TCOM-DEVS-SITE-R24.rvt | O46: TCOM-DEVS-SITE | P46: FALSE | Q46: FECHADA | R46: FOI AUDITADO R8 | S46: FINALIZADO | T46: FINALIZADO | U46: EDSON | V46: 45897 | W46: 45897 | X46: NOT PUBLISHED | Y46: NOT PUBLISHED | Z46: 0.69 | AA46: 0.88 | AB46: 1 | AC46: 0.94 | AD46: 0.94 | AE46: 1 | AF46: 1 | AG46: 1 | AH46: 1 | AI46: 1 | AJ46: 1 | AK46: 1 | AL46: 1 | AM46: 1 | AN46: 1 | AO46: 1 | AP46: 1 | AQ46: 1 | AR46: 1 | AS46: 1 | AT46: 1 | AU46: 1 | AV46: 1 | AW46: 1 | AX46: 1 | AY46: 1 | AZ46: 1 | BA46: PREVIOUSLY APPROVED | BB46: PREVIOUSLY APPROVED | BC46: PREVIOUSLY APPROVED | BD46: PREVIOUSLY APPROVED | BE46: PREVIOUSLY APPROVED | BF46: PREVIOUSLY APPROVED | BG46: PREVIOUSLY APPROVED | BH46: PREVIOUSLY APPROVED | BI46: PREVIOUSLY APPROVED | BJ46: PREVIOUSLY APPROVED | BK46: PREVIOUSLY APPROVED | BL46: PREVIOUSLY APPROVED | BM46: PREVIOUSLY APPROVED | BN46: CLOSED | BO46: PREVIOUSLY APPROVED | BP46: =IFERROR(__xludf.DUMMYFUNCTION("IFERROR( INDEX( FILTER(X46:BK46, ISNUMBER(X46:BK46)), COUNTA(FILTER(X46:BK46, ISNUMBER(X46:BK46))) ), BK46 )"),1.0) -> 1
A47: 37 | B47: IBTECH | C47: 1113 | D47: IBTECH | E47: 1113 | F47: =IFERROR(VLOOKUP(M47:M120,'R22 RELATÓRIO ACC'!B:F,5,FALSE),"NOT PUBLISHED") -> V28 | G47: =IFERROR(VLOOKUP(M47:M118,'R22 RELATÓRIO ACC'!B:P,15,FALSE),"NOT PUBLISHED") -> 16/04/2026 | H47: =IFERROR(VLOOKUP(N47:N120,'RELATÓRIO ACC'!B:F,5,FALSE),"NOT PUBLISHED") -> V4 | I47: =IFERROR(VLOOKUP(N47:N118,'RELATÓRIO ACC'!B:P,15,FALSE),"NOT PUBLISHED") -> 26/06/2026 | J47: 45898 | K47: V17 | L47: MODELO FOI ATUALIZADO | M47: CPQ11-DASM-DEVS-DATA-R22.rvt | N47: CPQ11-DASM-DEVS-DATA-R24.rvt | O47: DASM-DEVS-DATA | P47: FALSE | Q47: FECHADA | R47: FOI AUDITADO R8 | S47: FINALIZADO | T47: FINALIZADO | U47: EDSON | V47: 45898 | W47: 45898 | X47: NOT PUBLISHED | Y47: NOT PUBLISHED | Z47: 0.5 | AA47: 0.5 | AB47: 0.5 | AC47: 0.44 | AD47: 0.88 | AE47: 1 | AF47: 1 | AG47: 1 | AH47: 1 | AI47: 1 | AJ47: 1 | AK47: 1 | AL47: 1 | AM47: 1 | AN47: 1 | AO47: 1 | AP47: 1 | AQ47: 1 | AR47: 1 | AS47: 1 | AT47: 1 | AU47: 1 | AV47: 1 | AW47: 1 | AX47: 1 | AY47: 1 | AZ47: 1 | BA47: PREVIOUSLY APPROVED | BB47: PREVIOUSLY APPROVED | BC47: PREVIOUSLY APPROVED | BD47: PREVIOUSLY APPROVED | BE47: PREVIOUSLY APPROVED | BF47: PREVIOUSLY APPROVED | BG47: PREVIOUSLY APPROVED | BH47: PREVIOUSLY APPROVED | BI47: PREVIOUSLY APPROVED | BJ47: PREVIOUSLY APPROVED | BK47: PREVIOUSLY APPROVED | BL47: PREVIOUSLY APPROVED | BM47: PREVIOUSLY APPROVED | BN47: CLOSED | BO47: PREVIOUSLY APPROVED | BP47: =IFERROR(__xludf.DUMMYFUNCTION("IFERROR( INDEX( FILTER(X47:BK47, ISNUMBER(X47:BK47)), COUNTA(FILTER(X47:BK47, ISNUMBER(X47:BK47))) ), BK47 )"),1.0) -> 1
A48: 38 | B48: IBTECH | C48: 1113 | D48: IBTECH | E48: 1113 | F48: =IFERROR(VLOOKUP(M48:M121,'R22 RELATÓRIO ACC'!B:F,5,FALSE),"NOT PUBLISHED") -> V36 | G48: =IFERROR(VLOOKUP(M48:M119,'R22 RELATÓRIO ACC'!B:P,15,FALSE),"NOT PUBLISHED") -> 08/05/2026 | H48: =IFERROR(VLOOKUP(N48:N121,'RELATÓRIO ACC'!B:F,5,FALSE),"NOT PUBLISHED") -> V2 | I48: =IFERROR(VLOOKUP(N48:N119,'RELATÓRIO ACC'!B:P,15,FALSE),"NOT PUBLISHED") -> 03/06/2026 | J48: 45876 | K48: V19 | L48: MODELO FOI ATUALIZADO | M48: CPQ11-ROIP-DEVS-DATA-R22.rvt | N48: CPQ11-ROIP-DEVS-DATA-R24.rvt | O48: ROIP-DEVS-DATA | P48: FALSE | Q48: FECHADA | R48: FOI AUDITADO R7 | W48: 45876 | X48: NOT PUBLISHED | Y48: NOT PUBLISHED | Z48: 0.5 | AA48: 0.38 | AB48: 0.69 | AC48: 0.94 | AD48: 1 | AE48: 1 | AF48: 1 | AG48: 1 | AH48: 1 | AI48: 1 | AJ48: 1 | AK48: 1 | AL48: 1 | AM48: 1 | AN48: 1 | AO48: 1 | AP48: 1 | AQ48: 1 | AR48: 1 | AS48: 1 | AT48: 1 | AU48: 1 | AV48: 1 | AW48: 1 | AX48: 1 | AY48: 1 | AZ48: 1 | BA48: PREVIOUSLY APPROVED | BB48: PREVIOUSLY APPROVED | BC48: PREVIOUSLY APPROVED | BD48: PREVIOUSLY APPROVED | BE48: PREVIOUSLY APPROVED | BF48: PREVIOUSLY APPROVED | BG48: PREVIOUSLY APPROVED | BH48: PREVIOUSLY APPROVED | BI48: PREVIOUSLY APPROVED | BJ48: PREVIOUSLY APPROVED | BK48: PREVIOUSLY APPROVED | BL48: PREVIOUSLY APPROVED | BM48: PREVIOUSLY APPROVED | BN48: CLOSED | BO48: PREVIOUSLY APPROVED | BP48: =IFERROR(__xludf.DUMMYFUNCTION("IFERROR( INDEX( FILTER(X48:BK48, ISNUMBER(X48:BK48)), COUNTA(FILTER(X48:BK48, ISNUMBER(X48:BK48))) ), BK48 )"),1.0) -> 1
A49: 39 | B49: IBTECH | C49: 1113 | D49: IBTECH | F49: =IFERROR(VLOOKUP(M49:M122,'R22 RELATÓRIO ACC'!B:F,5,FALSE),"NOT PUBLISHED") -> V12 | G49: =IFERROR(VLOOKUP(M49:M120,'R22 RELATÓRIO ACC'!B:P,15,FALSE),"NOT PUBLISHED") -> 13/05/2026 | H49: =IFERROR(VLOOKUP(N49:N122,'RELATÓRIO ACC'!B:F,5,FALSE),"NOT PUBLISHED") -> V2 | I49: =IFERROR(VLOOKUP(N49:N120,'RELATÓRIO ACC'!B:P,15,FALSE),"NOT PUBLISHED") -> 01/06/2026 | J49: 45847 | K49: V3 | L49: MODELO FOI ATUALIZADO | M49: CPQ11-ROIP-DEVS-GUAR-R22.rvt | N49: CPQ11-ROIP-DEVS-GUAR-R24.rvt | O49: ROIP-DEVS-GUAR | P49: FALSE | Q49: FECHADA | R49: FOI AUDITADO R6 | W49: 45852 | X49: NOT PUBLISHED | Y49: NOT PUBLISHED | Z49: NOT PUBLISHED | AA49: NOT PUBLISHED | AB49: NOT PUBLISHED | AC49: 1 | AD49: 1 | AE49: 1 | AF49: 1 | AG49: 1 | AH49: 1 | AI49: 1 | AJ49: 1 | AK49: 1 | AL49: 1 | AM49: 1 | AN49: 1 | AO49: 1 | AP49: 1 | AQ49: 1 | AR49: 1 | AS49: 1 | AT49: 1 | AU49: 1 | AV49: 1 | AW49: 1 | AX49: 1 | AY49: 1 | AZ49: 1 | BA49: PREVIOUSLY APPROVED | BB49: PREVIOUSLY APPROVED | BC49: PREVIOUSLY APPROVED | BD49: PREVIOUSLY APPROVED | BE49: PREVIOUSLY APPROVED | BF49: PREVIOUSLY APPROVED | BG49: PREVIOUSLY APPROVED | BH49: PREVIOUSLY APPROVED | BI49: PREVIOUSLY APPROVED | BJ49: PREVIOUSLY APPROVED | BK49: PREVIOUSLY APPROVED | BL49: PREVIOUSLY APPROVED | BM49: PREVIOUSLY APPROVED | BN49: CLOSED | BO49: PREVIOUSLY APPROVED | BP49: =IFERROR(__xludf.DUMMYFUNCTION("IFERROR( INDEX( FILTER(X49:BK49, ISNUMBER(X49:BK49)), COUNTA(FILTER(X49:BK49, ISNUMBER(X49:BK49))) ), BK49 )"),1.0) -> 1
A50: 40 | B50: METASA | C50: 1125 | D50: METASA | E50: 1125 | F50: =IFERROR(VLOOKUP(M50:M123,'R22 RELATÓRIO ACC'!B:F,5,FALSE),"NOT PUBLISHED") -> V6 | G50: =IFERROR(VLOOKUP(M50:M121,'R22 RELATÓRIO ACC'!B:P,15,FALSE),"NOT PUBLISHED") -> 07/11/2025 | H50: =IFERROR(VLOOKUP(N50:N123,'RELATÓRIO ACC'!B:F,5,FALSE),"NOT PUBLISHED") -> V1 | I50: =IFERROR(VLOOKUP(N50:N121,'RELATÓRIO ACC'!B:P,15,FALSE),"NOT PUBLISHED") -> 21/05/2026 | J50: 45856 | K50: V5 | L50: CONTINUA MESMA VERSÃO | M50: CPQ11-STRC-STEE-COL2-2X3.ifc | N50: CPQ11-STRC-STEE-COL2-2X3.ifc | O50: STRC-STEE-COL2 | P50: FALSE | Q50: FECHADA | R50: FOI AUDITADO R7 | W50: 45876 | X50: NOT PUBLISHED | Y50: 0.71 | Z50: 0.71 | AA50: OUTDATED | AB50: OUTDATED | AC50: 0.86 | AD50: 1 | AE50: 1 | AF50: 1 | AG50: 1 | AH50: 1 | AI50: 1 | AJ50: 1 | AK50: 1 | AL50: 1 | AM50: 1 | AN50: 1 | AO50: 1 | AP50: 1 | AQ50: 1 | AR50: 1 | AS50: 1 | AT50: 1 | AU50: 1 | AV50: 1 | AW50: 1 | AX50: 1 | AY50: 1 | AZ50: 1 | BA50: PREVIOUSLY APPROVED | BB50: PREVIOUSLY APPROVED | BC50: PREVIOUSLY APPROVED | BD50: PREVIOUSLY APPROVED | BE50: PREVIOUSLY APPROVED | BF50: PREVIOUSLY APPROVED | BG50: PREVIOUSLY APPROVED | BH50: PREVIOUSLY APPROVED | BI50: PREVIOUSLY APPROVED | BJ50: PREVIOUSLY APPROVED | BK50: PREVIOUSLY APPROVED | BL50: PREVIOUSLY APPROVED | BM50: PREVIOUSLY APPROVED | BN50: CLOSED | BO50: PREVIOUSLY APPROVED | BP50: =IFERROR(__xludf.DUMMYFUNCTION("IFERROR( INDEX( FILTER(X50:BK50, ISNUMBER(X50:BK50)), COUNTA(FILTER(X50:BK50, ISNUMBER(X50:BK50))) ), BK50 )"),1.0) -> 1
A51: 41 | B51: PETROTANQUE | C51: 1117 | D51: CADBIM | E51: 1128 | F51: =IFERROR(VLOOKUP(M51:M124,'R22 RELATÓRIO ACC'!B:F,5,FALSE),"NOT PUBLISHED") -> V16 | G51: =IFERROR(VLOOKUP(M51:M122,'R22 RELATÓRIO ACC'!B:P,15,FALSE),"NOT PUBLISHED") -> 06/03/2026 | H51: =IFERROR(VLOOKUP(N51:N124,'RELATÓRIO ACC'!B:F,5,FALSE),"NOT PUBLISHED") -> V5 | I51: =IFERROR(VLOOKUP(N51:N122,'RELATÓRIO ACC'!B:P,15,FALSE),"NOT PUBLISHED") -> 08/07/2026 | J51: 45854 | K51: V10 | L51: CONTINUA MESMA VERSÃO | M51: CPQ11-FPRT-METK-UTLS-R22.rvt | N51: CPQ11-FPRT-METK-UTLS-R24.rvt | O51: FPRT-METK-UTLS | P51: FALSE | Q51: FECHADA | R51: FOI AUDITADO R6 | W51: 45855 | X51: NOT PUBLISHED | Y51: 0.69 | Z51: 0.81 | AA51: 0.88 | AB51: 1 | AC51: 1 | AD51: 1 | AE51: 1 | AF51: 1 | AG51: 1 | AH51: 1 | AI51: 1 | AJ51: 1 | AK51: 1 | AL51: 1 | AM51: 1 | AN51: 1 | AO51: 1 | AP51: 1 | AQ51: 1 | AR51: 1 | AS51: 1 | AT51: 1 | AU51: 1 | AV51: 1 | AW51: 1 | AX51: 1 | AY51: 1 | AZ51: 1 | BA51: PREVIOUSLY APPROVED | BB51: PREVIOUSLY APPROVED | BC51: PREVIOUSLY APPROVED | BD51: PREVIOUSLY APPROVED | BE51: PREVIOUSLY APPROVED | BF51: PREVIOUSLY APPROVED | BG51: PREVIOUSLY APPROVED | BH51: PREVIOUSLY APPROVED | BI51: PREVIOUSLY APPROVED | BJ51: PREVIOUSLY APPROVED | BK51: PREVIOUSLY APPROVED | BL51: PREVIOUSLY APPROVED | BM51: PREVIOUSLY APPROVED | BN51: CLOSED | BO51: PREVIOUSLY APPROVED | BP51: =IFERROR(__xludf.DUMMYFUNCTION("IFERROR( INDEX( FILTER(X51:BK51, ISNUMBER(X51:BK51)), COUNTA(FILTER(X51:BK51, ISNUMBER(X51:BK51))) ), BK51 )"),1.0) -> 1
A52: 42 | B52: OMNITRADE | C52: 1110 | D52: CADBIM | E52: 1128 | F52: =IFERROR(VLOOKUP(M52:M125,'R22 RELATÓRIO ACC'!B:F,5,FALSE),"NOT PUBLISHED") -> V25 | G52: =IFERROR(VLOOKUP(M52:M123,'R22 RELATÓRIO ACC'!B:P,15,FALSE),"NOT PUBLISHED") -> 06/05/2026 | H52: =IFERROR(VLOOKUP(N52:N125,'RELATÓRIO ACC'!B:F,5,FALSE),"NOT PUBLISHED") -> V3 | I52: =IFERROR(VLOOKUP(N52:N123,'RELATÓRIO ACC'!B:P,15,FALSE),"NOT PUBLISHED") -> 07/07/2026 | J52: 45854 | K52: V8 | L52: CONTINUA MESMA VERSÃO | M52: CPQ11-ARCH-FACD-DATA-R22.rvt | N52: CPQ11-ARCH-FACD-DATA-R24.rvt | O52: ARCH-FACD-DATA | P52: FALSE | Q52: FECHADA | R52: FOI AUDITADO R6 | W52: 45862 | X52: NOT PUBLISHED | Y52: NOT PUBLISHED | Z52: 0.47 | AA52: 0.81 | AB52: 0.94 | AC52: 1 | AD52: 1 | AE52: 1 | AF52: 1 | AG52: 1 | AH52: 1 | AI52: 1 | AJ52: 1 | AK52: 1 | AL52: 1 | AM52: 1 | AN52: 1 | AO52: 1 | AP52: 1 | AQ52: 1 | AR52: 1 | AS52: 1 | AT52: 1 | AU52: 1 | AV52: 1 | AW52: 1 | AX52: 1 | AY52: 1 | AZ52: 1 | BA52: PREVIOUSLY APPROVED | BB52: PREVIOUSLY APPROVED | BC52: PREVIOUSLY APPROVED | BD52: PREVIOUSLY APPROVED | BE52: PREVIOUSLY APPROVED | BF52: PREVIOUSLY APPROVED | BG52: PREVIOUSLY APPROVED | BH52: PREVIOUSLY APPROVED | BI52: PREVIOUSLY APPROVED | BJ52: PREVIOUSLY APPROVED | BK52: PREVIOUSLY APPROVED | BL52: PREVIOUSLY APPROVED | BM52: PREVIOUSLY APPROVED | BN52: CLOSED | BO52: PREVIOUSLY APPROVED | BP52: =IFERROR(__xludf.DUMMYFUNCTION("IFERROR( INDEX( FILTER(X52:BK52, ISNUMBER(X52:BK52)), COUNTA(FILTER(X52:BK52, ISNUMBER(X52:BK52))) ), BK52 )"),1.0) -> 1
A53: 43 | B53: METASA | C53: 1125 | D53: METASA | E53: 1125 | F53: =IFERROR(VLOOKUP(M53:M126,'R22 RELATÓRIO ACC'!B:F,5,FALSE),"NOT PUBLISHED") -> V7 | G53: =IFERROR(VLOOKUP(M53:M124,'R22 RELATÓRIO ACC'!B:P,15,FALSE),"NOT PUBLISHED") -> 07/11/2025 | H53: =IFERROR(VLOOKUP(N53:N126,'RELATÓRIO ACC'!B:F,5,FALSE),"NOT PUBLISHED") -> V1 | I53: =IFERROR(VLOOKUP(N53:N124,'RELATÓRIO ACC'!B:P,15,FALSE),"NOT PUBLISHED") -> 21/05/2026 | J53: 45856 | K53: V6 | L53: CONTINUA MESMA VERSÃO | M53: CPQ11-STRC-STEE-COL1-2X3.ifc | N53: CPQ11-STRC-STEE-COL1-2X3.ifc | O53: STRC-STEE-COL1 | P53: FALSE | Q53: FECHADA | R53: FOI AUDITADO R7 | W53: 45876 | X53: NOT PUBLISHED | Y53: 0.71 | Z53: 0.71 | AA53: OUTDATED | AB53: OUTDATED | AC53: 0.86 | AD53: 1 | AE53: 1 | AF53: 1 | AG53: 1 | AH53: 1 | AI53: 1 | AJ53: 1 | AK53: 1 | AL53: 1 | AM53: 1 | AN53: 1 | AO53: 1 | AP53: 1 | AQ53: 1 | AR53: 1 | AS53: 1 | AT53: 1 | AU53: 1 | AV53: 1 | AW53: 1 | AX53: 1 | AY53: 1 | AZ53: 1 | BA53: PREVIOUSLY APPROVED | BB53: PREVIOUSLY APPROVED | BC53: PREVIOUSLY APPROVED | BD53: PREVIOUSLY APPROVED | BE53: PREVIOUSLY APPROVED | BF53: PREVIOUSLY APPROVED | BG53: PREVIOUSLY APPROVED | BH53: PREVIOUSLY APPROVED | BI53: PREVIOUSLY APPROVED | BJ53: PREVIOUSLY APPROVED | BK53: PREVIOUSLY APPROVED | BL53: PREVIOUSLY APPROVED | BM53: PREVIOUSLY APPROVED | BN53: CLOSED | BO53: PREVIOUSLY APPROVED | BP53: =IFERROR(__xludf.DUMMYFUNCTION("IFERROR( INDEX( FILTER(X53:BK53, ISNUMBER(X53:BK53)), COUNTA(FILTER(X53:BK53, ISNUMBER(X53:BK53))) ), BK53 )"),1.0) -> 1
A54: 44 | B54: STARCENTER | C54: 1118 | D54: STARCENTER | E54: 1118 | F54: =IFERROR(VLOOKUP(M54:M127,'R22 RELATÓRIO ACC'!B:F,5,FALSE),"NOT PUBLISHED") -> V59 | G54: =IFERROR(VLOOKUP(M54:M125,'R22 RELATÓRIO ACC'!B:P,15,FALSE),"NOT PUBLISHED") -> 17/04/2026 | H54: =IFERROR(VLOOKUP(N54:N127,'RELATÓRIO ACC'!B:F,5,FALSE),"NOT PUBLISHED") -> V5 | I54: =IFERROR(VLOOKUP(N54:N125,'RELATÓRIO ACC'!B:P,15,FALSE),"NOT PUBLISHED") -> 06/07/2026 | J54: 45889 | K54: V40 | L54: MODELO FOI ATUALIZADO | M54: CPQ11-MECH-MECH-DATA-R22.rvt | N54: CPQ11-MECH-MECH-DATA-R24.rvt | O54: MECH-MECH-DATA | P54: FALSE | Q54: FECHADA | R54: FOI AUDITADO R8 | S54: FINALIZADO | T54: FINALIZADO | U54: EDSON | V54: 45889 | W54: 45889 | X54: NOT PUBLISHED | Y54: 0.44 | Z54: 0.38 | AA54: 0.5 | AB54: 0.56 | AC54: 0.82 | AD54: 0.71 | AE54: 1 | AF54: 1 | AG54: 1 | AH54: 1 | AI54: 1 | AJ54: 1 | AK54: 1 | AL54: 1 | AM54: 1 | AN54: 1 | AO54: 1 | AP54: 1 | AQ54: 1 | AR54: 1 | AS54: 1 | AT54: 1 | AU54: 1 | AV54: 1 | AW54: 1 | AX54: 1 | AY54: 1 | AZ54: 1 | BA54: PREVIOUSLY APPROVED | BB54: PREVIOUSLY APPROVED | BC54: PREVIOUSLY APPROVED | BD54: PREVIOUSLY APPROVED | BE54: PREVIOUSLY APPROVED | BF54: PREVIOUSLY APPROVED | BG54: PREVIOUSLY APPROVED | BH54: PREVIOUSLY APPROVED | BI54: PREVIOUSLY APPROVED | BJ54: PREVIOUSLY APPROVED | BK54: PREVIOUSLY APPROVED | BL54: PREVIOUSLY APPROVED | BM54: PREVIOUSLY APPROVED | BN54: CLOSED | BO54: PREVIOUSLY APPROVED | BP54: =IFERROR(__xludf.DUMMYFUNCTION("IFERROR( INDEX( FILTER(X54:BK54, ISNUMBER(X54:BK54)), COUNTA(FILTER(X54:BK54, ISNUMBER(X54:BK54))) ), BK54 )"),1.0) -> 1
A55: 45 | B55: STARCENTER | C55: 1118 | D55: STARCENTER | E55: 1118 | F55: =IFERROR(VLOOKUP(M55:M128,'R22 RELATÓRIO ACC'!B:F,5,FALSE),"NOT PUBLISHED") -> V23 | G55: =IFERROR(VLOOKUP(M55:M126,'R22 RELATÓRIO ACC'!B:P,15,FALSE),"NOT PUBLISHED") -> 16/04/2026 | H55: =IFERROR(VLOOKUP(N55:N128,'RELATÓRIO ACC'!B:F,5,FALSE),"NOT PUBLISHED") -> V1 | I55: =IFERROR(VLOOKUP(N55:N126,'RELATÓRIO ACC'!B:P,15,FALSE),"NOT PUBLISHED") -> 19/05/2026 | J55: 45862 | K55: V14 | L55: CONTINUA MESMA VERSÃO | M55: CPQ11-MECH-MECH-GUAR-R22.rvt | N55: CPQ11-MECH-MECH-GUAR-R24.rvt | O55: MECH-MECH-GUAR | P55: FALSE | Q55: FECHADA | R55: FOI AUDITADO R7 | W55: 45869 | X55: NOT PUBLISHED | Y55: NOT PUBLISHED | Z55: 0.56 | AA55: 0.75 | AB55: 0.82 | AC55: 0.94 | AD55: 1 | AE55: 1 | AF55: 1 | AG55: 1 | AH55: 1 | AI55: 1 | AJ55: 1 | AK55: 1 | AL55: 1 | AM55: 1 | AN55: 1 | AO55: 1 | AP55: 1 | AQ55: 1 | AR55: 1 | AS55: 1 | AT55: 1 | AU55: 1 | AV55: 1 | AW55: 1 | AX55: 1 | AY55: 1 | AZ55: 1 | BA55: PREVIOUSLY APPROVED | BB55: PREVIOUSLY APPROVED | BC55: PREVIOUSLY APPROVED | BD55: PREVIOUSLY APPROVED | BE55: PREVIOUSLY APPROVED | BF55: PREVIOUSLY APPROVED | BG55: PREVIOUSLY APPROVED | BH55: PREVIOUSLY APPROVED | BI55: PREVIOUSLY APPROVED | BJ55: PREVIOUSLY APPROVED | BK55: PREVIOUSLY APPROVED | BL55: PREVIOUSLY APPROVED | BM55: PREVIOUSLY APPROVED | BN55: CLOSED | BO55: PREVIOUSLY APPROVED | BP55: =IFERROR(__xludf.DUMMYFUNCTION("IFERROR( INDEX( FILTER(X55:BK55, ISNUMBER(X55:BK55)), COUNTA(FILTER(X55:BK55, ISNUMBER(X55:BK55))) ), BK55 )"),1.0) -> 1
A56: 46 | B56: STARCENTER | C56: 1118 | D56: STARCENTER | E56: 1118 | F56: =IFERROR(VLOOKUP(M56:M129,'R22 RELATÓRIO ACC'!B:F,5,FALSE),"NOT PUBLISHED") -> V28 | G56: =IFERROR(VLOOKUP(M56:M127,'R22 RELATÓRIO ACC'!B:P,15,FALSE),"NOT PUBLISHED") -> 26/02/2026 | H56: =IFERROR(VLOOKUP(N56:N129,'RELATÓRIO ACC'!B:F,5,FALSE),"NOT PUBLISHED") -> V1 | I56: =IFERROR(VLOOKUP(N56:N127,'RELATÓRIO ACC'!B:P,15,FALSE),"NOT PUBLISHED") -> 19/05/2026 | J56: 45860 | K56: V21 | L56: CONTINUA MESMA VERSÃO | M56: CPQ11-PLMB-METK-UTLS-R22.rvt | N56: CPQ11-PLMB-METK-UTLS-R24.rvt | O56: PLMB-METK-UTLS | P56: FALSE | Q56: FECHADA | R56: FOI AUDITADO R7 | W56: 45869 | X56: NOT PUBLISHED | Y56: 0.63 | Z56: 0.63 | AA56: 0.75 | AB56: 0.82 | AC56: 0.94 | AD56: 1 | AE56: 1 | AF56: 1 | AG56: 1 | AH56: 1 | AI56: 1 | AJ56: 1 | AK56: 1 | AL56: 1 | AM56: 1 | AN56: 1 | AO56: 1 | AP56: 1 | AQ56: 1 | AR56: 1 | AS56: 1 | AT56: 1 | AU56: 1 | AV56: 1 | AW56: 1 | AX56: 1 | AY56: 1 | AZ56: 1 | BA56: PREVIOUSLY APPROVED | BB56: PREVIOUSLY APPROVED | BC56: PREVIOUSLY APPROVED | BD56: PREVIOUSLY APPROVED | BE56: PREVIOUSLY APPROVED | BF56: PREVIOUSLY APPROVED | BG56: PREVIOUSLY APPROVED | BH56: PREVIOUSLY APPROVED | BI56: PREVIOUSLY APPROVED | BJ56: PREVIOUSLY APPROVED | BK56: PREVIOUSLY APPROVED | BL56: PREVIOUSLY APPROVED | BM56: PREVIOUSLY APPROVED | BN56: CLOSED | BO56: PREVIOUSLY APPROVED | BP56: =IFERROR(__xludf.DUMMYFUNCTION("IFERROR( INDEX( FILTER(X56:BK56, ISNUMBER(X56:BK56)), COUNTA(FILTER(X56:BK56, ISNUMBER(X56:BK56))) ), BK56 )"),1.0) -> 1
A57: 47 | B57: STARCENTER | C57: 1118 | D57: STARCENTER | E57: 1118 | F57: =IFERROR(VLOOKUP(M57:M130,'R22 RELATÓRIO ACC'!B:F,5,FALSE),"NOT PUBLISHED") -> V39 | G57: =IFERROR(VLOOKUP(M57:M128,'R22 RELATÓRIO ACC'!B:P,15,FALSE),"NOT PUBLISHED") -> 30/04/2026 | H57: =IFERROR(VLOOKUP(N57:N130,'RELATÓRIO ACC'!B:F,5,FALSE),"NOT PUBLISHED") -> V3 | I57: =IFERROR(VLOOKUP(N57:N128,'RELATÓRIO ACC'!B:P,15,FALSE),"NOT PUBLISHED") -> 01/07/2026 | J57: 45868 | K57: V23 | L57: MODELO FOI ATUALIZADO | M57: CPQ11-PLMB-NPWT-DATA-R22.rvt | N57: CPQ11-PLMB-NPWT-DATA-R24.rvt | O57: PLMB-NPWT-DATA | P57: FALSE | Q57: FECHADA | R57: FOI AUDITADO R7 | W57: 45876 | X57: NOT PUBLISHED | Y57: 0.69 | Z57: 0.75 | AA57: 0.56 | AB57: 0.65 | AC57: 0.76 | AD57: 1 | AE57: 1 | AF57: 1 | AG57: 1 | AH57: 1 | AI57: 1 | AJ57: 1 | AK57: 1 | AL57: 1 | AM57: 1 | AN57: 1 | AO57: 1 | AP57: 1 | AQ57: 1 | AR57: 1 | AS57: 1 | AT57: 1 | AU57: 1 | AV57: 1 | AW57: 1 | AX57: 1 | AY57: 1 | AZ57: 1 | BA57: PREVIOUSLY APPROVED | BB57: PREVIOUSLY APPROVED | BC57: PREVIOUSLY APPROVED | BD57: PREVIOUSLY APPROVED | BE57: PREVIOUSLY APPROVED | BF57: PREVIOUSLY APPROVED | BG57: PREVIOUSLY APPROVED | BH57: PREVIOUSLY APPROVED | BI57: PREVIOUSLY APPROVED | BJ57: PREVIOUSLY APPROVED | BK57: PREVIOUSLY APPROVED | BL57: PREVIOUSLY APPROVED | BM57: PREVIOUSLY APPROVED | BN57: CLOSED | BO57: PREVIOUSLY APPROVED | BP57: =IFERROR(__xludf.DUMMYFUNCTION("IFERROR( INDEX( FILTER(X57:BK57, ISNUMBER(X57:BK57)), COUNTA(FILTER(X57:BK57, ISNUMBER(X57:BK57))) ), BK57 )"),1.0) -> 1
A58: 48 | B58: STARCENTER | C58: 1118 | D58: STARCENTER | E58: 1118 | F58: =IFERROR(VLOOKUP(M58:M131,'R22 RELATÓRIO ACC'!B:F,5,FALSE),"NOT PUBLISHED") -> V46 | G58: =IFERROR(VLOOKUP(M58:M129,'R22 RELATÓRIO ACC'!B:P,15,FALSE),"NOT PUBLISHED") -> 24/04/2026 | H58: =IFERROR(VLOOKUP(N58:N131,'RELATÓRIO ACC'!B:F,5,FALSE),"NOT PUBLISHED") -> V2 | I58: =IFERROR(VLOOKUP(N58:N129,'RELATÓRIO ACC'!B:P,15,FALSE),"NOT PUBLISHED") -> 15/06/2026 | J58: 45863 | K58: V25 | L58: MODELO FOI ATUALIZADO | M58: CPQ11-PLMB-NPWT-SITE-R22.rvt | N58: CPQ11-PLMB-NPWT-SITE-R24.rvt | O58: PLMB-NPWT-SITE | P58: FALSE | Q58: FECHADA | R58: FOI AUDITADO R7 | W58: 45870 | X58: NOT PUBLISHED | Y58: 0.56 | Z58: 0.69 | AA58: 0.56 | AB58: 0.71 | AC58: 0.94 | AD58: 1 | AE58: 1 | AF58: 1 | AG58: 1 | AH58: 1 | AI58: 1 | AJ58: 1 | AK58: 1 | AL58: 1 | AM58: 1 | AN58: 1 | AO58: 1 | AP58: 1 | AQ58: 1 | AR58: 1 | AS58: 1 | AT58: 1 | AU58: 1 | AV58: 1 | AW58: 1 | AX58: 1 | AY58: 1 | AZ58: 1 | BA58: PREVIOUSLY APPROVED | BB58: PREVIOUSLY APPROVED | BC58: PREVIOUSLY APPROVED | BD58: PREVIOUSLY APPROVED | BE58: PREVIOUSLY APPROVED | BF58: PREVIOUSLY APPROVED | BG58: PREVIOUSLY APPROVED | BH58: PREVIOUSLY APPROVED | BI58: PREVIOUSLY APPROVED | BJ58: PREVIOUSLY APPROVED | BK58: PREVIOUSLY APPROVED | BL58: PREVIOUSLY APPROVED | BM58: PREVIOUSLY APPROVED | BN58: CLOSED | BO58: PREVIOUSLY APPROVED | BP58: =IFERROR(__xludf.DUMMYFUNCTION("IFERROR( INDEX( FILTER(X58:BK58, ISNUMBER(X58:BK58)), COUNTA(FILTER(X58:BK58, ISNUMBER(X58:BK58))) ), BK58 )"),1.0) -> 1
A59: 49 | B59: SEGURPRO | C59: 1115 | D59: SEGURPRO | E59: 1115 | F59: =IFERROR(VLOOKUP(M59:M132,'R22 RELATÓRIO ACC'!B:F,5,FALSE),"NOT PUBLISHED") -> V40 | G59: =IFERROR(VLOOKUP(M59:M130,'R22 RELATÓRIO ACC'!B:P,15,FALSE),"NOT PUBLISHED") -> 06/05/2026 | H59: =IFERROR(VLOOKUP(N59:N132,'RELATÓRIO ACC'!B:F,5,FALSE),"NOT PUBLISHED") -> V3 | I59: =IFERROR(VLOOKUP(N59:N130,'RELATÓRIO ACC'!B:P,15,FALSE),"NOT PUBLISHED") -> 13/07/2026 | J59: 46059 | K59: V33 | L59: MODELO FOI ATUALIZADO | M59: CPQ11-SCTY-DEVS-DATA-R22.rvt | N59: CPQ11-SCTY-DEVS-DATA-R24.rvt | O59: SCTY-DEVS-DATA | P59: FALSE | Q59: FECHADA | R59: FOI AUDITADO R7 | W59: 45869 | X59: NOT PUBLISHED | Y59: 0.5 | Z59: 0.31 | AA59: 0.63 | AB59: 0.81 | AC59: 0.94 | AD59: 1 | AE59: 1 | AF59: 1 | AG59: 1 | AH59: 1 | AI59: 1 | AJ59: 1 | AK59: 1 | AL59: 1 | AM59: 1 | AN59: 1 | AO59: 1 | AP59: 1 | AQ59: 1 | AR59: 1 | AS59: 1 | AT59: 1 | AU59: 1 | AV59: 1 | AW59: 1 | AX59: 1 | AY59: 1 | AZ59: 1 | BA59: PREVIOUSLY APPROVED | BB59: PREVIOUSLY APPROVED | BC59: PREVIOUSLY APPROVED | BD59: PREVIOUSLY APPROVED | BE59: PREVIOUSLY APPROVED | BF59: PREVIOUSLY APPROVED | BG59: PREVIOUSLY APPROVED | BH59: PREVIOUSLY APPROVED | BI59: PREVIOUSLY APPROVED | BJ59: PREVIOUSLY APPROVED | BK59: PREVIOUSLY APPROVED | BL59: PREVIOUSLY APPROVED | BM59: PREVIOUSLY APPROVED | BN59: CLOSED | BO59: PREVIOUSLY APPROVED | BP59: =IFERROR(__xludf.DUMMYFUNCTION("IFERROR( INDEX( FILTER(X59:BK59, ISNUMBER(X59:BK59)), COUNTA(FILTER(X59:BK59, ISNUMBER(X59:BK59))) ), BK59 )"),1.0) -> 1
A60: 50 | B60: SEGURPRO | C60: 1115 | D60: SEGURPRO | E60: 1115 | F60: =IFERROR(VLOOKUP(M60:M133,'R22 RELATÓRIO ACC'!B:F,5,FALSE),"NOT PUBLISHED") -> V37 | G60: =IFERROR(VLOOKUP(M60:M131,'R22 RELATÓRIO ACC'!B:P,15,FALSE),"NOT PUBLISHED") -> 10/04/2026 | H60: =IFERROR(VLOOKUP(N60:N133,'RELATÓRIO ACC'!B:F,5,FALSE),"NOT PUBLISHED") -> V1 | I60: =IFERROR(VLOOKUP(N60:N131,'RELATÓRIO ACC'!B:P,15,FALSE),"NOT PUBLISHED") -> 20/05/2026 | J60: 45860 | K60: V20 | L60: MODELO FOI ATUALIZADO | M60: CPQ11-SCTY-DEVS-SITE-R22.rvt | N60: CPQ11-SCTY-DEVS-SITE-R24.rvt | O60: SCTY-DEVS-SITE | P60: FALSE | Q60: FECHADA | R60: FOI AUDITADO R7 | W60: 45869 | X60: NOT PUBLISHED | Y60: 0.69 | Z60: 0.5 | AA60: 0.56 | AB60: 0.75 | AC60: 0.94 | AD60: 1 | AE60: 1 | AF60: 1 | AG60: 1 | AH60: 1 | AI60: 1 | AJ60: 1 | AK60: 1 | AL60: 1 | AM60: 1 | AN60: 1 | AO60: 1 | AP60: 1 | AQ60: 1 | AR60: 1 | AS60: 1 | AT60: 1 | AU60: 1 | AV60: 1 | AW60: 1 | AX60: 1 | AY60: 1 | AZ60: 1 | BA60: PREVIOUSLY APPROVED | BB60: PREVIOUSLY APPROVED | BC60: PREVIOUSLY APPROVED | BD60: PREVIOUSLY APPROVED | BE60: PREVIOUSLY APPROVED | BF60: PREVIOUSLY APPROVED | BG60: PREVIOUSLY APPROVED | BH60: PREVIOUSLY APPROVED | BI60: PREVIOUSLY APPROVED | BJ60: PREVIOUSLY APPROVED | BK60: PREVIOUSLY APPROVED | BL60: PREVIOUSLY APPROVED | BM60: PREVIOUSLY APPROVED | BN60: CLOSED | BO60: PREVIOUSLY APPROVED | BP60: =IFERROR(__xludf.DUMMYFUNCTION("IFERROR( INDEX( FILTER(X60:BK60, ISNUMBER(X60:BK60)), COUNTA(FILTER(X60:BK60, ISNUMBER(X60:BK60))) ), BK60 )"),1.0) -> 1
A61: 51 | B61: METASA | C61: 1125 | D61: METASA | E61: 1125 | F61: =IFERROR(VLOOKUP(M61:M134,'R22 RELATÓRIO ACC'!B:F,5,FALSE),"NOT PUBLISHED") -> V3 | G61: =IFERROR(VLOOKUP(M61:M132,'R22 RELATÓRIO ACC'!B:P,15,FALSE),"NOT PUBLISHED") -> 31/10/2025 | H61: =IFERROR(VLOOKUP(N61:N134,'RELATÓRIO ACC'!B:F,5,FALSE),"NOT PUBLISHED") -> V1 | I61: =IFERROR(VLOOKUP(N61:N132,'RELATÓRIO ACC'!B:P,15,FALSE),"NOT PUBLISHED") -> 21/05/2026 | J61: 45856 | K61: V2 | L61: CONTINUA MESMA VERSÃO | M61: CPQ11-STRC-STEE-STIR-2X3.ifc | N61: CPQ11-STRC-STEE-STIR-2X3.ifc | O61: STRC-STEE-STIR | P61: FALSE | Q61: FECHADA | R61: FOI AUDITADO R7 | W61: 45876 | X61: NOT PUBLISHED | Y61: NOT PUBLISHED | Z61: 0.71 | AA61: OUTDATED | AB61: OUTDATED | AC61: 1 | AD61: 1 | AE61: 1 | AF61: 1 | AG61: 1 | AH61: 1 | AI61: 1 | AJ61: 1 | AK61: 1 | AL61: 1 | AM61: 1 | AN61: 1 | AO61: 1 | AP61: 1 | AQ61: 1 | AR61: 1 | AS61: 1 | AT61: 1 | AU61: 1 | AV61: 1 | AW61: 1 | AX61: 1 | AY61: 1 | AZ61: 1 | BA61: PREVIOUSLY APPROVED | BB61: PREVIOUSLY APPROVED | BC61: PREVIOUSLY APPROVED | BD61: PREVIOUSLY APPROVED | BE61: PREVIOUSLY APPROVED | BF61: PREVIOUSLY APPROVED | BG61: PREVIOUSLY APPROVED | BH61: PREVIOUSLY APPROVED | BI61: PREVIOUSLY APPROVED | BJ61: PREVIOUSLY APPROVED | BK61: PREVIOUSLY APPROVED | BL61: PREVIOUSLY APPROVED | BM61: PREVIOUSLY APPROVED | BN61: CLOSED | BO61: PREVIOUSLY APPROVED | BP61: =IFERROR(__xludf.DUMMYFUNCTION("IFERROR( INDEX( FILTER(X61:BK61, ISNUMBER(X61:BK61)), COUNTA(FILTER(X61:BK61, ISNUMBER(X61:BK61))) ), BK61 )"),1.0) -> 1
A62: 52 | B62: METASA | C62: 1125 | D62: METASA | E62: 1125 | F62: =IFERROR(VLOOKUP(M62:M135,'R22 RELATÓRIO ACC'!B:F,5,FALSE),"NOT PUBLISHED") -> V6 | G62: =IFERROR(VLOOKUP(M62:M133,'R22 RELATÓRIO ACC'!B:P,15,FALSE),"NOT PUBLISHED") -> 11/02/2026 | H62: =IFERROR(VLOOKUP(N62:N135,'RELATÓRIO ACC'!B:F,5,FALSE),"NOT PUBLISHED") -> V1 | I62: =IFERROR(VLOOKUP(N62:N133,'RELATÓRIO ACC'!B:P,15,FALSE),"NOT PUBLISHED") -> 21/05/2026 | J62: 45856 | K62: V4 | L62: CONTINUA MESMA VERSÃO | M62: CPQ11-STRC-STEE-UTLS-2X3.ifc | N62: CPQ11-STRC-STEE-UTLS-2X3.ifc | O62: STRC-STEE-UTLS | P62: FALSE | Q62: FECHADA | R62: FOI AUDITADO R7 | W62: 45876 | X62: NOT PUBLISHED | Y62: 0.71 | Z62: 0.86 | AA62: OUTDATED | AB62: OUTDATED | AC62: 0.86 | AD62: 1 | AE62: 1 | AF62: 1 | AG62: 1 | AH62: 1 | AI62: 1 | AJ62: 1 | AK62: 1 | AL62: 1 | AM62: 1 | AN62: 1 | AO62: 1 | AP62: 1 | AQ62: 1 | AR62: 1 | AS62: 1 | AT62: 1 | AU62: 1 | AV62: 1 | AW62: 1 | AX62: 1 | AY62: 1 | AZ62: 1 | BA62: PREVIOUSLY APPROVED | BB62: PREVIOUSLY APPROVED | BC62: PREVIOUSLY APPROVED | BD62: PREVIOUSLY APPROVED | BE62: PREVIOUSLY APPROVED | BF62: PREVIOUSLY APPROVED | BG62: PREVIOUSLY APPROVED | BH62: PREVIOUSLY APPROVED | BI62: PREVIOUSLY APPROVED | BJ62: PREVIOUSLY APPROVED | BK62: PREVIOUSLY APPROVED | BL62: PREVIOUSLY APPROVED | BM62: PREVIOUSLY APPROVED | BN62: CLOSED | BO62: PREVIOUSLY APPROVED | BP62: =IFERROR(__xludf.DUMMYFUNCTION("IFERROR( INDEX( FILTER(X62:BK62, ISNUMBER(X62:BK62)), COUNTA(FILTER(X62:BK62, ISNUMBER(X62:BK62))) ), BK62 )"),1.0) -> 1
A63: 53 | B63: IDEIA DRYWALL | C63: 1101 | D63: FCH | E63: 1126 | F63: =IFERROR(VLOOKUP(M63:M136,'R22 RELATÓRIO ACC'!B:F,5,FALSE),"NOT PUBLISHED") -> V14 | G63: =IFERROR(VLOOKUP(M63:M134,'R22 RELATÓRIO ACC'!B:P,15,FALSE),"NOT PUBLISHED") -> 18/03/2026 | H63: =IFERROR(VLOOKUP(N63:N136,'RELATÓRIO ACC'!B:F,5,FALSE),"NOT PUBLISHED") -> V2 | I63: =IFERROR(VLOOKUP(N63:N134,'RELATÓRIO ACC'!B:P,15,FALSE),"NOT PUBLISHED") -> 17/06/2026 | J63: 45897 | K63: V10 | L63: MODELO FOI ATUALIZADO | M63: CPQ11-ARCH-PART-SITE-R22.rvt | N63: CPQ11-ARCH-PART-SITE-R24.rvt | O63: ARCH-PART-SITE | P63: FALSE | Q63: FECHADA | R63: FOI AUDITADO R8 | S63: FINALIZADO | T63: FINALIZADO | U63: EDSON | V63: 45897 | W63: 45898 | X63: NOT PUBLISHED | Y63: NOT PUBLISHED | Z63: 0.56 | AA63: 0.5 | AB63: OUTDATED | AC63: 0.76 | AD63: OUTDATED | AE63: 1 | AF63: 1 | AG63: 1 | AH63: 1 | AI63: 1 | AJ63: 1 | AK63: 1 | AL63: 1 | AM63: 1 | AN63: 1 | AO63: 1 | AP63: 1 | AQ63: 1 | AR63: 1 | AS63: 1 | AT63: 1 | AU63: 1 | AV63: 1 | AW63: 1 | AX63: 1 | AY63: 1 | AZ63: 1 | BA63: PREVIOUSLY APPROVED | BB63: PREVIOUSLY APPROVED | BC63: PREVIOUSLY APPROVED | BD63: PREVIOUSLY APPROVED | BE63: PREVIOUSLY APPROVED | BF63: PREVIOUSLY APPROVED | BG63: PREVIOUSLY APPROVED | BH63: PREVIOUSLY APPROVED | BI63: PREVIOUSLY APPROVED | BJ63: PREVIOUSLY APPROVED | BK63: PREVIOUSLY APPROVED | BL63: PREVIOUSLY APPROVED | BM63: PREVIOUSLY APPROVED | BN63: CLOSED | BO63: PREVIOUSLY APPROVED | BP63: =IFERROR(__xludf.DUMMYFUNCTION("IFERROR( INDEX( FILTER(X63:BK63, ISNUMBER(X63:BK63)), COUNTA(FILTER(X63:BK63, ISNUMBER(X63:BK63))) ), BK63 )"),1.0) -> 1
A64: 54 | B64: STEINER | D64: PMD | F64: =IFERROR(VLOOKUP(M64:M137,'R22 RELATÓRIO ACC'!B:F,5,FALSE),"NOT PUBLISHED") -> V11 | G64: =IFERROR(VLOOKUP(M64:M135,'R22 RELATÓRIO ACC'!B:P,15,FALSE),"NOT PUBLISHED") -> 21/03/2026 | H64: =IFERROR(VLOOKUP(N64:N137,'RELATÓRIO ACC'!B:F,5,FALSE),"NOT PUBLISHED") -> V1 | I64: =IFERROR(VLOOKUP(N64:N135,'RELATÓRIO ACC'!B:P,15,FALSE),"NOT PUBLISHED") -> 18/05/2026 | J64: 45870 | K64: V5 | L64: MODELO FOI ATUALIZADO | M64: CPQ11-CIVL-LOCK-SITE-R22.rvt | N64: CPQ11-CIVL-LOCK-SITE-R24.rvt | O64: CIVL-LOCK-SITE | P64: FALSE | Q64: FECHADA | R64: FOI AUDITADO R7 | W64: 45875 | X64: NOT PUBLISHED | Y64: NOT PUBLISHED | Z64: NOT PUBLISHED | AA64: NOT PUBLISHED | AB64: 0.59 | AC64: 0.88 | AD64: 1 | AE64: 1 | AF64: 1 | AG64: 1 | AH64: 1 | AI64: 1 | AJ64: 1 | AK64: 1 | AL64: 1 | AM64: 1 | AN64: 1 | AO64: 1 | AP64: 1 | AQ64: 1 | AR64: 1 | AS64: 1 | AT64: 1 | AU64: 1 | AV64: 1 | AW64: 1 | AX64: 1 | AY64: 1 | AZ64: 1 | BA64: PREVIOUSLY APPROVED | BB64: PREVIOUSLY APPROVED | BC64: PREVIOUSLY APPROVED | BD64: PREVIOUSLY APPROVED | BE64: PREVIOUSLY APPROVED | BF64: PREVIOUSLY APPROVED | BG64: PREVIOUSLY APPROVED | BH64: PREVIOUSLY APPROVED | BI64: PREVIOUSLY APPROVED | BJ64: PREVIOUSLY APPROVED | BK64: PREVIOUSLY APPROVED | BL64: PREVIOUSLY APPROVED | BM64: PREVIOUSLY APPROVED | BN64: CLOSED | BO64: PREVIOUSLY APPROVED | BP64: =IFERROR(__xludf.DUMMYFUNCTION("IFERROR( INDEX( FILTER(X64:BK64, ISNUMBER(X64:BK64)), COUNTA(FILTER(X64:BK64, ISNUMBER(X64:BK64))) ), BK64 )"),1.0) -> 1
A65: 55 | B65: S-VALE | C65: 1104 | D65: SPBIM | E65: 1127 | F65: =IFERROR(VLOOKUP(M65:M138,'R22 RELATÓRIO ACC'!B:F,5,FALSE),"NOT PUBLISHED") -> V12 | G65: =IFERROR(VLOOKUP(M65:M136,'R22 RELATÓRIO ACC'!B:P,15,FALSE),"NOT PUBLISHED") -> 06/04/2026 | H65: =IFERROR(VLOOKUP(N65:N138,'RELATÓRIO ACC'!B:F,5,FALSE),"NOT PUBLISHED") -> V1 | I65: =IFERROR(VLOOKUP(N65:N136,'RELATÓRIO ACC'!B:P,15,FALSE),"NOT PUBLISHED") -> 15/05/2026 | J65: 45876 | K65: V4 | L65: MODELO FOI ATUALIZADO | M65: CPQ11-ARCH-CHAI-SITE-R22.rvt | N65: CPQ11-ARCH-CHAI-SITE-R24.rvt | O65: ARCH-CHAI-SITE | P65: FALSE | Q65: NÃO POSSUI ISSUE | R65: FOI AUDITADO R7 | W65: 45876 | X65: NOT PUBLISHED | Y65: NOT PUBLISHED | Z65: NOT PUBLISHED | AA65: NOT PUBLISHED | AB65: NOT PUBLISHED | AC65: NOT PUBLISHED | AD65: 1 | AE65: 1 | AF65: 1 | AG65: 1 | AH65: 1 | AI65: 1 | AJ65: 1 | AK65: 1 | AL65: 1 | AM65: 1 | AN65: 1 | AO65: 1 | AP65: 1 | AQ65: 1 | AR65: 1 | AS65: 1 | AT65: 1 | AU65: 1 | AV65: 1 | AW65: 1 | AX65: 1 | AY65: 1 | AZ65: 1 | BA65: PREVIOUSLY APPROVED | BB65: PREVIOUSLY APPROVED | BC65: PREVIOUSLY APPROVED | BD65: PREVIOUSLY APPROVED | BE65: PREVIOUSLY APPROVED | BF65: PREVIOUSLY APPROVED | BG65: PREVIOUSLY APPROVED | BH65: PREVIOUSLY APPROVED | BI65: PREVIOUSLY APPROVED | BJ65: PREVIOUSLY APPROVED | BK65: PREVIOUSLY APPROVED | BL65: PREVIOUSLY APPROVED | BM65: PREVIOUSLY APPROVED | BN65: CLOSED | BO65: PREVIOUSLY APPROVED | BP65: =IFERROR(__xludf.DUMMYFUNCTION("IFERROR( INDEX( FILTER(X65:BK65, ISNUMBER(X65:BK65)), COUNTA(FILTER(X65:BK65, ISNUMBER(X65:BK65))) ), BK65 )"),1.0) -> 1
A66: 56 | B66: S-VALE | C66: 1104 | D66: SPBIM | E66: 1127 | F66: =IFERROR(VLOOKUP(M66:M139,'R22 RELATÓRIO ACC'!B:F,5,FALSE),"NOT PUBLISHED") -> V12 | G66: =IFERROR(VLOOKUP(M66:M137,'R22 RELATÓRIO ACC'!B:P,15,FALSE),"NOT PUBLISHED") -> 08/04/2026 | H66: =IFERROR(VLOOKUP(N66:N139,'RELATÓRIO ACC'!B:F,5,FALSE),"NOT PUBLISHED") -> V1 | I66: =IFERROR(VLOOKUP(N66:N137,'RELATÓRIO ACC'!B:P,15,FALSE),"NOT PUBLISHED") -> 15/05/2026 | J66: 45840 | K66: V6 | L66: MODELO FOI ATUALIZADO | M66: CPQ11-ARCH-HMET-DATA-R22.rvt | N66: CPQ11-ARCH-HMET-DATA-R24.rvt | O66: ARCH-HMET-DATA | P66: FALSE | Q66: NÃO POSSUI ISSUE | R66: FOI AUDITADO R7 | W66: 45873 | X66: NOT PUBLISHED | Y66: NOT PUBLISHED | Z66: NOT PUBLISHED | AA66: NOT PUBLISHED | AB66: 1 | AC66: OUTDATED | AD66: 1 | AE66: 1 | AF66: 1 | AG66: 1 | AH66: 1 | AI66: 1 | AJ66: 1 | AK66: 1 | AL66: 1 | AM66: 1 | AN66: 1 | AO66: 1 | AP66: 1 | AQ66: 1 | AR66: 1 | AS66: 1 | AT66: 1 | AU66: 1 | AV66: 1 | AW66: 1 | AX66: 1 | AY66: 1 | AZ66: 1 | BA66: PREVIOUSLY APPROVED | BB66: PREVIOUSLY APPROVED | BC66: PREVIOUSLY APPROVED | BD66: PREVIOUSLY APPROVED | BE66: PREVIOUSLY APPROVED | BF66: PREVIOUSLY APPROVED | BG66: PREVIOUSLY APPROVED | BH66: PREVIOUSLY APPROVED | BI66: PREVIOUSLY APPROVED | BJ66: PREVIOUSLY APPROVED | BK66: PREVIOUSLY APPROVED | BL66: PREVIOUSLY APPROVED | BM66: PREVIOUSLY APPROVED | BN66: CLOSED | BO66: PREVIOUSLY APPROVED | BP66: =IFERROR(__xludf.DUMMYFUNCTION("IFERROR( INDEX( FILTER(X66:BK66, ISNUMBER(X66:BK66)), COUNTA(FILTER(X66:BK66, ISNUMBER(X66:BK66))) ), BK66 )"),1.0) -> 1
A67: 57 | B67: S-VALE | C67: 1104 | D67: SPBIM | F67: =IFERROR(VLOOKUP(M67:M140,'R22 RELATÓRIO ACC'!B:F,5,FALSE),"NOT PUBLISHED") -> V9 | G67: =IFERROR(VLOOKUP(M67:M138,'R22 RELATÓRIO ACC'!B:P,15,FALSE),"NOT PUBLISHED") -> 10/04/2026 | H67: =IFERROR(VLOOKUP(N67:N140,'RELATÓRIO ACC'!B:F,5,FALSE),"NOT PUBLISHED") -> V1 | I67: =IFERROR(VLOOKUP(N67:N138,'RELATÓRIO ACC'!B:P,15,FALSE),"NOT PUBLISHED") -> 15/05/2026 | J67: 45898 | K67: V3 | L67: CONTINUA MESMA VERSÃO | M67: CPQ11-ARCH-HMET-SITE-R22.rvt | N67: CPQ11-ARCH-HMET-SITE-R24.rvt | O67: ARCH-HMET-SITE | P67: FALSE | Q67: NÃO POSSUI ISSUE | R67: FOI AUDITADO R8 | S67: FINALIZADO | T67: FINALIZADO | U67: EDSON | V67: 45898 | W67: 45898 | X67: NOT PUBLISHED | Y67: NOT PUBLISHED | Z67: NOT PUBLISHED | AA67: NOT PUBLISHED | AB67: NOT PUBLISHED | AC67: NOT PUBLISHED | AD67: NOT PUBLISHED | AE67: 1 | AF67: 1 | AG67: 1 | AH67: 1 | AI67: 1 | AJ67: 1 | AK67: 1 | AL67: 1 | AM67: 1 | AN67: 1 | AO67: 1 | AP67: 1 | AQ67: 1 | AR67: 1 | AS67: 1 | AT67: 1 | AU67: 1 | AV67: 1 | AW67: 1 | AX67: 1 | AY67: 1 | AZ67: 1 | BA67: PREVIOUSLY APPROVED | BB67: PREVIOUSLY APPROVED | BC67: PREVIOUSLY APPROVED | BD67: PREVIOUSLY APPROVED | BE67: PREVIOUSLY APPROVED | BF67: PREVIOUSLY APPROVED | BG67: PREVIOUSLY APPROVED | BH67: PREVIOUSLY APPROVED | BI67: PREVIOUSLY APPROVED | BJ67: PREVIOUSLY APPROVED | BK67: PREVIOUSLY APPROVED | BL67: PREVIOUSLY APPROVED | BM67: PREVIOUSLY APPROVED | BN67: CLOSED | BO67: PREVIOUSLY APPROVED | BP67: =IFERROR(__xludf.DUMMYFUNCTION("IFERROR( INDEX( FILTER(X67:BK67, ISNUMBER(X67:BK67)), COUNTA(FILTER(X67:BK67, ISNUMBER(X67:BK67))) ), BK67 )"),1.0) -> 1
A68: 58 | B68: OMNITRADE | C68: 1110 | D68: CADBIM | E68: 1128 | F68: =IFERROR(VLOOKUP(M68:M141,'R22 RELATÓRIO ACC'!B:F,5,FALSE),"NOT PUBLISHED") -> V30 | G68: =IFERROR(VLOOKUP(M68:M139,'R22 RELATÓRIO ACC'!B:P,15,FALSE),"NOT PUBLISHED") -> 26/03/2026 | H68: =IFERROR(VLOOKUP(N68:N141,'RELATÓRIO ACC'!B:F,5,FALSE),"NOT PUBLISHED") -> V2 | I68: =IFERROR(VLOOKUP(N68:N139,'RELATÓRIO ACC'!B:P,15,FALSE),"NOT PUBLISHED") -> 20/05/2026 | J68: 45895 | K68: V18 | L68: MODELO FOI ATUALIZADO | M68: CPQ11-ARCH-ROOF-DATA-R22.rvt | N68: CPQ11-ARCH-ROOF-DATA-R24.rvt | O68: ARCH-ROOF-DATA | P68: FALSE | Q68: FECHADA | R68: FOI AUDITADO R8 | S68: FINALIZADO | T68: FINALIZADO | U68: EDSON | V68: 45895 | W68: 45895 | X68: NOT PUBLISHED | Y68: 0.75 | Z68: 0.69 | AA68: 0.69 | AB68: 0.88 | AC68: 0.88 | AD68: 0.94 | AE68: 1 | AF68: 1 | AG68: 1 | AH68: 1 | AI68: 1 | AJ68: 1 | AK68: 1 | AL68: 1 | AM68: 1 | AN68: 1 | AO68: 1 | AP68: 1 | AQ68: 1 | AR68: 1 | AS68: 1 | AT68: 1 | AU68: 1 | AV68: 1 | AW68: 1 | AX68: 1 | AY68: 1 | AZ68: 1 | BA68: PREVIOUSLY APPROVED | BB68: PREVIOUSLY APPROVED | BC68: PREVIOUSLY APPROVED | BD68: PREVIOUSLY APPROVED | BE68: PREVIOUSLY APPROVED | BF68: PREVIOUSLY APPROVED | BG68: PREVIOUSLY APPROVED | BH68: PREVIOUSLY APPROVED | BI68: PREVIOUSLY APPROVED | BJ68: PREVIOUSLY APPROVED | BK68: PREVIOUSLY APPROVED | BL68: PREVIOUSLY APPROVED | BM68: PREVIOUSLY APPROVED | BN68: CLOSED | BO68: PREVIOUSLY APPROVED | BP68: =IFERROR(__xludf.DUMMYFUNCTION("IFERROR( INDEX( FILTER(X68:BK68, ISNUMBER(X68:BK68)), COUNTA(FILTER(X68:BK68, ISNUMBER(X68:BK68))) ), BK68 )"),1.0) -> 1
A69: 59 | B69: S-VALE | C69: 1104 | D69: SPBIM | E69: 1127 | F69: =IFERROR(VLOOKUP(M69:M142,'R22 RELATÓRIO ACC'!B:F,5,FALSE),"NOT PUBLISHED") -> V13 | G69: =IFERROR(VLOOKUP(M69:M140,'R22 RELATÓRIO ACC'!B:P,15,FALSE),"NOT PUBLISHED") -> 02/03/2026 | H69: =IFERROR(VLOOKUP(N69:N142,'RELATÓRIO ACC'!B:F,5,FALSE),"NOT PUBLISHED") -> V3 | I69: =IFERROR(VLOOKUP(N69:N140,'RELATÓRIO ACC'!B:P,15,FALSE),"NOT PUBLISHED") -> 24/06/2026 | J69: 45869 | K69: V9 | L69: CONTINUA MESMA VERSÃO | M69: CPQ11-ARCH-WMES-DATA-R22.rvt | N69: CPQ11-ARCH-WMES-DATA-R24.rvt | O69: ARCH-WMES-DATA | P69: FALSE | Q69: NÃO POSSUI ISSUE | R69: FOI AUDITADO R7 | W69: 45873 | X69: NOT PUBLISHED | Y69: NOT PUBLISHED | Z69: 1 | AA69: 1 | AB69: 1 | AC69: OUTDATED | AD69: 1 | AE69: 1 | AF69: 1 | AG69: 1 | AH69: 1 | AI69: 1 | AJ69: 1 | AK69: 1 | AL69: 1 | AM69: 1 | AN69: 1 | AO69: 1 | AP69: 1 | AQ69: 1 | AR69: 1 | AS69: 1 | AT69: 1 | AU69: 1 | AV69: 1 | AW69: 1 | AX69: 1 | AY69: 1 | AZ69: 1 | BA69: PREVIOUSLY APPROVED | BB69: PREVIOUSLY APPROVED | BC69: PREVIOUSLY APPROVED | BD69: PREVIOUSLY APPROVED | BE69: PREVIOUSLY APPROVED | BF69: PREVIOUSLY APPROVED | BG69: PREVIOUSLY APPROVED | BH69: PREVIOUSLY APPROVED | BI69: PREVIOUSLY APPROVED | BJ69: PREVIOUSLY APPROVED | BK69: PREVIOUSLY APPROVED | BL69: PREVIOUSLY APPROVED | BM69: PREVIOUSLY APPROVED | BN69: CLOSED | BO69: PREVIOUSLY APPROVED | BP69: =IFERROR(__xludf.DUMMYFUNCTION("IFERROR( INDEX( FILTER(X69:BK69, ISNUMBER(X69:BK69)), COUNTA(FILTER(X69:BK69, ISNUMBER(X69:BK69))) ), BK69 )"),1.0) -> 1
A70: 60 | B70: METASA | C70: 1125 | D70: METASA | E70: 1125 | F70: =IFERROR(VLOOKUP(M70:M143,'R22 RELATÓRIO ACC'!B:F,5,FALSE),"NOT PUBLISHED") -> V8 | G70: =IFERROR(VLOOKUP(M70:M141,'R22 RELATÓRIO ACC'!B:P,15,FALSE),"NOT PUBLISHED") -> 07/11/2025 | H70: =IFERROR(VLOOKUP(N70:N143,'RELATÓRIO ACC'!B:F,5,FALSE),"NOT PUBLISHED") -> V1 | I70: =IFERROR(VLOOKUP(N70:N141,'RELATÓRIO ACC'!B:P,15,FALSE),"NOT PUBLISHED") -> 21/05/2026 | J70: 45856 | K70: V5 | L70: CONTINUA MESMA VERSÃO | M70: CPQ11-STRC-STEE-ADMN-2X3.ifc | N70: CPQ11-STRC-STEE-ADMN-2X3.ifc | O70: STRC-STEE-ADMN | P70: FALSE | Q70: FECHADA | R70: FOI AUDITADO R7 | W70: 45876 | X70: NOT PUBLISHED | Y70: 0.43 | Z70: 0.71 | AA70: OUTDATED | AB70: OUTDATED | AC70: 0.86 | AD70: 1 | AE70: 1 | AF70: 1 | AG70: 1 | AH70: 1 | AI70: 1 | AJ70: 1 | AK70: 1 | AL70: 1 | AM70: 1 | AN70: 1 | AO70: 1 | AP70: 1 | AQ70: 1 | AR70: 1 | AS70: 1 | AT70: 1 | AU70: 1 | AV70: 1 | AW70: 1 | AX70: 1 | AY70: 1 | AZ70: 1 | BA70: PREVIOUSLY APPROVED | BB70: PREVIOUSLY APPROVED | BC70: PREVIOUSLY APPROVED | BD70: PREVIOUSLY APPROVED | BE70: PREVIOUSLY APPROVED | BF70: PREVIOUSLY APPROVED | BG70: PREVIOUSLY APPROVED | BH70: PREVIOUSLY APPROVED | BI70: PREVIOUSLY APPROVED | BJ70: PREVIOUSLY APPROVED | BK70: PREVIOUSLY APPROVED | BL70: PREVIOUSLY APPROVED | BM70: PREVIOUSLY APPROVED | BN70: CLOSED | BO70: PREVIOUSLY APPROVED | BP70: =IFERROR(__xludf.DUMMYFUNCTION("IFERROR( INDEX( FILTER(X70:BK70, ISNUMBER(X70:BK70)), COUNTA(FILTER(X70:BK70, ISNUMBER(X70:BK70))) ), BK70 )"),1.0) -> 1
A71: 61 | B71: METASA | C71: 1125 | D71: METASA | E71: 1125 | F71: =IFERROR(VLOOKUP(M71:M144,'R22 RELATÓRIO ACC'!B:F,5,FALSE),"NOT PUBLISHED") -> V6 | G71: =IFERROR(VLOOKUP(M71:M142,'R22 RELATÓRIO ACC'!B:P,15,FALSE),"NOT PUBLISHED") -> 07/11/2025 | H71: =IFERROR(VLOOKUP(N71:N144,'RELATÓRIO ACC'!B:F,5,FALSE),"NOT PUBLISHED") -> V1 | I71: =IFERROR(VLOOKUP(N71:N142,'RELATÓRIO ACC'!B:P,15,FALSE),"NOT PUBLISHED") -> 21/05/2026 | J71: 45856 | K71: V5 | L71: CONTINUA MESMA VERSÃO | M71: CPQ11-STRC-STEE-COL3-2X3.ifc | N71: CPQ11-STRC-STEE-COL3-2X3.ifc | O71: STRC-STEE-COL3 | P71: FALSE | Q71: FECHADA | R71: FOI AUDITADO R7 | W71: 45876 | X71: NOT PUBLISHED | Y71: 0.57 | Z71: 0.71 | AA71: OUTDATED | AB71: OUTDATED | AC71: 0.86 | AD71: 1 | AE71: 1 | AF71: 1 | AG71: 1 | AH71: 1 | AI71: 1 | AJ71: 1 | AK71: 1 | AL71: 1 | AM71: 1 | AN71: 1 | AO71: 1 | AP71: 1 | AQ71: 1 | AR71: 1 | AS71: 1 | AT71: 1 | AU71: 1 | AV71: 1 | AW71: 1 | AX71: 1 | AY71: 1 | AZ71: 1 | BA71: PREVIOUSLY APPROVED | BB71: PREVIOUSLY APPROVED | BC71: PREVIOUSLY APPROVED | BD71: PREVIOUSLY APPROVED | BE71: PREVIOUSLY APPROVED | BF71: PREVIOUSLY APPROVED | BG71: PREVIOUSLY APPROVED | BH71: PREVIOUSLY APPROVED | BI71: PREVIOUSLY APPROVED | BJ71: PREVIOUSLY APPROVED | BK71: PREVIOUSLY APPROVED | BL71: PREVIOUSLY APPROVED | BM71: PREVIOUSLY APPROVED | BN71: CLOSED | BO71: PREVIOUSLY APPROVED | BP71: =IFERROR(__xludf.DUMMYFUNCTION("IFERROR( INDEX( FILTER(X71:BK71, ISNUMBER(X71:BK71)), COUNTA(FILTER(X71:BK71, ISNUMBER(X71:BK71))) ), BK71 )"),1.0) -> 1
A72: 62 | B72: METASA | C72: 1125 | D72: METASA | E72: 1125 | F72: =IFERROR(VLOOKUP(M72:M145,'R22 RELATÓRIO ACC'!B:F,5,FALSE),"NOT PUBLISHED") -> V7 | G72: =IFERROR(VLOOKUP(M72:M143,'R22 RELATÓRIO ACC'!B:P,15,FALSE),"NOT PUBLISHED") -> 05/12/2025 | H72: =IFERROR(VLOOKUP(N72:N145,'RELATÓRIO ACC'!B:F,5,FALSE),"NOT PUBLISHED") -> V1 | I72: =IFERROR(VLOOKUP(N72:N143,'RELATÓRIO ACC'!B:P,15,FALSE),"NOT PUBLISHED") -> 21/05/2026 | J72: 45856 | K72: V5 | L72: CONTINUA MESMA VERSÃO | M72: CPQ11-STRC-STEE-COL4-2X3.ifc | N72: CPQ11-STRC-STEE-COL4-2X3.ifc | O72: STRC-STEE-COL4 | P72: FALSE | Q72: FECHADA | R72: FOI AUDITADO R7 | W72: 45876 | X72: NOT PUBLISHED | Y72: 0.57 | Z72: 0.71 | AA72: OUTDATED | AB72: OUTDATED | AC72: 0.86 | AD72: 1 | AE72: 1 | AF72: 1 | AG72: 1 | AH72: 1 | AI72: 1 | AJ72: 1 | AK72: 1 | AL72: 1 | AM72: 1 | AN72: 1 | AO72: 1 | AP72: 1 | AQ72: 1 | AR72: 1 | AS72: 1 | AT72: 1 | AU72: 1 | AV72: 1 | AW72: 1 | AX72: 1 | AY72: 1 | AZ72: 1 | BA72: PREVIOUSLY APPROVED | BB72: PREVIOUSLY APPROVED | BC72: PREVIOUSLY APPROVED | BD72: PREVIOUSLY APPROVED | BE72: PREVIOUSLY APPROVED | BF72: PREVIOUSLY APPROVED | BG72: PREVIOUSLY APPROVED | BH72: PREVIOUSLY APPROVED | BI72: PREVIOUSLY APPROVED | BJ72: PREVIOUSLY APPROVED | BK72: PREVIOUSLY APPROVED | BL72: PREVIOUSLY APPROVED | BM72: PREVIOUSLY APPROVED | BN72: CLOSED | BO72: PREVIOUSLY APPROVED | BP72: =IFERROR(__xludf.DUMMYFUNCTION("IFERROR( INDEX( FILTER(X72:BK72, ISNUMBER(X72:BK72)), COUNTA(FILTER(X72:BK72, ISNUMBER(X72:BK72))) ), BK72 )"),1.0) -> 1
A73: 63 | B73: METASA | C73: 1125 | D73: METASA | E73: 1125 | F73: =IFERROR(VLOOKUP(M73:M146,'R22 RELATÓRIO ACC'!B:F,5,FALSE),"NOT PUBLISHED") -> V6 | G73: =IFERROR(VLOOKUP(M73:M144,'R22 RELATÓRIO ACC'!B:P,15,FALSE),"NOT PUBLISHED") -> 07/11/2025 | H73: =IFERROR(VLOOKUP(N73:N146,'RELATÓRIO ACC'!B:F,5,FALSE),"NOT PUBLISHED") -> V1 | I73: =IFERROR(VLOOKUP(N73:N144,'RELATÓRIO ACC'!B:P,15,FALSE),"NOT PUBLISHED") -> 21/05/2026 | J73: 45856 | K73: V5 | L73: CONTINUA MESMA VERSÃO | M73: CPQ11-STRC-STEE-COL5-2X3.ifc | N73: CPQ11-STRC-STEE-COL5-2X3.ifc | O73: STRC-STEE-COL5 | P73: FALSE | Q73: FECHADA | R73: FOI AUDITADO R7 | W73: 45876 | X73: NOT PUBLISHED | Y73: 0.71 | Z73: 0.71 | AA73: OUTDATED | AB73: OUTDATED | AC73: 0.86 | AD73: 1 | AE73: 1 | AF73: 1 | AG73: 1 | AH73: 1 | AI73: 1 | AJ73: 1 | AK73: 1 | AL73: 1 | AM73: 1 | AN73: 1 | AO73: 1 | AP73: 1 | AQ73: 1 | AR73: 1 | AS73: 1 | AT73: 1 | AU73: 1 | AV73: 1 | AW73: 1 | AX73: 1 | AY73: 1 | AZ73: 1 | BA73: PREVIOUSLY APPROVED | BB73: PREVIOUSLY APPROVED | BC73: PREVIOUSLY APPROVED | BD73: PREVIOUSLY APPROVED | BE73: PREVIOUSLY APPROVED | BF73: PREVIOUSLY APPROVED | BG73: PREVIOUSLY APPROVED | BH73: PREVIOUSLY APPROVED | BI73: PREVIOUSLY APPROVED | BJ73: PREVIOUSLY APPROVED | BK73: PREVIOUSLY APPROVED | BL73: PREVIOUSLY APPROVED | BM73: PREVIOUSLY APPROVED | BN73: CLOSED | BO73: PREVIOUSLY APPROVED | BP73: =IFERROR(__xludf.DUMMYFUNCTION("IFERROR( INDEX( FILTER(X73:BK73, ISNUMBER(X73:BK73)), COUNTA(FILTER(X73:BK73, ISNUMBER(X73:BK73))) ), BK73 )"),1.0) -> 1
A74: 64 | B74: METASA | C74: 1125 | D74: METASA | E74: 1125 | F74: =IFERROR(VLOOKUP(M74:M147,'R22 RELATÓRIO ACC'!B:F,5,FALSE),"NOT PUBLISHED") -> V6 | G74: =IFERROR(VLOOKUP(M74:M145,'R22 RELATÓRIO ACC'!B:P,15,FALSE),"NOT PUBLISHED") -> 01/11/2025 | H74: =IFERROR(VLOOKUP(N74:N147,'RELATÓRIO ACC'!B:F,5,FALSE),"NOT PUBLISHED") -> V1 | I74: =IFERROR(VLOOKUP(N74:N145,'RELATÓRIO ACC'!B:P,15,FALSE),"NOT PUBLISHED") -> 21/05/2026 | J74: 45856 | K74: V5 | L74: CONTINUA MESMA VERSÃO | M74: CPQ11-STRC-STEE-GUAR-2X3.ifc | N74: CPQ11-STRC-STEE-GUAR-2X3.ifc | O74: STRC-STEE-GUAR | P74: FALSE | Q74: FECHADA | R74: FOI AUDITADO R7 | W74: 45876 | X74: NOT PUBLISHED | Y74: 0.71 | Z74: 0.86 | AA74: OUTDATED | AB74: OUTDATED | AC74: 1 | AD74: 1 | AE74: 1 | AF74: 1 | AG74: 1 | AH74: 1 | AI74: 1 | AJ74: 1 | AK74: 1 | AL74: 1 | AM74: 1 | AN74: 1 | AO74: 1 | AP74: 1 | AQ74: 1 | AR74: 1 | AS74: 1 | AT74: 1 | AU74: 1 | AV74: 1 | AW74: 1 | AX74: 1 | AY74: 1 | AZ74: 1 | BA74: PREVIOUSLY APPROVED | BB74: PREVIOUSLY APPROVED | BC74: PREVIOUSLY APPROVED | BD74: PREVIOUSLY APPROVED | BE74: PREVIOUSLY APPROVED | BF74: PREVIOUSLY APPROVED | BG74: PREVIOUSLY APPROVED | BH74: PREVIOUSLY APPROVED | BI74: PREVIOUSLY APPROVED | BJ74: PREVIOUSLY APPROVED | BK74: PREVIOUSLY APPROVED | BL74: PREVIOUSLY APPROVED | BM74: PREVIOUSLY APPROVED | BN74: CLOSED | BO74: PREVIOUSLY APPROVED | BP74: =IFERROR(__xludf.DUMMYFUNCTION("IFERROR( INDEX( FILTER(X74:BK74, ISNUMBER(X74:BK74)), COUNTA(FILTER(X74:BK74, ISNUMBER(X74:BK74))) ), BK74 )"),1.0) -> 1
A75: 65 | B75: SERCOP | D75: ARE ARQUITETURA | F75: =IFERROR(VLOOKUP(M75:M148,'R22 RELATÓRIO ACC'!B:F,5,FALSE),"NOT PUBLISHED") -> V12 | G75: =IFERROR(VLOOKUP(M75:M146,'R22 RELATÓRIO ACC'!B:P,15,FALSE),"NOT PUBLISHED") -> 05/05/2026 | H75: =IFERROR(VLOOKUP(N75:N148,'RELATÓRIO ACC'!B:F,5,FALSE),"NOT PUBLISHED") -> V5 | I75: =IFERROR(VLOOKUP(N75:N146,'RELATÓRIO ACC'!B:P,15,FALSE),"NOT PUBLISHED") -> 22/06/2026 | J75: 45917 | K75: V2 | L75: CONTINUA MESMA VERSÃO | M75: CPQ11-ARCH-METL-SITE-R22.rvt | N75: CPQ11-ARCH-METL-SITE-R24.rvt | O75: ARCH-METL-SITE | P75: FALSE | S75: INICIADO | T75: INICIADO | U75: JAKELYNE | V75: 45933 | X75: NOT PUBLISHED | Y75: NOT PUBLISHED | Z75: NOT PUBLISHED | AA75: NOT PUBLISHED | AB75: NOT PUBLISHED | AC75: NOT PUBLISHED | AD75: NOT PUBLISHED | AE75: NOT PUBLISHED | AF75: NOT PUBLISHED | AG75: 0.76 | AH75: OUTDATED | AI75: 1 | AJ75: 1 | AK75: 1 | AL75: 1 | AM75: 1 | AN75: 1 | AO75: 1 | AP75: 1 | AQ75: 1 | AR75: 1 | AS75: 1 | AT75: 1 | AU75: 1 | AV75: 1 | AW75: 1 | AX75: 1 | AY75: 1 | AZ75: 1 | BA75: PREVIOUSLY APPROVED | BB75: PREVIOUSLY APPROVED | BC75: PREVIOUSLY APPROVED | BD75: PREVIOUSLY APPROVED | BE75: PREVIOUSLY APPROVED | BF75: PREVIOUSLY APPROVED | BG75: PREVIOUSLY APPROVED | BH75: PREVIOUSLY APPROVED | BI75: PREVIOUSLY APPROVED | BJ75: PREVIOUSLY APPROVED | BK75: PREVIOUSLY APPROVED | BL75: PREVIOUSLY APPROVED | BM75: PREVIOUSLY APPROVED | BN75: CLOSED | BO75: PREVIOUSLY APPROVED | BP75: =IFERROR(__xludf.DUMMYFUNCTION("IFERROR( INDEX( FILTER(X75:BK75, ISNUMBER(X75:BK75)), COUNTA(FILTER(X75:BK75, ISNUMBER(X75:BK75))) ), BK75 )"),1.0) -> 1
A76: 66 | B76: MENDES HOLLER | C76: 1112 | D76: MENDES HOLLER | F76: =IFERROR(VLOOKUP(M76:M149,'R22 RELATÓRIO ACC'!B:F,5,FALSE),"NOT PUBLISHED") -> V13 | G76: =IFERROR(VLOOKUP(M76:M147,'R22 RELATÓRIO ACC'!B:P,15,FALSE),"NOT PUBLISHED") -> 12/05/2026 | H76: =IFERROR(VLOOKUP(N76:N149,'RELATÓRIO ACC'!B:F,5,FALSE),"NOT PUBLISHED") -> V5 | I76: =IFERROR(VLOOKUP(N76:N147,'RELATÓRIO ACC'!B:P,15,FALSE),"NOT PUBLISHED") -> 13/07/2026 | J76: 45999 | K76: V4 | M76: CPQ11-ELEC-SPDA-DATA-R22.rvt | N76: CPQ11-ELEC-SPDA-DATA-R24.rvt | O76: ELEC-SPDA-DATA | P76: FALSE | X76: NOT PUBLISHED | Y76: NOT PUBLISHED | Z76: NOT PUBLISHED | AA76: NOT PUBLISHED | AB76: NOT PUBLISHED | AC76: NOT PUBLISHED | AD76: NOT PUBLISHED | AE76: NOT PUBLISHED | AF76: NOT PUBLISHED | AG76: NOT PUBLISHED | AH76: NOT PUBLISHED | AI76: 0.76 | AJ76: 0.88 | AK76: 0.94 | AL76: OUTDATED | AM76: OUTDATED | AN76: 1 | AO76: 1 | AP76: 1 | AQ76: 1 | AR76: 1 | AS76: 1 | AT76: 1 | AU76: 1 | AV76: 1 | AW76: 1 | AX76: 1 | AY76: 1 | AZ76: 1 | BA76: PREVIOUSLY APPROVED | BB76: PREVIOUSLY APPROVED | BC76: PREVIOUSLY APPROVED | BD76: PREVIOUSLY APPROVED | BE76: PREVIOUSLY APPROVED | BF76: PREVIOUSLY APPROVED | BG76: PREVIOUSLY APPROVED | BH76: PREVIOUSLY APPROVED | BI76: PREVIOUSLY APPROVED | BJ76: PREVIOUSLY APPROVED | BK76: PREVIOUSLY APPROVED | BL76: PREVIOUSLY APPROVED | BM76: PREVIOUSLY APPROVED | BN76: CLOSED | BO76: PREVIOUSLY APPROVED | BP76: =IFERROR(__xludf.DUMMYFUNCTION("IFERROR( INDEX( FILTER(X76:BK76, ISNUMBER(X76:BK76)), COUNTA(FILTER(X76:BK76, ISNUMBER(X76:BK76))) ), BK76 )"),1.0) -> 1
A77: 67 | B77: MENDES HOLLER | C77: 1112 | D77: MENDES HOLLER | F77: =IFERROR(VLOOKUP(M77:M150,'R22 RELATÓRIO ACC'!B:F,5,FALSE),"NOT PUBLISHED") -> V7 | G77: =IFERROR(VLOOKUP(M77:M148,'R22 RELATÓRIO ACC'!B:P,15,FALSE),"NOT PUBLISHED") -> 08/12/2025 | H77: =IFERROR(VLOOKUP(N77:N150,'RELATÓRIO ACC'!B:F,5,FALSE),"NOT PUBLISHED") -> V2 | I77: =IFERROR(VLOOKUP(N77:N148,'RELATÓRIO ACC'!B:P,15,FALSE),"NOT PUBLISHED") -> 03/07/2026 | J77: 45966 | K77: V3 | M77: CPQ11-ELEC-SPDA-SITE-R22.rvt | N77: CPQ11-ELEC-SPDA-SITE-R24.rvt | O77: ELEC-SPDA-SITE | P77: FALSE | X77: NOT PUBLISHED | Y77: NOT PUBLISHED | Z77: NOT PUBLISHED | AA77: NOT PUBLISHED | AB77: NOT PUBLISHED | AC77: NOT PUBLISHED | AD77: NOT PUBLISHED | AE77: NOT PUBLISHED | AF77: NOT PUBLISHED | AG77: NOT PUBLISHED | AH77: NOT PUBLISHED | AI77: 0.76 | AJ77: 0.88 | AK77: 1 | AL77: 1 | AM77: 1 | AN77: 1 | AO77: 1 | AP77: 1 | AQ77: 1 | AR77: 1 | AS77: 1 | AT77: 1 | AU77: 1 | AV77: 1 | AW77: 1 | AX77: 1 | AY77: 1 | AZ77: 1 | BA77: PREVIOUSLY APPROVED | BB77: PREVIOUSLY APPROVED | BC77: PREVIOUSLY APPROVED | BD77: PREVIOUSLY APPROVED | BE77: PREVIOUSLY APPROVED | BF77: PREVIOUSLY APPROVED | BG77: PREVIOUSLY APPROVED | BH77: PREVIOUSLY APPROVED | BI77: PREVIOUSLY APPROVED | BJ77: PREVIOUSLY APPROVED | BK77: PREVIOUSLY APPROVED | BL77: PREVIOUSLY APPROVED | BM77: PREVIOUSLY APPROVED | BN77: CLOSED | BO77: PREVIOUSLY APPROVED | BP77: =IFERROR(__xludf.DUMMYFUNCTION("IFERROR( INDEX( FILTER(X77:BK77, ISNUMBER(X77:BK77)), COUNTA(FILTER(X77:BK77, ISNUMBER(X77:BK77))) ), BK77 )"),1.0) -> 1
A78: 71 | B78: MEGADOORS | C78: STONE | D78: SPBIM | F78: =IFERROR(VLOOKUP(M78:M151,'R22 RELATÓRIO ACC'!B:F,5,FALSE),"NOT PUBLISHED") -> V4 | G78: =IFERROR(VLOOKUP(M78:M149,'R22 RELATÓRIO ACC'!B:P,15,FALSE),"NOT PUBLISHED") -> 10/04/2026 | H78: =IFERROR(VLOOKUP(N78:N151,'RELATÓRIO ACC'!B:F,5,FALSE),"NOT PUBLISHED") -> V2 | I78: =IFERROR(VLOOKUP(N78:N149,'RELATÓRIO ACC'!B:P,15,FALSE),"NOT PUBLISHED") -> 04/06/2026 | J78: 46119 | K78: V2 | M78: CPQ11-ARCH-OHCD-DATA-R22.rvt | N78: CPQ11-ARCH-OHCD-DATA-R24.rvt | O78: ARCH-OHCD-DATA | P78: FALSE | X78: NOT PUBLISHED | Y78: NOT PUBLISHED | Z78: NOT PUBLISHED | AA78: NOT PUBLISHED | AB78: NOT PUBLISHED | AC78: NOT PUBLISHED | AD78: NOT PUBLISHED | AE78: NOT PUBLISHED | AF78: NOT PUBLISHED | AG78: NOT PUBLISHED | AH78: NOT PUBLISHED | AI78: NOT PUBLISHED | AJ78: NOT PUBLISHED | AK78: NOT PUBLISHED | AL78: NOT PUBLISHED | AM78: NOT PUBLISHED | AN78: NOT PUBLISHED | AO78: NOT PUBLISHED | AP78: NOT PUBLISHED | AQ78: NOT PUBLISHED | AR78: NOT PUBLISHED | AS78: NOT PUBLISHED | AT78: NOT PUBLISHED | AU78: NOT PUBLISHED | AV78: NEXT ROUND | AW78: 0 | AX78: NEXT ROUND | AY78: 1 | AZ78: 1 | BA78: PREVIOUSLY APPROVED | BB78: PREVIOUSLY APPROVED | BC78: PREVIOUSLY APPROVED | BD78: PREVIOUSLY APPROVED | BE78: PREVIOUSLY APPROVED | BF78: PREVIOUSLY APPROVED | BG78: PREVIOUSLY APPROVED | BH78: PREVIOUSLY APPROVED | BI78: PREVIOUSLY APPROVED | BJ78: PREVIOUSLY APPROVED | BK78: PREVIOUSLY APPROVED | BL78: PREVIOUSLY APPROVED | BM78: PREVIOUSLY APPROVED | BN78: CLOSED | BO78: PREVIOUSLY APPROVED | BP78: =IFERROR(__xludf.DUMMYFUNCTION("IFERROR( INDEX( FILTER(X78:BK78, ISNUMBER(X78:BK78)), COUNTA(FILTER(X78:BK78, ISNUMBER(X78:BK78))) ), BK78 )"),1.0) -> 1

Sheet GERAL OVERVIEW
A1: GERAL | B1: VERSÃO AUDITADA | C1: RESUMO
A2: ='PROGRESS CONTROL'!N5 -> CPQ11-FPRT-FPRT-DATA-R24.rvt | B2: ='PROGRESS CONTROL'!K5 -> V4 | C2: ='PROGRESS CONTROL'!BP5 -> 0.94
A3: ='PROGRESS CONTROL'!N6 -> CPQ11-ARCH-CEIL-DATA-R24.rvt | B3: ='PROGRESS CONTROL'!K6 -> V1 | C3: ='PROGRESS CONTROL'!BP6 -> 0.76
A4: ='PROGRESS CONTROL'!N7 -> CPQ11-ARCH-CEIL-SITE-R24.rvt | B4: ='PROGRESS CONTROL'!K7 -> V1 | C4: ='PROGRESS CONTROL'!BP7 -> 0.76
A5: ='PROGRESS CONTROL'!N8 -> CPQ11-FPRT-FPRT-SITE-R24.rvt | B5: ='PROGRESS CONTROL'!K8 -> V3 | C5: ='PROGRESS CONTROL'!BP8 -> 1
A6: ='PROGRESS CONTROL'!N9 -> CPQ11-STRC-FLOO-DATA-R24.rvt | B6: ='PROGRESS CONTROL'!K9 -> V2 | C6: ='PROGRESS CONTROL'!BP9 -> 1
A7: ='PROGRESS CONTROL'!N10 -> CPQ11-ARCH-STON-SITE-R24.rvt | B7: ='PROGRESS CONTROL'!K10 -> V3 | C7: ='PROGRESS CONTROL'!BP10 -> 1
A8: ='PROGRESS CONTROL'!N11 -> CPQ11-SCTY-GATE-SITE-R24.rvt | B8: ='PROGRESS CONTROL'!K11 -> V2 | C8: ='PROGRESS CONTROL'!BP11 -> 1
A9: ='PROGRESS CONTROL'!N12 -> CPQ11-STRC-FLOO-SITE-R24.rvt | B9: ='PROGRESS CONTROL'!K12 -> V2 | C9: ='PROGRESS CONTROL'!BP12 -> 1
A10: ='PROGRESS CONTROL'!N13 -> CPQ11-FALM-FALM-SITE-R24.rvt | B10: ='PROGRESS CONTROL'!K13 -> V11 | C10: ='PROGRESS CONTROL'!BP13 -> 1
A11: ='PROGRESS CONTROL'!N14 -> CPQ11-ARCH-ARCH-SITE-R24.rvt | B11: ='PROGRESS CONTROL'!K14 -> V20 | C11: ='PROGRESS CONTROL'!BP14 -> 1
A12: ='PROGRESS CONTROL'!N15 -> CPQ11-STRC-CONC-DATA-R24.rvt | B12: ='PROGRESS CONTROL'!K15 -> V5 | C12: ='PROGRESS CONTROL'!BP15 -> 1
A13: ='PROGRESS CONTROL'!N16 -> CPQ11-ARCH-SHLV-DATA-R24.rvt | B13: ='PROGRESS CONTROL'!K16 -> V7 | C13: ='PROGRESS CONTROL'!BP16 -> 1
... A75: ='PROGRESS CONTROL'!N78 -> CPQ11-ARCH-OHCD-DATA-R24.rvt | B75: ='PROGRESS CONTROL'!K78 -> V2 | C75: ='PROGRESS CONTROL'!BP78 -> 1
A76: ='PROGRESS CONTROL'!N79
A77: ='PROGRESS CONTROL'!N80
A78: ='PROGRESS CONTROL'!N81

Sheet RELATÓRIO ACC
A1: Folder name and path | B1: Name | C1: Software version | D1: Model type | E1: Description | F1: Version number | G1: Published to | H1: Extracted to folder | I1: Added to Packages | J1: Publicly shared | K1: Synced with Bridge | L1: Markups | M1: Issues | N1: File size | O1: Last updated | P1: Last updated for control table
A2: 01-WORK IN PROGRESS/BIM/MODELS/DELEGATED DESIGN R24/ARCH | B2: CPQ11-ARCH-ARCH-DATA-R24.rvt | C2: Revit 2024 | D2: Added manually | F2: V3 | G2: -- | J2: -- | K2: Sharing to | L2: No published markups | M2: No unresolved issues | N2: 255.8 MB | O2: 46176.511 | P2: =IFERROR(__xludf.DUMMYFUNCTION("IFERROR( TEXT( DATE( INDEX(SPLIT(O2,"" ""),3), VLOOKUP(INDEX(SPLIT(O2,"" ""),1),{""jan."",1;""Feb"",2;""mar."",3;""Apr"",4;""May"",5;""jun."",6;""jul."",7;""Aug"",8;""sep"",9;""Oct"",10;""nov."",11;""Dec"",12},2,FALSE), INDEX(SPLIT"&"(O2,"" ""),2) ), ""dd/mm/yyyy"" ), """")"),"03/06/2026") -> 03/06/2026
A3: 01-WORK IN PROGRESS/BIM/MODELS/DELEGATED DESIGN R24/ARCH | B3: CPQ11-ARCH-ARCH-SITE-R24.rvt | C3: Revit 2024 | D3: Added manually | F3: V4 | G3: -- | J3: -- | K3: Sharing to | L3: No published markups | M3: No unresolved issues | N3: 69.4 MB | O3: 46218.549 | P3: =IFERROR(__xludf.DUMMYFUNCTION("IFERROR( TEXT( DATE( INDEX(SPLIT(O3,"" ""),3), VLOOKUP(INDEX(SPLIT(O3,"" ""),1),{""jan."",1;""Feb"",2;""mar."",3;""Apr"",4;""May"",5;""jun."",6;""jul."",7;""Aug"",8;""sep"",9;""Oct"",10;""nov."",11;""Dec"",12},2,FALSE), INDEX(SPLIT"&"(O3,"" ""),2) ), ""dd/mm/yyyy"" ), """")"),"15/07/2026") -> 15/07/2026
A4: 01-WORK IN PROGRESS/BIM/MODELS/DELEGATED DESIGN R24/ARCH | B4: CPQ11-ARCH-BLPR-GUAR-R24.rvt | C4: Revit 2024 | D4: Added manually | F4: V1 | G4: -- | J4: -- | K4: Sharing to | L4: No published markups | M4: No unresolved issues | N4: 36.2 MB | O4: May 20, 2026 5:55 PM | P4: =IFERROR(__xludf.DUMMYFUNCTION("IFERROR( TEXT( DATE( INDEX(SPLIT(O4,"" ""),3), VLOOKUP(INDEX(SPLIT(O4,"" ""),1),{""jan."",1;""Feb"",2;""mar."",3;""Apr"",4;""May"",5;""jun."",6;""jul."",7;""Aug"",8;""sep"",9;""Oct"",10;""nov."",11;""Dec"",12},2,FALSE), INDEX(SPLIT"&"(O4,"" ""),2) ), ""dd/mm/yyyy"" ), """")"),"20/05/2026") -> 20/05/2026
A5: 01-WORK IN PROGRESS/BIM/MODELS/DELEGATED DESIGN R24/ARCH | B5: CPQ11-ARCH-CEIL-DATA-R24.rvt | C5: Revit 2024 | D5: Added manually | F5: V1 | G5: -- | J5: -- | K5: Sharing to | L5: No published markups | M5: No unresolved issues | N5: 186.8 MB | O5: 46177.799 | P5: =IFERROR(__xludf.DUMMYFUNCTION("IFERROR( TEXT( DATE( INDEX(SPLIT(O5,"" ""),3), VLOOKUP(INDEX(SPLIT(O5,"" ""),1),{""jan."",1;""Feb"",2;""mar."",3;""Apr"",4;""May"",5;""jun."",6;""jul."",7;""Aug"",8;""sep"",9;""Oct"",10;""nov."",11;""Dec"",12},2,FALSE), INDEX(SPLIT"&"(O5,"" ""),2) ), ""dd/mm/yyyy"" ), """")"),"04/06/2026") -> 04/06/2026
A6: 01-WORK IN PROGRESS/BIM/MODELS/DELEGATED DESIGN R24/ARCH | B6: CPQ11-ARCH-CEIL-SITE-R24.rvt | C6: Revit 2024 | D6: Added manually | F6: V1 | G6: -- | J6: -- | K6: Sharing to | L6: No published markups | M6: No unresolved issues | N6: 49.2 MB | O6: 46185.705 | P6: =IFERROR(__xludf.DUMMYFUNCTION("IFERROR( TEXT( DATE( INDEX(SPLIT(O6,"" ""),3), VLOOKUP(INDEX(SPLIT(O6,"" ""),1),{""jan."",1;""Feb"",2;""mar."",3;""Apr"",4;""May"",5;""jun."",6;""jul."",7;""Aug"",8;""sep"",9;""Oct"",10;""nov."",11;""Dec"",12},2,FALSE), INDEX(SPLIT"&"(O6,"" ""),2) ), ""dd/mm/yyyy"" ), """")"),"12/06/2026") -> 12/06/2026
A7: 01-WORK IN PROGRESS/BIM/MODELS/DELEGATED DESIGN R24/ARCH | B7: CPQ11-ARCH-CHAI-SITE-R24.rvt | C7: Revit 2024 | D7: Added manually | F7: V1 | G7: -- | J7: -- | K7: Sharing to | L7: No published markups | M7: No unresolved issues | N7: 10.3 MB | O7: May 15, 2026 3:26 PM | P7: =IFERROR(__xludf.DUMMYFUNCTION("IFERROR( TEXT( DATE( INDEX(SPLIT(O7,"" ""),3), VLOOKUP(INDEX(SPLIT(O7,"" ""),1),{""jan."",1;""Feb"",2;""mar."",3;""Apr"",4;""May"",5;""jun."",6;""jul."",7;""Aug"",8;""sep"",9;""Oct"",10;""nov."",11;""Dec"",12},2,FALSE), INDEX(SPLIT"&"(O7,"" ""),2) ), ""dd/mm/yyyy"" ), """")"),"15/05/2026") -> 15/05/2026
A8: 01-WORK IN PROGRESS/BIM/MODELS/DELEGATED DESIGN R24/ARCH | B8: CPQ11-ARCH-FACD-DATA-R24.rvt | C8: Revit 2024 | D8: Added manually | F8: V3 | G8: -- | J8: -- | K8: Sharing to | L8: No published markups | M8: No unresolved issues | N8: 132.9 MB | O8: 46210.751 | P8: =IFERROR(__xludf.DUMMYFUNCTION("IFERROR( TEXT( DATE( INDEX(SPLIT(O8,"" ""),3), VLOOKUP(INDEX(SPLIT(O8,"" ""),1),{""jan."",1;""Feb"",2;""mar."",3;""Apr"",4;""May"",5;""jun."",6;""jul."",7;""Aug"",8;""sep"",9;""Oct"",10;""nov."",11;""Dec"",12},2,FALSE), INDEX(SPLIT"&"(O8,"" ""),2) ), ""dd/mm/yyyy"" ), """")"),"07/07/2026") -> 07/07/2026
A9: 01-WORK IN PROGRESS/BIM/MODELS/DELEGATED DESIGN R24/ARCH | B9: CPQ11-ARCH-HM90-DATA-R24.rvt | C9: Revit 2024 | D9: Added manually | F9: V2 | G9: -- | J9: -- | K9: Sharing to | L9: No published markups | M9: No unresolved issues | N9: 30.9 MB | O9: 46199.594 | P9: =IFERROR(__xludf.DUMMYFUNCTION("IFERROR( TEXT( DATE( INDEX(SPLIT(O9,"" ""),3), VLOOKUP(INDEX(SPLIT(O9,"" ""),1),{""jan."",1;""Feb"",2;""mar."",3;""Apr"",4;""May"",5;""jun."",6;""jul."",7;""Aug"",8;""sep"",9;""Oct"",10;""nov."",11;""Dec"",12},2,FALSE), INDEX(SPLIT"&"(O9,"" ""),2) ), ""dd/mm/yyyy"" ), """")"),"26/06/2026") -> 26/06/2026
A10: 01-WORK IN PROGRESS/BIM/MODELS/DELEGATED DESIGN R24/ARCH | B10: CPQ11-ARCH-HMET-DATA-R24.rvt | C10: Revit 2024 | D10: Added manually | F10: V1 | G10: -- | J10: -- | K10: Sharing to | L10: No published markups | M10: No unresolved issues | N10: 75.2 MB | O10: May 15, 2026 4:56 PM | P10: =IFERROR(__xludf.DUMMYFUNCTION("IFERROR( TEXT( DATE( INDEX(SPLIT(O10,"" ""),3), VLOOKUP(INDEX(SPLIT(O10,"" ""),1),{""jan."",1;""Feb"",2;""mar."",3;""Apr"",4;""May"",5;""jun."",6;""jul."",7;""Aug"",8;""sep"",9;""Oct"",10;""nov."",11;""Dec"",12},2,FALSE), INDEX(SPL"&"IT(O10,"" ""),2) ), ""dd/mm/yyyy"" ), """")"),"15/05/2026") -> 15/05/2026
A11: 01-WORK IN PROGRESS/BIM/MODELS/DELEGATED DESIGN R24/ARCH | B11: CPQ11-ARCH-HMET-SITE-R24.rvt | C11: Revit 2024 | D11: Added manually | F11: V1 | G11: -- | J11: -- | K11: Sharing to | L11: No published markups | M11: No unresolved issues | N11: 26.7 MB | O11: May 15, 2026 5:26 PM | P11: =IFERROR(__xludf.DUMMYFUNCTION("IFERROR( TEXT( DATE( INDEX(SPLIT(O11,"" ""),3), VLOOKUP(INDEX(SPLIT(O11,"" ""),1),{""jan."",1;""Feb"",2;""mar."",3;""Apr"",4;""May"",5;""jun."",6;""jul."",7;""Aug"",8;""sep"",9;""Oct"",10;""nov."",11;""Dec"",12},2,FALSE), INDEX(SPL"&"IT(O11,"" ""),2) ), ""dd/mm/yyyy"" ), """")"),"15/05/2026") -> 15/05/2026
A12: 01-WORK IN PROGRESS/BIM/MODELS/DELEGATED DESIGN R24/ARCH | B12: CPQ11-ARCH-METL-SITE-R24.rvt | C12: Revit 2024 | D12: Added manually | F12: V5 | G12: -- | J12: -- | K12: Sharing to | L12: No published markups | M12: No unresolved issues | N12: 36.3 MB | O12: 46195.672 | P12: =IFERROR(__xludf.DUMMYFUNCTION("IFERROR( TEXT( DATE( INDEX(SPLIT(O12,"" ""),3), VLOOKUP(INDEX(SPLIT(O12,"" ""),1),{""jan."",1;""Feb"",2;""mar."",3;""Apr"",4;""May"",5;""jun."",6;""jul."",7;""Aug"",8;""sep"",9;""Oct"",10;""nov."",11;""Dec"",12},2,FALSE), INDEX(SPL"&"IT(O12,"" ""),2) ), ""dd/mm/yyyy"" ), """")"),"22/06/2026") -> 22/06/2026
A13: 01-WORK IN PROGRESS/BIM/MODELS/DELEGATED DESIGN R24/ARCH | B13: CPQ11-ARCH-OHCD-DATA-R24.rvt | C13: Revit 2024 | D13: Added manually | F13: V2 | G13: -- | J13: -- | K13: Sharing to | L13: No published markups | M13: No unresolved issues | N13: 11.6 MB | O13: 46177.46 | P13: =IFERROR(__xludf.DUMMYFUNCTION("IFERROR( TEXT( DATE( INDEX(SPLIT(O13,"" ""),3), VLOOKUP(INDEX(SPLIT(O13,"" ""),1),{""jan."",1;""Feb"",2;""mar."",3;""Apr"",4;""May"",5;""jun."",6;""jul."",7;""Aug"",8;""sep"",9;""Oct"",10;""nov."",11;""Dec"",12},2,FALSE), INDEX(SPL"&"IT(O13,"" ""),2) ), ""dd/mm/yyyy"" ), """")"),"04/06/2026") -> 04/06/2026
A14: 01-WORK IN PROGRESS/BIM/MODELS/DELEGATED DESIGN R24/ARCH | B14: CPQ11-ARCH-PART-C12A-R24.rvt | C14: Revit 2024 | D14: Added manually | F14: V2 | G14: -- | J14: -- | K14: Sharing to | L14: No published markups | M14: No unresolved issues | N14: 87.8 MB | O14: May 27, 2026 10:24 AM | P14: =IFERROR(__xludf.DUMMYFUNCTION("IFERROR( TEXT( DATE( INDEX(SPLIT(O14,"" ""),3), VLOOKUP(INDEX(SPLIT(O14,"" ""),1),{""jan."",1;""Feb"",2;""mar."",3;""Apr"",4;""May"",5;""jun."",6;""jul."",7;""Aug"",8;""sep"",9;""Oct"",10;""nov."",11;""Dec"",12},2,FALSE), INDEX(SPL"&"IT(O14,"" ""),2) ), ""dd/mm/yyyy"" ), """")"),"27/05/2026") -> 27/05/2026
A15: 01-WORK IN PROGRESS/BIM/MODELS/DELEGATED DESIGN R24/ARCH | B15: CPQ11-ARCH-PART-C345-R24.rvt | C15: Revit 2024 | D15: Added manually | F15: V1 | G15: -- | J15: -- | K15: Sharing to | L15: No published markups | M15: No unresolved issues | N15: 68.2 MB | O15: May 19, 2026 2:37 PM | P15: =IFERROR(__xludf.DUMMYFUNCTION("IFERROR( TEXT( DATE( INDEX(SPLIT(O15,"" ""),3), VLOOKUP(INDEX(SPLIT(O15,"" ""),1),{""jan."",1;""Feb"",2;""mar."",3;""Apr"",4;""May"",5;""jun."",6;""jul."",7;""Aug"",8;""sep"",9;""Oct"",10;""nov."",11;""Dec"",12},2,FALSE), INDEX(SPL"&"IT(O15,"" ""),2) ), ""dd/mm/yyyy"" ), """")"),"19/05/2026") -> 19/05/2026
A16: 01-WORK IN PROGRESS/BIM/MODELS/DELEGATED DESIGN R24/ARCH | B16: CPQ11-ARCH-PART-SITE-R24.rvt | C16: Revit 2024 | D16: Added manually | F16: V2 | G16: -- | J16: -- | K16: Sharing to | L16: No published markups | M16: No unresolved issues | N16: 21.6 MB | O16: 46190.818 | P16: =IFERROR(__xludf.DUMMYFUNCTION("IFERROR( TEXT( DATE( INDEX(SPLIT(O16,"" ""),3), VLOOKUP(INDEX(SPLIT(O16,"" ""),1),{""jan."",1;""Feb"",2;""mar."",3;""Apr"",4;""May"",5;""jun."",6;""jul."",7;""Aug"",8;""sep"",9;""Oct"",10;""nov."",11;""Dec"",12},2,FALSE), INDEX(SPL"&"IT(O16,"" ""),2) ), ""dd/mm/yyyy"" ), """")"),"17/06/2026") -> 17/06/2026
A17: 01-WORK IN PROGRESS/BIM/MODELS/DELEGATED DESIGN R24/ARCH | B17: CPQ11-ARCH-ROOF-DATA-R24.rvt | C17: Revit 2024 | D17: Added manually | F17: V2 | G17: -- | J17: -- | K17: Sharing to | L17: No published markups | M17: No unresolved issues | N17: 22.6 MB | O17: May 20, 2026 3:57 PM | P17: =IFERROR(__xludf.DUMMYFUNCTION("IFERROR( TEXT( DATE( INDEX(SPLIT(O17,"" ""),3), VLOOKUP(INDEX(SPLIT(O17,"" ""),1),{""jan."",1;""Feb"",2;""mar."",3;""Apr"",4;""May"",5;""jun."",6;""jul."",7;""Aug"",8;""sep"",9;""Oct"",10;""nov."",11;""Dec"",12},2,FALSE), INDEX(SPL"&"IT(O17,"" ""),2) ), ""dd/mm/yyyy"" ), """")"),"20/05/2026") -> 20/05/2026
A18: 01-WORK IN PROGRESS/BIM/MODELS/DELEGATED DESIGN R24/ARCH | B18: CPQ11-ARCH-SHLV-DATA-R24.rvt | C18: Revit 2024 | D18: Added manually | F18: V1 | G18: -- | J18: -- | K18: Sharing to | L18: No published markups | M18: No unresolved issues | N18: 23.3 MB | O18: May 20, 2026 5:54 PM | P18: =IFERROR(__xludf.DUMMYFUNCTION("IFERROR( TEXT( DATE( INDEX(SPLIT(O18,"" ""),3), VLOOKUP(INDEX(SPLIT(O18,"" ""),1),{""jan."",1;""Feb"",2;""mar."",3;""Apr"",4;""May"",5;""jun."",6;""jul."",7;""Aug"",8;""sep"",9;""Oct"",10;""nov."",11;""Dec"",12},2,FALSE), INDEX(SPL"&"IT(O18,"" ""),2) ), ""dd/mm/yyyy"" ), """")"),"20/05/2026") -> 20/05/2026
A19: 01-WORK IN PROGRESS/BIM/MODELS/DELEGATED DESIGN R24/ARCH | B19: CPQ11-ARCH-STON-SITE-R24.rvt | C19: Revit 2024 | D19: Added manually | F19: V3 | G19: -- | J19: -- | K19: Sharing to | L19: No published markups | M19: No unresolved issues | N19: 10.4 MB | O19: 46182.601 | P19: =IFERROR(__xludf.DUMMYFUNCTION("IFERROR( TEXT( DATE( INDEX(SPLIT(O19,"" ""),3), VLOOKUP(INDEX(SPLIT(O19,"" ""),1),{""jan."",1;""Feb"",2;""mar."",3;""Apr"",4;""May"",5;""jun."",6;""jul."",7;""Aug"",8;""sep"",9;""Oct"",10;""nov."",11;""Dec"",12},2,FALSE), INDEX(SPL"&"IT(O19,"" ""),2) ), ""dd/mm/yyyy"" ), """")"),"09/06/2026") -> 09/06/2026
A20: 01-WORK IN PROGRESS/BIM/MODELS/DELEGATED DESIGN R24/ARCH | B20: CPQ11-ARCH-WMES-DATA-R24.rvt | C20: Revit 2024 | D20: Added manually | F20: V3 | G20: -- | J20: -- | K20: Sharing to | L20: No published markups | M20: No unresolved issues | N20: 31.3 MB | O20: 46197.677 | P20: =IFERROR(__xludf.DUMMYFUNCTION("IFERROR( TEXT( DATE( INDEX(SPLIT(O20,"" ""),3), VLOOKUP(INDEX(SPLIT(O20,"" ""),1),{""jan."",1;""Feb"",2;""mar."",3;""Apr"",4;""May"",5;""jun."",6;""jul."",7;""Aug"",8;""sep"",9;""Oct"",10;""nov."",11;""Dec"",12},2,FALSE), INDEX(SPL"&"IT(O20,"" ""),2) ), ""dd/mm/yyyy"" ), """")"),"24/06/2026") -> 24/06/2026
A21: 01-WORK IN PROGRESS/BIM/MODELS/DELEGATED DESIGN R24/ARCH/NWC | B21: CPQ11-ARCH-ARCH-DATA-R24.nwc | F21: V3 | G21: -- | J21: -- | K21: Sharing to | L21: No published markups | M21: No unresolved issues | N21: 7 MB | O21: 46176.503 | P21: =IFERROR(__xludf.DUMMYFUNCTION("IFERROR( TEXT( DATE( INDEX(SPLIT(O21,"" ""),3), VLOOKUP(INDEX(SPLIT(O21,"" ""),1),{""jan."",1;""Feb"",2;""mar."",3;""Apr"",4;""May"",5;""jun."",6;""jul."",7;""Aug"",8;""sep"",9;""Oct"",10;""nov."",11;""Dec"",12},2,FALSE), INDEX(SPL"&"IT(O21,"" ""),2) ), ""dd/mm/yyyy"" ), """")"),"03/06/2026") -> 03/06/2026
A22: 01-WORK IN PROGRESS/BIM/MODELS/DELEGATED DESIGN R24/ARCH/NWC | B22: CPQ11-ARCH-ARCH-SITE-R24.nwc | F22: V3 | G22: -- | J22: -- | K22: Sharing to | L22: No published markups | M22: No unresolved issues | N22: 1.7 MB | O22: 46218.547 | P22: =IFERROR(__xludf.DUMMYFUNCTION("IFERROR( TEXT( DATE( INDEX(SPLIT(O22,"" ""),3), VLOOKUP(INDEX(SPLIT(O22,"" ""),1),{""jan."",1;""Feb"",2;""mar."",3;""Apr"",4;""May"",5;""jun."",6;""jul."",7;""Aug"",8;""sep"",9;""Oct"",10;""nov."",11;""Dec"",12},2,FALSE), INDEX(SPL"&"IT(O22,"" ""),2) ), ""dd/mm/yyyy"" ), """")"),"15/07/2026") -> 15/07/2026
A23: 01-WORK IN PROGRESS/BIM/MODELS/DELEGATED DESIGN R24/ARCH/NWC | B23: CPQ11-ARCH-CHAI-SITE-R24.nwc | F23: V1 | G23: -- | J23: -- | K23: Sharing to | L23: No published markups | M23: No unresolved issues | N23: 11.5 MB | O23: May 15, 2026 3:29 PM | P23: =IFERROR(__xludf.DUMMYFUNCTION("IFERROR( TEXT( DATE( INDEX(SPLIT(O23,"" ""),3), VLOOKUP(INDEX(SPLIT(O23,"" ""),1),{""jan."",1;""Feb"",2;""mar."",3;""Apr"",4;""May"",5;""jun."",6;""jul."",7;""Aug"",8;""sep"",9;""Oct"",10;""nov."",11;""Dec"",12},2,FALSE), INDEX(SPL"&"IT(O23,"" ""),2) ), ""dd/mm/yyyy"" ), """")"),"15/05/2026") -> 15/05/2026
A24: 01-WORK IN PROGRESS/BIM/MODELS/DELEGATED DESIGN R24/ARCH/NWC | B24: CPQ11-ARCH-FACD-DATA-R24.nwc | F24: V2 | G24: -- | J24: -- | K24: Sharing to | L24: No published markups | M24: No unresolved issues | N24: 120.4 MB | O24: 46210.741 | P24: =IFERROR(__xludf.DUMMYFUNCTION("IFERROR( TEXT( DATE( INDEX(SPLIT(O24,"" ""),3), VLOOKUP(INDEX(SPLIT(O24,"" ""),1),{""jan."",1;""Feb"",2;""mar."",3;""Apr"",4;""May"",5;""jun."",6;""jul."",7;""Aug"",8;""sep"",9;""Oct"",10;""nov."",11;""Dec"",12},2,FALSE), INDEX(SPL"&"IT(O24,"" ""),2) ), ""dd/mm/yyyy"" ), """")"),"07/07/2026") -> 07/07/2026
A25: 01-WORK IN PROGRESS/BIM/MODELS/DELEGATED DESIGN R24/ARCH/NWC | B25: CPQ11-ARCH-HM90-DATA-R24.nwc | F25: V2 | G25: -- | J25: -- | K25: Sharing to | L25: No published markups | M25: No unresolved issues | N25: 334.4 KB | O25: 46199.592 | P25: =IFERROR(__xludf.DUMMYFUNCTION("IFERROR( TEXT( DATE( INDEX(SPLIT(O25,"" ""),3), VLOOKUP(INDEX(SPLIT(O25,"" ""),1),{""jan."",1;""Feb"",2;""mar."",3;""Apr"",4;""May"",5;""jun."",6;""jul."",7;""Aug"",8;""sep"",9;""Oct"",10;""nov."",11;""Dec"",12},2,FALSE), INDEX(SPL"&"IT(O25,"" ""),2) ), ""dd/mm/yyyy"" ), """")"),"26/06/2026") -> 26/06/2026
A26: 01-WORK IN PROGRESS/BIM/MODELS/DELEGATED DESIGN R24/ARCH/NWC | B26: CPQ11-ARCH-HMET-DATA-R24.nwc | F26: V1 | G26: -- | J26: -- | K26: Sharing to | L26: No published markups | M26: No unresolved issues | N26: 3.2 MB | O26: May 15, 2026 4:56 PM | P26: =IFERROR(__xludf.DUMMYFUNCTION("IFERROR( TEXT( DATE( INDEX(SPLIT(O26,"" ""),3), VLOOKUP(INDEX(SPLIT(O26,"" ""),1),{""jan."",1;""Feb"",2;""mar."",3;""Apr"",4;""May"",5;""jun."",6;""jul."",7;""Aug"",8;""sep"",9;""Oct"",10;""nov."",11;""Dec"",12},2,FALSE), INDEX(SPL"&"IT(O26,"" ""),2) ), ""dd/mm/yyyy"" ), """")"),"15/05/2026") -> 15/05/2026
A27: 01-WORK IN PROGRESS/BIM/MODELS/DELEGATED DESIGN R24/ARCH/NWC | B27: CPQ11-ARCH-HMET-SITE-R24.nwc | F27: V1 | G27: -- | J27: -- | K27: Sharing to | L27: No published markups | M27: No unresolved issues | N27: 737.3 KB | O27: May 15, 2026 4:56 PM | P27: =IFERROR(__xludf.DUMMYFUNCTION("IFERROR( TEXT( DATE( INDEX(SPLIT(O27,"" ""),3), VLOOKUP(INDEX(SPLIT(O27,"" ""),1),{""jan."",1;""Feb"",2;""mar."",3;""Apr"",4;""May"",5;""jun."",6;""jul."",7;""Aug"",8;""sep"",9;""Oct"",10;""nov."",11;""Dec"",12},2,FALSE), INDEX(SPL"&"IT(O27,"" ""),2) ), ""dd/mm/yyyy"" ), """")"),"15/05/2026") -> 15/05/2026
A28: 01-WORK IN PROGRESS/BIM/MODELS/DELEGATED DESIGN R24/ARCH/NWC | B28: CPQ11-ARCH-METL-SITE-R24.nwc | F28: V5 | G28: -- | J28: -- | K28: Sharing to | L28: No published markups | M28: No unresolved issues | N28: 161.1 MB | O28: 46195.669 | P28: =IFERROR(__xludf.DUMMYFUNCTION("IFERROR( TEXT( DATE( INDEX(SPLIT(O28,"" ""),3), VLOOKUP(INDEX(SPLIT(O28,"" ""),1),{""jan."",1;""Feb"",2;""mar."",3;""Apr"",4;""May"",5;""jun."",6;""jul."",7;""Aug"",8;""sep"",9;""Oct"",10;""nov."",11;""Dec"",12},2,FALSE), INDEX(SPL"&"IT(O28,"" ""),2) ), ""dd/mm/yyyy"" ), """")"),"22/06/2026") -> 22/06/2026
A29: 01-WORK IN PROGRESS/BIM/MODELS/DELEGATED DESIGN R24/ARCH/NWC | B29: CPQ11-ARCH-OHCD-DATA-R24.nwc | F29: V2 | G29: -- | J29: -- | K29: Sharing to | L29: No published markups | M29: No unresolved issues | N29: 8.5 KB | O29: 46177.46 | P29: =IFERROR(__xludf.DUMMYFUNCTION("IFERROR( TEXT( DATE( INDEX(SPLIT(O29,"" ""),3), VLOOKUP(INDEX(SPLIT(O29,"" ""),1),{""jan."",1;""Feb"",2;""mar."",3;""Apr"",4;""May"",5;""jun."",6;""jul."",7;""Aug"",8;""sep"",9;""Oct"",10;""nov."",11;""Dec"",12},2,FALSE), INDEX(SPL"&"IT(O29,"" ""),2) ), ""dd/mm/yyyy"" ), """")"),"04/06/2026") -> 04/06/2026
A30: 01-WORK IN PROGRESS/BIM/MODELS/DELEGATED DESIGN R24/ARCH/NWC | B30: CPQ11-ARCH-PART-C12A-R24.nwc | F30: V2 | G30: -- | J30: -- | K30: Sharing to | L30: No published markups | M30: No unresolved issues | N30: 5.6 MB | O30: May 27, 2026 10:18 AM | P30: =IFERROR(__xludf.DUMMYFUNCTION("IFERROR( TEXT( DATE( INDEX(SPLIT(O30,"" ""),3), VLOOKUP(INDEX(SPLIT(O30,"" ""),1),{""jan."",1;""Feb"",2;""mar."",3;""Apr"",4;""May"",5;""jun."",6;""jul."",7;""Aug"",8;""sep"",9;""Oct"",10;""nov."",11;""Dec"",12},2,FALSE), INDEX(SPL"&"IT(O30,"" ""),2) ), ""dd/mm/yyyy"" ), """")"),"27/05/2026") -> 27/05/2026
A31: 01-WORK IN PROGRESS/BIM/MODELS/DELEGATED DESIGN R24/ARCH/NWC | B31: CPQ11-ARCH-PART-C345-R24.nwc | F31: V1 | G31: -- | J31: -- | K31: Sharing to | L31: No published markups | M31: No unresolved issues | N31: 3.8 MB | O31: May 19, 2026 2:27 PM | P31: =IFERROR(__xludf.DUMMYFUNCTION("IFERROR( TEXT( DATE( INDEX(SPLIT(O31,"" ""),3), VLOOKUP(INDEX(SPLIT(O31,"" ""),1),{""jan."",1;""Feb"",2;""mar."",3;""Apr"",4;""May"",5;""jun."",6;""jul."",7;""Aug"",8;""sep"",9;""Oct"",10;""nov."",11;""Dec"",12},2,FALSE), INDEX(SPL"&"IT(O31,"" ""),2) ), ""dd/mm/yyyy"" ), """")"),"19/05/2026") -> 19/05/2026
A32: 01-WORK IN PROGRESS/BIM/MODELS/DELEGATED DESIGN R24/ARCH/NWC | B32: CPQ11-ARCH-PART-SITE-R24.nwc | F32: V2 | G32: -- | J32: -- | K32: Sharing to | L32: No published markups | M32: No unresolved issues | N32: 677.6 KB | O32: 46190.817 | P32: =IFERROR(__xludf.DUMMYFUNCTION("IFERROR( TEXT( DATE( INDEX(SPLIT(O32,"" ""),3), VLOOKUP(INDEX(SPLIT(O32,"" ""),1),{""jan."",1;""Feb"",2;""mar."",3;""Apr"",4;""May"",5;""jun."",6;""jul."",7;""Aug"",8;""sep"",9;""Oct"",10;""nov."",11;""Dec"",12},2,FALSE), INDEX(SPL"&"IT(O32,"" ""),2) ), ""dd/mm/yyyy"" ), """")"),"17/06/2026") -> 17/06/2026
A33: 01-WORK IN PROGRESS/BIM/MODELS/DELEGATED DESIGN R24/ARCH/NWC | B33: CPQ11-ARCH-ROOF-DATA-R24.nwc | F33: V1 | G33: -- | J33: -- | K33: Sharing to | L33: No published markups | M33: No unresolved issues | N33: 12.6 MB | O33: May 20, 2026 3:41 PM | P33: =IFERROR(__xludf.DUMMYFUNCTION("IFERROR( TEXT( DATE( INDEX(SPLIT(O33,"" ""),3), VLOOKUP(INDEX(SPLIT(O33,"" ""),1),{""jan."",1;""Feb"",2;""mar."",3;""Apr"",4;""May"",5;""jun."",6;""jul."",7;""Aug"",8;""sep"",9;""Oct"",10;""nov."",11;""Dec"",12},2,FALSE), INDEX(SPL"&"IT(O33,"" ""),2) ), ""dd/mm/yyyy"" ), """")"),"20/05/2026") -> 20/05/2026
A34: 01-WORK IN PROGRESS/BIM/MODELS/DELEGATED DESIGN R24/ARCH/NWC | B34: CPQ11-ARCH-STON-SITE-R24.nwc | F34: V3 | G34: -- | J34: -- | K34: Sharing to | L34: No published markups | M34: No unresolved issues | N34: 298.8 KB | O34: 46182.602 | P34: =IFERROR(__xludf.DUMMYFUNCTION("IFERROR( TEXT( DATE( INDEX(SPLIT(O34,"" ""),3), VLOOKUP(INDEX(SPLIT(O34,"" ""),1),{""jan."",1;""Feb"",2;""mar."",3;""Apr"",4;""May"",5;""jun."",6;""jul."",7;""Aug"",8;""sep"",9;""Oct"",10;""nov."",11;""Dec"",12},2,FALSE), INDEX(SPL"&"IT(O34,"" ""),2) ), ""dd/mm/yyyy"" ), """")"),"09/06/2026") -> 09/06/2026
A35: 01-WORK IN PROGRESS/BIM/MODELS/DELEGATED DESIGN R24/ARCH/NWC | B35: CPQ11-ARCH-WMES-DATA-R24.nwc | F35: V3 | G35: -- | J35: -- | K35: Sharing to | L35: No published markups | M35: No unresolved issues | N35: 17.1 MB | O35: 46197.639 | P35: =IFERROR(__xludf.DUMMYFUNCTION("IFERROR( TEXT( DATE( INDEX(SPLIT(O35,"" ""),3), VLOOKUP(INDEX(SPLIT(O35,"" ""),1),{""jan."",1;""Feb"",2;""mar."",3;""Apr"",4;""May"",5;""jun."",6;""jul."",7;""Aug"",8;""sep"",9;""Oct"",10;""nov."",11;""Dec"",12},2,FALSE), INDEX(SPL"&"IT(O35,"" ""),2) ), ""dd/mm/yyyy"" ), """")"),"24/06/2026") -> 24/06/2026
A36: 01-WORK IN PROGRESS/BIM/MODELS/DELEGATED DESIGN R24/CIVIL | B36: CPQ11-CIVL-DRNG-SITE-R24.rvt | C36: Revit 2024 | D36: Added manually | F36: V4 | G36: -- | J36: -- | K36: Sharing to | L36: No published markups | M36: No unresolved issues | N36: 80.9 MB | O36: 46184.444 | P36: =IFERROR(__xludf.DUMMYFUNCTION("IFERROR( TEXT( DATE( INDEX(SPLIT(O36,"" ""),3), VLOOKUP(INDEX(SPLIT(O36,"" ""),1),{""jan."",1;""Feb"",2;""mar."",3;""Apr"",4;""May"",5;""jun."",6;""jul."",7;""Aug"",8;""sep"",9;""Oct"",10;""nov."",11;""Dec"",12},2,FALSE), INDEX(SPL"&"IT(O36,"" ""),2) ), ""dd/mm/yyyy"" ), """")"),"11/06/2026") -> 11/06/2026
A37: 01-WORK IN PROGRESS/BIM/MODELS/DELEGATED DESIGN R24/CIVIL | B37: CPQ11-CIVL-ERTH-SITE-R24.rvt | C37: Revit 2024 | D37: Added manually | F37: V6 | G37: -- | J37: -- | K37: Sharing to | L37: No published markups | M37: No unresolved issues | N37: 38.7 MB | O37: 46197.408 | P37: =IFERROR(__xludf.DUMMYFUNCTION("IFERROR( TEXT( DATE( INDEX(SPLIT(O37,"" ""),3), VLOOKUP(INDEX(SPLIT(O37,"" ""),1),{""jan."",1;""Feb"",2;""mar."",3;""Apr"",4;""May"",5;""jun."",6;""jul."",7;""Aug"",8;""sep"",9;""Oct"",10;""nov."",11;""Dec"",12},2,FALSE), INDEX(SPL"&"IT(O37,"" ""),2) ), ""dd/mm/yyyy"" ), """")"),"24/06/2026") -> 24/06/2026
A38: 01-WORK IN PROGRESS/BIM/MODELS/DELEGATED DESIGN R24/CIVIL | B38: CPQ11-CIVL-LOCK-SITE-R24.rvt | C38: Revit 2024 | D38: Added manually | F38: V1 | G38: -- | J38: -- | K38: Sharing to | L38: No published markups | M38: No unresolved issues | N38: 332.3 MB | O38: May 18, 2026 5:11 PM | P38: =IFERROR(__xludf.DUMMYFUNCTION("IFERROR( TEXT( DATE( INDEX(SPLIT(O38,"" ""),3), VLOOKUP(INDEX(SPLIT(O38,"" ""),1),{""jan."",1;""Feb"",2;""mar."",3;""Apr"",4;""May"",5;""jun."",6;""jul."",7;""Aug"",8;""sep"",9;""Oct"",10;""nov."",11;""Dec"",12},2,FALSE), INDEX(SPL"&"IT(O38,"" ""),2) ), ""dd/mm/yyyy"" ), """")"),"18/05/2026") -> 18/05/2026
A39: 01-WORK IN PROGRESS/BIM/MODELS/DELEGATED DESIGN R24/CIVIL | B39: CPQ11-CIVL-PAVM-SITE-R24.rvt | C39: Revit 2024 | D39: Added manually | F39: V2 | G39: -- | J39: -- | K39: Sharing to | L39: No published markups | M39: No unresolved issues | N39: 47.1 MB | O39: May 20, 2026 3:44 PM | P39: =IFERROR(__xludf.DUMMYFUNCTION("IFERROR( TEXT( DATE( INDEX(SPLIT(O39,"" ""),3), VLOOKUP(INDEX(SPLIT(O39,"" ""),1),{""jan."",1;""Feb"",2;""mar."",3;""Apr"",4;""May"",5;""jun."",6;""jul."",7;""Aug"",8;""sep"",9;""Oct"",10;""nov."",11;""Dec"",12},2,FALSE), INDEX(SPL"&"IT(O39,"" ""),2) ), ""dd/mm/yyyy"" ), """")"),"20/05/2026") -> 20/05/2026
A40: 01-WORK IN PROGRESS/BIM/MODELS/DELEGATED DESIGN R24/CIVIL/NWC | B40: CPQ11-CIVL-DRNG-SITE-R24.nwc | F40: V4 | G40: -- | J40: -- | K40: Sharing to | L40: No published markups | M40: No unresolved issues | N40: 11.9 MB | O40: 46195.706 | P40: =IFERROR(__xludf.DUMMYFUNCTION("IFERROR( TEXT( DATE( INDEX(SPLIT(O40,"" ""),3), VLOOKUP(INDEX(SPLIT(O40,"" ""),1),{""jan."",1;""Feb"",2;""mar."",3;""Apr"",4;""May"",5;""jun."",6;""jul."",7;""Aug"",8;""sep"",9;""Oct"",10;""nov."",11;""Dec"",12},2,FALSE), INDEX(SPL"&"IT(O40,"" ""),2) ), ""dd/mm/yyyy"" ), """")"),"22/06/2026") -> 22/06/2026
A41: 01-WORK IN PROGRESS/BIM/MODELS/DELEGATED DESIGN R24/CIVIL/NWC | B41: CPQ11-CIVL-ERTH-SITE-R24.nwc | F41: V4 | G41: -- | J41: -- | K41: Sharing to | L41: No published markups | M41: No unresolved issues | N41: 2 MB | O41: 46197.407 | P41: =IFERROR(__xludf.DUMMYFUNCTION("IFERROR( TEXT( DATE( INDEX(SPLIT(O41,"" ""),3), VLOOKUP(INDEX(SPLIT(O41,"" ""),1),{""jan."",1;""Feb"",2;""mar."",3;""Apr"",4;""May"",5;""jun."",6;""jul."",7;""Aug"",8;""sep"",9;""Oct"",10;""nov."",11;""Dec"",12},2,FALSE), INDEX(SPL"&"IT(O41,"" ""),2) ), ""dd/mm/yyyy"" ), """")"),"24/06/2026") -> 24/06/2026
A42: 01-WORK IN PROGRESS/BIM/MODELS/DELEGATED DESIGN R24/CIVIL/NWC | B42: CPQ11-CIVL-LOCK-SITE-R24.nwc | F42: V1 | G42: -- | J42: -- | K42: Sharing to | L42: No published markups | M42: No unresolved issues | N42: 187.1 MB | O42: May 18, 2026 5:01 PM | P42: =IFERROR(__xludf.DUMMYFUNCTION("IFERROR( TEXT( DATE( INDEX(SPLIT(O42,"" ""),3), VLOOKUP(INDEX(SPLIT(O42,"" ""),1),{""jan."",1;""Feb"",2;""mar."",3;""Apr"",4;""May"",5;""jun."",6;""jul."",7;""Aug"",8;""sep"",9;""Oct"",10;""nov."",11;""Dec"",12},2,FALSE), INDEX(SPL"&"IT(O42,"" ""),2) ), ""dd/mm/yyyy"" ), """")"),"18/05/2026") -> 18/05/2026
A43: 01-WORK IN PROGRESS/BIM/MODELS/DELEGATED DESIGN R24/CIVIL/NWC | B43: CPQ11-CIVL-PAVM-SITE-R24.nwc | F43: V3 | G43: -- | J43: -- | K43: Sharing to | L43: No published markups | M43: No unresolved issues | N43: 14 MB | O43: 46195.706 | P43: =IFERROR(__xludf.DUMMYFUNCTION("IFERROR( TEXT( DATE( INDEX(SPLIT(O43,"" ""),3), VLOOKUP(INDEX(SPLIT(O43,"" ""),1),{""jan."",1;""Feb"",2;""mar."",3;""Apr"",4;""May"",5;""jun."",6;""jul."",7;""Aug"",8;""sep"",9;""Oct"",10;""nov."",11;""Dec"",12},2,FALSE), INDEX(SPL"&"IT(O43,"" ""),2) ), ""dd/mm/yyyy"" ), """")"),"22/06/2026") -> 22/06/2026
A44: 01-WORK IN PROGRESS/BIM/MODELS/DELEGATED DESIGN R24/MECH | B44: CPQ11-MECH-MECH-DATA-R24.rvt | C44: Revit 2024 | D44: Added manually | F44: V5 | G44: -- | J44: -- | K44: Sharing to | L44: No published markups | M44: No unresolved issues | N44: 220 MB | O44: 46209.692 | P44: =IFERROR(__xludf.DUMMYFUNCTION("IFERROR( TEXT( DATE( INDEX(SPLIT(O44,"" ""),3), VLOOKUP(INDEX(SPLIT(O44,"" ""),1),{""jan."",1;""Feb"",2;""mar."",3;""Apr"",4;""May"",5;""jun."",6;""jul."",7;""Aug"",8;""sep"",9;""Oct"",10;""nov."",11;""Dec"",12},2,FALSE), INDEX(SPL"&"IT(O44,"" ""),2) ), ""dd/mm/yyyy"" ), """")"),"06/07/2026") -> 06/07/2026
A45: 01-WORK IN PROGRESS/BIM/MODELS/DELEGATED DESIGN R24/MECH | B45: CPQ11-MECH-MECH-GUAR-R24.rvt | C45: Revit 2024 | D45: Added manually | F45: V1 | G45: -- | J45: -- | K45: Sharing to | L45: No published markups | M45: No unresolved issues | N45: 123.7 MB | O45: May 19, 2026 2:43 PM | P45: =IFERROR(__xludf.DUMMYFUNCTION("IFERROR( TEXT( DATE( INDEX(SPLIT(O45,"" ""),3), VLOOKUP(INDEX(SPLIT(O45,"" ""),1),{""jan."",1;""Feb"",2;""mar."",3;""Apr"",4;""May"",5;""jun."",6;""jul."",7;""Aug"",8;""sep"",9;""Oct"",10;""nov."",11;""Dec"",12},2,FALSE), INDEX(SPL"&"IT(O45,"" ""),2) ), ""dd/mm/yyyy"" ), """")"),"19/05/2026") -> 19/05/2026
A46: 01-WORK IN PROGRESS/BIM/MODELS/DELEGATED DESIGN R24/MECH | B46: CPQ11-PLMB-METK-UTLS-R24.rvt | C46: Revit 2024 | D46: Added manually | F46: V1 | G46: -- | J46: -- | K46: Sharing to | L46: No published markups | M46: No unresolved issues | N46: 62.2 MB | O46: May 19, 2026 2:43 PM | P46: =IFERROR(__xludf.DUMMYFUNCTION("IFERROR( TEXT( DATE( INDEX(SPLIT(O46,"" ""),3), VLOOKUP(INDEX(SPLIT(O46,"" ""),1),{""jan."",1;""Feb"",2;""mar."",3;""Apr"",4;""May"",5;""jun."",6;""jul."",7;""Aug"",8;""sep"",9;""Oct"",10;""nov."",11;""Dec"",12},2,FALSE), INDEX(SPL"&"IT(O46,"" ""),2) ), ""dd/mm/yyyy"" ), """")"),"19/05/2026") -> 19/05/2026
A47: 01-WORK IN PROGRESS/BIM/MODELS/DELEGATED DESIGN R24/MECH | B47: CPQ11-PLMB-NPWT-DATA-R24.rvt | C47: Revit 2024 | D47: Added manually | F47: V3 | G47: -- | J47: -- | K47: Sharing to | L47: No published markups | M47: No unresolved issues | N47: 177.4 MB | O47: 46204.698 | P47: =IFERROR(__xludf.DUMMYFUNCTION("IFERROR( TEXT( DATE( INDEX(SPLIT(O47,"" ""),3), VLOOKUP(INDEX(SPLIT(O47,"" ""),1),{""jan."",1;""Feb"",2;""mar."",3;""Apr"",4;""May"",5;""jun."",6;""jul."",7;""Aug"",8;""sep"",9;""Oct"",10;""nov."",11;""Dec"",12},2,FALSE), INDEX(SPL"&"IT(O47,"" ""),2) ), ""dd/mm/yyyy"" ), """")"),"01/07/2026") -> 01/07/2026
A48: 01-WORK IN PROGRESS/BIM/MODELS/DELEGATED DESIGN R24/MECH | B48: CPQ11-PLMB-NPWT-SITE-R24.rvt | C48: Revit 2024 | D48: Added manually | F48: V2 | G48: -- | J48: -- | K48: Sharing to | L48: No published markups | M48: No unresolved issues | N48: 127.6 MB | O48: 46188.394 | P48: =IFERROR(__xludf.DUMMYFUNCTION("IFERROR( TEXT( DATE( INDEX(SPLIT(O48,"" ""),3), VLOOKUP(INDEX(SPLIT(O48,"" ""),1),{""jan."",1;""Feb"",2;""mar."",3;""Apr"",4;""May"",5;""jun."",6;""jul."",7;""Aug"",8;""sep"",9;""Oct"",10;""nov."",11;""Dec"",12},2,FALSE), INDEX(SPL"&"IT(O48,"" ""),2) ), ""dd/mm/yyyy"" ), """")"),"15/06/2026") -> 15/06/2026
A49: 01-WORK IN PROGRESS/BIM/MODELS/DELEGATED DESIGN R24/MECH/NWC | B49: CPQ11-MECH-MECH-DATA-R24.nwc | F49: V5 | G49: -- | J49: -- | K49: Sharing to | L49: No published markups | M49: No unresolved issues | N49: 30.1 MB | O49: 46209.672 | P49: =IFERROR(__xludf.DUMMYFUNCTION("IFERROR( TEXT( DATE( INDEX(SPLIT(O49,"" ""),3), VLOOKUP(INDEX(SPLIT(O49,"" ""),1),{""jan."",1;""Feb"",2;""mar."",3;""Apr"",4;""May"",5;""jun."",6;""jul."",7;""Aug"",8;""sep"",9;""Oct"",10;""nov."",11;""Dec"",12},2,FALSE), INDEX(SPL"&"IT(O49,"" ""),2) ), ""dd/mm/yyyy"" ), """")"),"06/07/2026") -> 06/07/2026
A50: 01-WORK IN PROGRESS/BIM/MODELS/DELEGATED DESIGN R24/MECH/NWC | B50: CPQ11-MECH-MECH-GUAR-R24.nwc | F50: V1 | G50: -- | J50: -- | K50: Sharing to | L50: No published markups | M50: No unresolved issues | N50: 863.2 KB | O50: May 15, 2026 1:24 PM | P50: =IFERROR(__xludf.DUMMYFUNCTION("IFERROR( TEXT( DATE( INDEX(SPLIT(O50,"" ""),3), VLOOKUP(INDEX(SPLIT(O50,"" ""),1),{""jan."",1;""Feb"",2;""mar."",3;""Apr"",4;""May"",5;""jun."",6;""jul."",7;""Aug"",8;""sep"",9;""Oct"",10;""nov."",11;""Dec"",12},2,FALSE), INDEX(SPL"&"IT(O50,"" ""),2) ), ""dd/mm/yyyy"" ), """")"),"15/05/2026") -> 15/05/2026
A51: 01-WORK IN PROGRESS/BIM/MODELS/DELEGATED DESIGN R24/MECH/NWC | B51: CPQ11-PLMB-METK-UTLS-R24.nwc | F51: V1 | G51: -- | J51: -- | K51: Sharing to | L51: No published markups | M51: No unresolved issues | N51: 3.1 MB | O51: May 15, 2026 1:24 PM | P51: =IFERROR(__xludf.DUMMYFUNCTION("IFERROR( TEXT( DATE( INDEX(SPLIT(O51,"" ""),3), VLOOKUP(INDEX(SPLIT(O51,"" ""),1),{""jan."",1;""Feb"",2;""mar."",3;""Apr"",4;""May"",5;""jun."",6;""jul."",7;""Aug"",8;""sep"",9;""Oct"",10;""nov."",11;""Dec"",12},2,FALSE), INDEX(SPL"&"IT(O51,"" ""),2) ), ""dd/mm/yyyy"" ), """")"),"15/05/2026") -> 15/05/2026
A52: 01-WORK IN PROGRESS/BIM/MODELS/DELEGATED DESIGN R24/MECH/NWC | B52: CPQ11-PLMB-NPWT-DATA-R24.nwc | F52: V3 | G52: -- | J52: -- | K52: Sharing to | L52: No published markups | M52: No unresolved issues | N52: 12.7 MB | O52: 46204.691 | P52: =IFERROR(__xludf.DUMMYFUNCTION("IFERROR( TEXT( DATE( INDEX(SPLIT(O52,"" ""),3), VLOOKUP(INDEX(SPLIT(O52,"" ""),1),{""jan."",1;""Feb"",2;""mar."",3;""Apr"",4;""May"",5;""jun."",6;""jul."",7;""Aug"",8;""sep"",9;""Oct"",10;""nov."",11;""Dec"",12},2,FALSE), INDEX(SPL"&"IT(O52,"" ""),2) ), ""dd/mm/yyyy"" ), """")"),"01/07/2026") -> 01/07/2026
A53: 01-WORK IN PROGRESS/BIM/MODELS/DELEGATED DESIGN R24/MECH/NWC | B53: CPQ11-PLMB-NPWT-SITE-R24.nwc | F53: V1 | G53: -- | J53: -- | K53: Sharing to | L53: No published markups | M53: No unresolved issues | N53: 5.4 MB | O53: May 15, 2026 1:24 PM | P53: =IFERROR(__xludf.DUMMYFUNCTION("IFERROR( TEXT( DATE( INDEX(SPLIT(O53,"" ""),3), VLOOKUP(INDEX(SPLIT(O53,"" ""),1),{""jan."",1;""Feb"",2;""mar."",3;""Apr"",4;""May"",5;""jun."",6;""jul."",7;""Aug"",8;""sep"",9;""Oct"",10;""nov."",11;""Dec"",12},2,FALSE), INDEX(SPL"&"IT(O53,"" ""),2) ), ""dd/mm/yyyy"" ), """")"),"15/05/2026") -> 15/05/2026
A54: 01-WORK IN PROGRESS/BIM/MODELS/DELEGATED DESIGN R24/MEP | B54: CPQ11-BASM-DEVS-DATA-R24.rvt | C54: Revit 2024 | D54: Added manually | F54: V2 | G54: -- | J54: -- | K54: Sharing to | L54: No published markups | M54: No unresolved issues | N54: 53.4 MB | O54: 46215.962 | P54: =IFERROR(__xludf.DUMMYFUNCTION("IFERROR( TEXT( DATE( INDEX(SPLIT(O54,"" ""),3), VLOOKUP(INDEX(SPLIT(O54,"" ""),1),{""jan."",1;""Feb"",2;""mar."",3;""Apr"",4;""May"",5;""jun."",6;""jul."",7;""Aug"",8;""sep"",9;""Oct"",10;""nov."",11;""Dec"",12},2,FALSE), INDEX(SPL"&"IT(O54,"" ""),2) ), ""dd/mm/yyyy"" ), """")"),"12/07/2026") -> 12/07/2026
A55: 01-WORK IN PROGRESS/BIM/MODELS/DELEGATED DESIGN R24/MEP | B55: CPQ11-BASM-DEVS-PUMP-R24.rvt | C55: Revit 2024 | D55: Added manually | F55: V1 | G55: -- | J55: -- | K55: Sharing to | L55: No published markups | M55: No unresolved issues | N55: 42.4 MB | O55: May 15, 2026 5:44 PM | P55: =IFERROR(__xludf.DUMMYFUNCTION("IFERROR( TEXT( DATE( INDEX(SPLIT(O55,"" ""),3), VLOOKUP(INDEX(SPLIT(O55,"" ""),1),{""jan."",1;""Feb"",2;""mar."",3;""Apr"",4;""May"",5;""jun."",6;""jul."",7;""Aug"",8;""sep"",9;""Oct"",10;""nov."",11;""Dec"",12},2,FALSE), INDEX(SPL"&"IT(O55,"" ""),2) ), ""dd/mm/yyyy"" ), """")"),"15/05/2026") -> 15/05/2026
A56: 01-WORK IN PROGRESS/BIM/MODELS/DELEGATED DESIGN R24/MEP | B56: CPQ11-BASM-INFR-DATA-R24.rvt | C56: Revit 2024 | D56: Added manually | F56: V2 | G56: -- | J56: -- | K56: Sharing to | L56: No published markups | M56: No unresolved issues | N56: 66.1 MB | O56: 46216.531 | P56: =IFERROR(__xludf.DUMMYFUNCTION("IFERROR( TEXT( DATE( INDEX(SPLIT(O56,"" ""),3), VLOOKUP(INDEX(SPLIT(O56,"" ""),1),{""jan."",1;""Feb"",2;""mar."",3;""Apr"",4;""May"",5;""jun."",6;""jul."",7;""Aug"",8;""sep"",9;""Oct"",10;""nov."",11;""Dec"",12},2,FALSE), INDEX(SPL"&"IT(O56,"" ""),2) ), ""dd/mm/yyyy"" ), """")"),"13/07/2026") -> 13/07/2026
A57: 01-WORK IN PROGRESS/BIM/MODELS/DELEGATED DESIGN R24/MEP | B57: CPQ11-BASM-INFR-PUMP-R24.rvt | C57: Revit 2024 | D57: Added manually | F57: V3 | G57: -- | J57: -- | K57: Sharing to | L57: No published markups | M57: No unresolved issues | N57: 34.4 MB | O57: 46206.703 | P57: =IFERROR(__xludf.DUMMYFUNCTION("IFERROR( TEXT( DATE( INDEX(SPLIT(O57,"" ""),3), VLOOKUP(INDEX(SPLIT(O57,"" ""),1),{""jan."",1;""Feb"",2;""mar."",3;""Apr"",4;""May"",5;""jun."",6;""jul."",7;""Aug"",8;""sep"",9;""Oct"",10;""nov."",11;""Dec"",12},2,FALSE), INDEX(SPL"&"IT(O57,"" ""),2) ), ""dd/mm/yyyy"" ), """")"),"03/07/2026") -> 03/07/2026
A58: 01-WORK IN PROGRESS/BIM/MODELS/DELEGATED DESIGN R24/MEP | B58: CPQ11-DALI-DEVS-DATA-R24.rvt | C58: Revit 2024 | D58: Added manually | F58: V2 | G58: -- | J58: -- | K58: Sharing to | L58: No published markups | M58: No unresolved issues | N58: 215.4 MB | O58: 46175.626 | P58: =IFERROR(__xludf.DUMMYFUNCTION("IFERROR( TEXT( DATE( INDEX(SPLIT(O58,"" ""),3), VLOOKUP(INDEX(SPLIT(O58,"" ""),1),{""jan."",1;""Feb"",2;""mar."",3;""Apr"",4;""May"",5;""jun."",6;""jul."",7;""Aug"",8;""sep"",9;""Oct"",10;""nov."",11;""Dec"",12},2,FALSE), INDEX(SPL"&"IT(O58,"" ""),2) ), ""dd/mm/yyyy"" ), """")"),"02/06/2026") -> 02/06/2026
A59: 01-WORK IN PROGRESS/BIM/MODELS/DELEGATED DESIGN R24/MEP | B59: CPQ11-DASM-DEVS-DATA-R24.rvt | C59: Revit 2024 | D59: Added manually | F59: V4 | G59: -- | J59: -- | K59: Sharing to | L59: No published markups | M59: No unresolved issues | N59: 340.4 MB | O59: 46199.734 | P59: =IFERROR(__xludf.DUMMYFUNCTION("IFERROR( TEXT( DATE( INDEX(SPLIT(O59,"" ""),3), VLOOKUP(INDEX(SPLIT(O59,"" ""),1),{""jan."",1;""Feb"",2;""mar."",3;""Apr"",4;""May"",5;""jun."",6;""jul."",7;""Aug"",8;""sep"",9;""Oct"",10;""nov."",11;""Dec"",12},2,FALSE), INDEX(SPL"&"IT(O59,"" ""),2) ), ""dd/mm/yyyy"" ), """")"),"26/06/2026") -> 26/06/2026
A60: 01-WORK IN PROGRESS/BIM/MODELS/DELEGATED DESIGN R24/MEP | B60: CPQ11-ELEC-ELEC-DATA-R24.rvt | C60: Revit 2024 | D60: Added manually | F60: V4 | G60: -- | J60: -- | K60: Sharing to | L60: No published markups | M60: No unresolved issues | N60: 302 MB | O60: 46209.87 | P60: =IFERROR(__xludf.DUMMYFUNCTION("IFERROR( TEXT( DATE( INDEX(SPLIT(O60,"" ""),3), VLOOKUP(INDEX(SPLIT(O60,"" ""),1),{""jan."",1;""Feb"",2;""mar."",3;""Apr"",4;""May"",5;""jun."",6;""jul."",7;""Aug"",8;""sep"",9;""Oct"",10;""nov."",11;""Dec"",12},2,FALSE), INDEX(SPL"&"IT(O60,"" ""),2) ), ""dd/mm/yyyy"" ), """")"),"06/07/2026") -> 06/07/2026
A61: 01-WORK IN PROGRESS/BIM/MODELS/DELEGATED DESIGN R24/MEP | B61: CPQ11-ELEC-ELEC-SITE-R24.rvt | C61: Revit 2024 | D61: Added manually | F61: V1 | G61: -- | J61: -- | K61: Sharing to | L61: No published markups | M61: No unresolved issues | N61: 45.4 MB | O61: May 19, 2026 3:56 PM | P61: =IFERROR(__xludf.DUMMYFUNCTION("IFERROR( TEXT( DATE( INDEX(SPLIT(O61,"" ""),3), VLOOKUP(INDEX(SPLIT(O61,"" ""),1),{""jan."",1;""Feb"",2;""mar."",3;""Apr"",4;""May"",5;""jun."",6;""jul."",7;""Aug"",8;""sep"",9;""Oct"",10;""nov."",11;""Dec"",12},2,FALSE), INDEX(SPL"&"IT(O61,"" ""),2) ), ""dd/mm/yyyy"" ), """")"),"19/05/2026") -> 19/05/2026
A62: 01-WORK IN PROGRESS/BIM/MODELS/DELEGATED DESIGN R24/MEP | B62: CPQ11-ELEC-SPDA-DATA-R24.rvt | C62: Revit 2024 | D62: Added manually | F62: V5 | G62: -- | J62: -- | K62: Sharing to | L62: No published markups | M62: No unresolved issues | N62: 118.1 MB | O62: 46216.704 | P62: =IFERROR(__xludf.DUMMYFUNCTION("IFERROR( TEXT( DATE( INDEX(SPLIT(O62,"" ""),3), VLOOKUP(INDEX(SPLIT(O62,"" ""),1),{""jan."",1;""Feb"",2;""mar."",3;""Apr"",4;""May"",5;""jun."",6;""jul."",7;""Aug"",8;""sep"",9;""Oct"",10;""nov."",11;""Dec"",12},2,FALSE), INDEX(SPL"&"IT(O62,"" ""),2) ), ""dd/mm/yyyy"" ), """")"),"13/07/2026") -> 13/07/2026
A63: 01-WORK IN PROGRESS/BIM/MODELS/DELEGATED DESIGN R24/MEP | B63: CPQ11-ELEC-SPDA-SITE-R24.rvt | C63: Revit 2024 | D63: Added manually | F63: V2 | G63: -- | J63: -- | K63: Sharing to | L63: No published markups | M63: No unresolved issues | N63: 70.9 MB | O63: 46206.585 | P63: =IFERROR(__xludf.DUMMYFUNCTION("IFERROR( TEXT( DATE( INDEX(SPLIT(O63,"" ""),3), VLOOKUP(INDEX(SPLIT(O63,"" ""),1),{""jan."",1;""Feb"",2;""mar."",3;""Apr"",4;""May"",5;""jun."",6;""jul."",7;""Aug"",8;""sep"",9;""Oct"",10;""nov."",11;""Dec"",12},2,FALSE), INDEX(SPL"&"IT(O63,"" ""),2) ), ""dd/mm/yyyy"" ), """")"),"03/07/2026") -> 03/07/2026
A64: 01-WORK IN PROGRESS/BIM/MODELS/DELEGATED DESIGN R24/MEP | B64: CPQ11-EPMS-DEVS-DATA-R24.rvt | C64: Revit 2024 | D64: Added manually | F64: V3 | G64: -- | J64: -- | K64: Sharing to | L64: No published markups | M64: No unresolved issues | N64: 27.3 MB | O64: 46215.619 | P64: =IFERROR(__xludf.DUMMYFUNCTION("IFERROR( TEXT( DATE( INDEX(SPLIT(O64,"" ""),3), VLOOKUP(INDEX(SPLIT(O64,"" ""),1),{""jan."",1;""Feb"",2;""mar."",3;""Apr"",4;""May"",5;""jun."",6;""jul."",7;""Aug"",8;""sep"",9;""Oct"",10;""nov."",11;""Dec"",12},2,FALSE), INDEX(SPL"&"IT(O64,"" ""),2) ), ""dd/mm/yyyy"" ), """")"),"12/07/2026") -> 12/07/2026
A65: 01-WORK IN PROGRESS/BIM/MODELS/DELEGATED DESIGN R24/MEP | B65: CPQ11-EPMS-DEVS-SITE-R24.rvt | C65: Revit 2024 | D65: Added manually | F65: V1 | G65: -- | J65: -- | K65: Sharing to | L65: No published markups | M65: No unresolved issues | N65: 15.5 MB | O65: May 15, 2026 5:45 PM | P65: =IFERROR(__xludf.DUMMYFUNCTION("IFERROR( TEXT( DATE( INDEX(SPLIT(O65,"" ""),3), VLOOKUP(INDEX(SPLIT(O65,"" ""),1),{""jan."",1;""Feb"",2;""mar."",3;""Apr"",4;""May"",5;""jun."",6;""jul."",7;""Aug"",8;""sep"",9;""Oct"",10;""nov."",11;""Dec"",12},2,FALSE), INDEX(SPL"&"IT(O65,"" ""),2) ), ""dd/mm/yyyy"" ), """")"),"15/05/2026") -> 15/05/2026
A66: 01-WORK IN PROGRESS/BIM/MODELS/DELEGATED DESIGN R24/MEP | B66: CPQ11-FALM-FALM-DATA-R24.rvt | C66: Revit 2024 | D66: Added manually | F66: V2 | G66: -- | J66: -- | K66: Sharing to | L66: No published markups | M66: No unresolved issues | N66: 71.8 MB | O66: 46209.573 | P66: =IFERROR(__xludf.DUMMYFUNCTION("IFERROR( TEXT( DATE( INDEX(SPLIT(O66,"" ""),3), VLOOKUP(INDEX(SPLIT(O66,"" ""),1),{""jan."",1;""Feb"",2;""mar."",3;""Apr"",4;""May"",5;""jun."",6;""jul."",7;""Aug"",8;""sep"",9;""Oct"",10;""nov."",11;""Dec"",12},2,FALSE), INDEX(SPL"&"IT(O66,"" ""),2) ), ""dd/mm/yyyy"" ), """")"),"06/07/2026") -> 06/07/2026
A67: 01-WORK IN PROGRESS/BIM/MODELS/DELEGATED DESIGN R24/MEP | B67: CPQ11-FALM-FALM-SITE-R24.rvt | C67: Revit 2024 | D67: Added manually | F67: V3 | G67: -- | J67: -- | K67: Sharing to | L67: No published markups | M67: No unresolved issues | N67: 17.5 MB | O67: 46213.474 | P67: =IFERROR(__xludf.DUMMYFUNCTION("IFERROR( TEXT( DATE( INDEX(SPLIT(O67,"" ""),3), VLOOKUP(INDEX(SPLIT(O67,"" ""),1),{""jan."",1;""Feb"",2;""mar."",3;""Apr"",4;""May"",5;""jun."",6;""jul."",7;""Aug"",8;""sep"",9;""Oct"",10;""nov."",11;""Dec"",12},2,FALSE), INDEX(SPL"&"IT(O67,"" ""),2) ), ""dd/mm/yyyy"" ), """")"),"10/07/2026") -> 10/07/2026
A68: 01-WORK IN PROGRESS/BIM/MODELS/DELEGATED DESIGN R24/MEP | B68: CPQ11-FPRT-FPRT-DATA-R24.rvt | C68: Revit 2024 | D68: Added manually | F68: V4 | G68: -- | J68: -- | K68: Sharing to | L68: No published markups | M68: No unresolved issues | N68: 140.8 MB | O68: 46198.837 | P68: =IFERROR(__xludf.DUMMYFUNCTION("IFERROR( TEXT( DATE( INDEX(SPLIT(O68,"" ""),3), VLOOKUP(INDEX(SPLIT(O68,"" ""),1),{""jan."",1;""Feb"",2;""mar."",3;""Apr"",4;""May"",5;""jun."",6;""jul."",7;""Aug"",8;""sep"",9;""Oct"",10;""nov."",11;""Dec"",12},2,FALSE), INDEX(SPL"&"IT(O68,"" ""),2) ), ""dd/mm/yyyy"" ), """")"),"25/06/2026") -> 25/06/2026
A69: 01-WORK IN PROGRESS/BIM/MODELS/DELEGATED DESIGN R24/MEP | B69: CPQ11-FPRT-FPRT-SITE-R24.rvt | C69: Revit 2024 | D69: Added manually | F69: V4 | G69: -- | J69: -- | K69: Sharing to | L69: No published markups | M69: No unresolved issues | N69: 92.9 MB | O69: 46216.669 | P69: =IFERROR(__xludf.DUMMYFUNCTION("IFERROR( TEXT( DATE( INDEX(SPLIT(O69,"" ""),3), VLOOKUP(INDEX(SPLIT(O69,"" ""),1),{""jan."",1;""Feb"",2;""mar."",3;""Apr"",4;""May"",5;""jun."",6;""jul."",7;""Aug"",8;""sep"",9;""Oct"",10;""nov."",11;""Dec"",12},2,FALSE), INDEX(SPL"&"IT(O69,"" ""),2) ), ""dd/mm/yyyy"" ), """")"),"13/07/2026") -> 13/07/2026
A70: 01-WORK IN PROGRESS/BIM/MODELS/DELEGATED DESIGN R24/MEP | B70: CPQ11-FPRT-METK-UTLS-R24.rvt | C70: Revit 2024 | D70: Added manually | F70: V5 | G70: -- | J70: -- | K70: Sharing to | L70: No published markups | M70: No unresolved issues | N70: 10.4 MB | O70: 46211.576 | P70: =IFERROR(__xludf.DUMMYFUNCTION("IFERROR( TEXT( DATE( INDEX(SPLIT(O70,"" ""),3), VLOOKUP(INDEX(SPLIT(O70,"" ""),1),{""jan."",1;""Feb"",2;""mar."",3;""Apr"",4;""May"",5;""jun."",6;""jul."",7;""Aug"",8;""sep"",9;""Oct"",10;""nov."",11;""Dec"",12},2,FALSE), INDEX(SPL"&"IT(O70,"" ""),2) ), ""dd/mm/yyyy"" ), """")"),"08/07/2026") -> 08/07/2026
A71: 01-WORK IN PROGRESS/BIM/MODELS/DELEGATED DESIGN R24/MEP | B71: CPQ11-PLMB-DIES-SITE-R24.rvt | C71: Revit 2024 | D71: Added manually | F71: V4 | G71: -- | J71: -- | K71: Sharing to | L71: No published markups | M71: No unresolved issues | N71: 11.8 MB | O71: 46216.926 | P71: =IFERROR(__xludf.DUMMYFUNCTION("IFERROR( TEXT( DATE( INDEX(SPLIT(O71,"" ""),3), VLOOKUP(INDEX(SPLIT(O71,"" ""),1),{""jan."",1;""Feb"",2;""mar."",3;""Apr"",4;""May"",5;""jun."",6;""jul."",7;""Aug"",8;""sep"",9;""Oct"",10;""nov."",11;""Dec"",12},2,FALSE), INDEX(SPL"&"IT(O71,"" ""),2) ), ""dd/mm/yyyy"" ), """")"),"13/07/2026") -> 13/07/2026
A72: 01-WORK IN PROGRESS/BIM/MODELS/DELEGATED DESIGN R24/MEP | B72: CPQ11-PLMB-PLMB-DATA-R24.rvt | C72: Revit 2024 | D72: Added manually | F72: V2 | G72: -- | J72: -- | K72: Sharing to | L72: No published markups | M72: No unresolved issues | N72: 138.1 MB | O72: 46216.533 | P72: =IFERROR(__xludf.DUMMYFUNCTION("IFERROR( TEXT( DATE( INDEX(SPLIT(O72,"" ""),3), VLOOKUP(INDEX(SPLIT(O72,"" ""),1),{""jan."",1;""Feb"",2;""mar."",3;""Apr"",4;""May"",5;""jun."",6;""jul."",7;""Aug"",8;""sep"",9;""Oct"",10;""nov."",11;""Dec"",12},2,FALSE), INDEX(SPL"&"IT(O72,"" ""),2) ), ""dd/mm/yyyy"" ), """")"),"13/07/2026") -> 13/07/2026
A73: 01-WORK IN PROGRESS/BIM/MODELS/DELEGATED DESIGN R24/MEP | B73: CPQ11-PLMB-PLMB-SITE-R24.rvt | C73: Revit 2024 | D73: Added manually | F73: V2 | G73: -- | J73: -- | K73: Sharing to | L73: No published markups | M73: No unresolved issues | N73: 68.6 MB | O73: 46196.483 | P73: =IFERROR(__xludf.DUMMYFUNCTION("IFERROR( TEXT( DATE( INDEX(SPLIT(O73,"" ""),3), VLOOKUP(INDEX(SPLIT(O73,"" ""),1),{""jan."",1;""Feb"",2;""mar."",3;""Apr"",4;""May"",5;""jun."",6;""jul."",7;""Aug"",8;""sep"",9;""Oct"",10;""nov."",11;""Dec"",12},2,FALSE), INDEX(SPL"&"IT(O73,"" ""),2) ), ""dd/mm/yyyy"" ), """")"),"23/06/2026") -> 23/06/2026
A74: 01-WORK IN PROGRESS/BIM/MODELS/DELEGATED DESIGN R24/MEP | B74: CPQ11-ROIP-DEVS-DATA-R24.rvt | C74: Revit 2024 | D74: Added manually | F74: V2 | G74: -- | J74: -- | K74: Sharing to | L74: No published markups | M74: No unresolved issues | N74: 698.8 MB | O74: 46176.787 | P74: =IFERROR(__xludf.DUMMYFUNCTION("IFERROR( TEXT( DATE( INDEX(SPLIT(O74,"" ""),3), VLOOKUP(INDEX(SPLIT(O74,"" ""),1),{""jan."",1;""Feb"",2;""mar."",3;""Apr"",4;""May"",5;""jun."",6;""jul."",7;""Aug"",8;""sep"",9;""Oct"",10;""nov."",11;""Dec"",12},2,FALSE), INDEX(SPL"&"IT(O74,"" ""),2) ), ""dd/mm/yyyy"" ), """")"),"03/06/2026") -> 03/06/2026
A75: 01-WORK IN PROGRESS/BIM/MODELS/DELEGATED DESIGN R24/MEP | B75: CPQ11-ROIP-DEVS-GUAR-R24.rvt | C75: Revit 2024 | D75: Added manually | F75: V2 | G75: -- | J75: -- | K75: Sharing to | L75: No published markups | M75: No unresolved issues | N75: 39.5 MB | O75: 46174.668 | P75: =IFERROR(__xludf.DUMMYFUNCTION("IFERROR( TEXT( DATE( INDEX(SPLIT(O75,"" ""),3), VLOOKUP(INDEX(SPLIT(O75,"" ""),1),{""jan."",1;""Feb"",2;""mar."",3;""Apr"",4;""May"",5;""jun."",6;""jul."",7;""Aug"",8;""sep"",9;""Oct"",10;""nov."",11;""Dec"",12},2,FALSE), INDEX(SPL"&"IT(O75,"" ""),2) ), ""dd/mm/yyyy"" ), """")"),"01/06/2026") -> 01/06/2026
A76: 01-WORK IN PROGRESS/BIM/MODELS/DELEGATED DESIGN R24/MEP | B76: CPQ11-SCTY-DEVS-DATA-R24.rvt | C76: Revit 2024 | D76: Added manually | F76: V3 | G76: -- | J76: -- | K76: Sharing to | L76: No published markups | M76: No unresolved issues | N76: 232.5 MB | O76: 46216.656 | P76: =IFERROR(__xludf.DUMMYFUNCTION("IFERROR( TEXT( DATE( INDEX(SPLIT(O76,"" ""),3), VLOOKUP(INDEX(SPLIT(O76,"" ""),1),{""jan."",1;""Feb"",2;""mar."",3;""Apr"",4;""May"",5;""jun."",6;""jul."",7;""Aug"",8;""sep"",9;""Oct"",10;""nov."",11;""Dec"",12},2,FALSE), INDEX(SPL"&"IT(O76,"" ""),2) ), ""dd/mm/yyyy"" ), """")"),"13/07/2026") -> 13/07/2026
A77: 01-WORK IN PROGRESS/BIM/MODELS/DELEGATED DESIGN R24/MEP | B77: CPQ11-SCTY-DEVS-SITE-R24.rvt | C77: Revit 2024 | D77: Added manually | F77: V1 | G77: -- | J77: -- | K77: Sharing to | L77: No published markups | M77: No unresolved issues | N77: 234.5 MB | O77: May 20, 2026 9:33 AM | P77: =IFERROR(__xludf.DUMMYFUNCTION("IFERROR( TEXT( DATE( INDEX(SPLIT(O77,"" ""),3), VLOOKUP(INDEX(SPLIT(O77,"" ""),1),{""jan."",1;""Feb"",2;""mar."",3;""Apr"",4;""May"",5;""jun."",6;""jul."",7;""Aug"",8;""sep"",9;""Oct"",10;""nov."",11;""Dec"",12},2,FALSE), INDEX(SPL"&"IT(O77,"" ""),2) ), ""dd/mm/yyyy"" ), """")"),"20/05/2026") -> 20/05/2026
A78: 01-WORK IN PROGRESS/BIM/MODELS/DELEGATED DESIGN R24/MEP | B78: CPQ11-SCTY-GATE-SITE-R24.ifc | F78: V1 | G78: -- | J78: -- | K78: Sharing to | L78: No published markups | M78: No unresolved issues | N78: 48 MB | O78: May 19, 2026 2:19 PM | P78: =IFERROR(__xludf.DUMMYFUNCTION("IFERROR( TEXT( DATE( INDEX(SPLIT(O78,"" ""),3), VLOOKUP(INDEX(SPLIT(O78,"" ""),1),{""jan."",1;""Feb"",2;""mar."",3;""Apr"",4;""May"",5;""jun."",6;""jul."",7;""Aug"",8;""sep"",9;""Oct"",10;""nov."",11;""Dec"",12},2,FALSE), INDEX(SPL"&"IT(O78,"" ""),2) ), ""dd/mm/yyyy"" ), """")"),"19/05/2026") -> 19/05/2026
A79: 01-WORK IN PROGRESS/BIM/MODELS/DELEGATED DESIGN R24/MEP | B79: CPQ11-SCTY-GATE-SITE-R24.rvt | C79: Revit 2024 | D79: Added manually | F79: V5 | G79: -- | J79: -- | K79: Sharing to | L79: No published markups | M79: No unresolved issues | N79: 94.6 MB | O79: 46211.7 | P79: =IFERROR(__xludf.DUMMYFUNCTION("IFERROR( TEXT( DATE( INDEX(SPLIT(O79,"" ""),3), VLOOKUP(INDEX(SPLIT(O79,"" ""),1),{""jan."",1;""Feb"",2;""mar."",3;""Apr"",4;""May"",5;""jun."",6;""jul."",7;""Aug"",8;""sep"",9;""Oct"",10;""nov."",11;""Dec"",12},2,FALSE), INDEX(SPL"&"IT(O79,"" ""),2) ), ""dd/mm/yyyy"" ), """")"),"08/07/2026") -> 08/07/2026
A80: 01-WORK IN PROGRESS/BIM/MODELS/DELEGATED DESIGN R24/MEP | B80: CPQ11-SCTY-INFR-DATA-R24.rvt | C80: Revit 2024 | D80: Added manually | F80: V5 | G80: -- | J80: -- | K80: Sharing to | L80: No published markups | M80: No unresolved issues | N80: 35.1 MB | O80: 46213.665 | P80: =IFERROR(__xludf.DUMMYFUNCTION("IFERROR( TEXT( DATE( INDEX(SPLIT(O80,"" ""),3), VLOOKUP(INDEX(SPLIT(O80,"" ""),1),{""jan."",1;""Feb"",2;""mar."",3;""Apr"",4;""May"",5;""jun."",6;""jul."",7;""Aug"",8;""sep"",9;""Oct"",10;""nov."",11;""Dec"",12},2,FALSE), INDEX(SPL"&"IT(O80,"" ""),2) ), ""dd/mm/yyyy"" ), """")"),"10/07/2026") -> 10/07/2026
A81: 01-WORK IN PROGRESS/BIM/MODELS/DELEGATED DESIGN R24/MEP | B81: CPQ11-SCTY-INFR-SITE-R24.rvt | C81: Revit 2024 | D81: Added manually | F81: V3 | G81: -- | J81: -- | K81: Sharing to | L81: No published markups | M81: No unresolved issues | N81: 33.5 MB | O81: 46206.67 | P81: =IFERROR(__xludf.DUMMYFUNCTION("IFERROR( TEXT( DATE( INDEX(SPLIT(O81,"" ""),3), VLOOKUP(INDEX(SPLIT(O81,"" ""),1),{""jan."",1;""Feb"",2;""mar."",3;""Apr"",4;""May"",5;""jun."",6;""jul."",7;""Aug"",8;""sep"",9;""Oct"",10;""nov."",11;""Dec"",12},2,FALSE), INDEX(SPL"&"IT(O81,"" ""),2) ), ""dd/mm/yyyy"" ), """")"),"03/07/2026") -> 03/07/2026
A82: 01-WORK IN PROGRESS/BIM/MODELS/DELEGATED DESIGN R24/MEP | B82: CPQ11-SYST-INFR-DATA-R24.rvt | C82: Revit 2024 | D82: Added manually | F82: V3 | G82: -- | J82: -- | K82: Sharing to | L82: No published markups | M82: No unresolved issues | N82: 121.7 MB | O82: 46216.533 | P82: =IFERROR(__xludf.DUMMYFUNCTION("IFERROR( TEXT( DATE( INDEX(SPLIT(O82,"" ""),3), VLOOKUP(INDEX(SPLIT(O82,"" ""),1),{""jan."",1;""Feb"",2;""mar."",3;""Apr"",4;""May"",5;""jun."",6;""jul."",7;""Aug"",8;""sep"",9;""Oct"",10;""nov."",11;""Dec"",12},2,FALSE), INDEX(SPL"&"IT(O82,"" ""),2) ), ""dd/mm/yyyy"" ), """")"),"13/07/2026") -> 13/07/2026
A83: 01-WORK IN PROGRESS/BIM/MODELS/DELEGATED DESIGN R24/MEP | B83: CPQ11-SYST-INFR-SITE-R24.rvt | C83: Revit 2024 | D83: Added manually | F83: V4 | G83: -- | J83: -- | K83: Sharing to | L83: No published markups | M83: No unresolved issues | N83: 79.4 MB | O83: 46217.358 | P83: =IFERROR(__xludf.DUMMYFUNCTION("IFERROR( TEXT( DATE( INDEX(SPLIT(O83,"" ""),3), VLOOKUP(INDEX(SPLIT(O83,"" ""),1),{""jan."",1;""Feb"",2;""mar."",3;""Apr"",4;""May"",5;""jun."",6;""jul."",7;""Aug"",8;""sep"",9;""Oct"",10;""nov."",11;""Dec"",12},2,FALSE), INDEX(SPL"&"IT(O83,"" ""),2) ), ""dd/mm/yyyy"" ), """")"),"14/07/2026") -> 14/07/2026
A84: 01-WORK IN PROGRESS/BIM/MODELS/DELEGATED DESIGN R24/MEP | B84: CPQ11-TCOM-DEVS-DATA-R24.rvt | C84: Revit 2024 | D84: Added manually | F84: V3 | G84: -- | J84: -- | K84: Sharing to | L84: No published markups | M84: No unresolved issues | N84: 121.8 MB | O84: 46202.901 | P84: =IFERROR(__xludf.DUMMYFUNCTION("IFERROR( TEXT( DATE( INDEX(SPLIT(O84,"" ""),3), VLOOKUP(INDEX(SPLIT(O84,"" ""),1),{""jan."",1;""Feb"",2;""mar."",3;""Apr"",4;""May"",5;""jun."",6;""jul."",7;""Aug"",8;""sep"",9;""Oct"",10;""nov."",11;""Dec"",12},2,FALSE), INDEX(SPL"&"IT(O84,"" ""),2) ), ""dd/mm/yyyy"" ), """")"),"29/06/2026") -> 29/06/2026
A85: 01-WORK IN PROGRESS/BIM/MODELS/DELEGATED DESIGN R24/MEP | B85: CPQ11-TCOM-DEVS-SITE-R24.rvt | C85: Revit 2024 | D85: Added manually | F85: V2 | G85: -- | J85: -- | K85: Sharing to | L85: No published markups | M85: No unresolved issues | N85: 40.3 MB | O85: 46210.713 | P85: =IFERROR(__xludf.DUMMYFUNCTION("IFERROR( TEXT( DATE( INDEX(SPLIT(O85,"" ""),3), VLOOKUP(INDEX(SPLIT(O85,"" ""),1),{""jan."",1;""Feb"",2;""mar."",3;""Apr"",4;""May"",5;""jun."",6;""jul."",7;""Aug"",8;""sep"",9;""Oct"",10;""nov."",11;""Dec"",12},2,FALSE), INDEX(SPL"&"IT(O85,"" ""),2) ), ""dd/mm/yyyy"" ), """")"),"07/07/2026") -> 07/07/2026
A86: 01-WORK IN PROGRESS/BIM/MODELS/DELEGATED DESIGN R24/MEP/NWC | B86: CPQ11-BASM-DEVS-DATA-R24.nwc | F86: V2 | G86: -- | J86: -- | K86: Sharing to | L86: No published markups | M86: No unresolved issues | N86: 1.6 MB | O86: 46215.961 | P86: =IFERROR(__xludf.DUMMYFUNCTION("IFERROR( TEXT( DATE( INDEX(SPLIT(O86,"" ""),3), VLOOKUP(INDEX(SPLIT(O86,"" ""),1),{""jan."",1;""Feb"",2;""mar."",3;""Apr"",4;""May"",5;""jun."",6;""jul."",7;""Aug"",8;""sep"",9;""Oct"",10;""nov."",11;""Dec"",12},2,FALSE), INDEX(SPL"&"IT(O86,"" ""),2) ), ""dd/mm/yyyy"" ), """")"),"12/07/2026") -> 12/07/2026
A87: 01-WORK IN PROGRESS/BIM/MODELS/DELEGATED DESIGN R24/MEP/NWC | B87: CPQ11-BASM-DEVS-PUMP-R24.nwc | F87: V1 | G87: -- | J87: -- | K87: Sharing to | L87: No published markups | M87: No unresolved issues | N87: 830 KB | O87: May 15, 2026 5:44 PM | P87: =IFERROR(__xludf.DUMMYFUNCTION("IFERROR( TEXT( DATE( INDEX(SPLIT(O87,"" ""),3), VLOOKUP(INDEX(SPLIT(O87,"" ""),1),{""jan."",1;""Feb"",2;""mar."",3;""Apr"",4;""May"",5;""jun."",6;""jul."",7;""Aug"",8;""sep"",9;""Oct"",10;""nov."",11;""Dec"",12},2,FALSE), INDEX(SPL"&"IT(O87,"" ""),2) ), ""dd/mm/yyyy"" ), """")"),"15/05/2026") -> 15/05/2026
A88: 01-WORK IN PROGRESS/BIM/MODELS/DELEGATED DESIGN R24/MEP/NWC | B88: CPQ11-BASM-INFR-DATA-R24.nwc | F88: V2 | G88: -- | J88: -- | K88: Sharing to | L88: No published markups | M88: No unresolved issues | N88: 40.9 MB | O88: 46216.529 | P88: =IFERROR(__xludf.DUMMYFUNCTION("IFERROR( TEXT( DATE( INDEX(SPLIT(O88,"" ""),3), VLOOKUP(INDEX(SPLIT(O88,"" ""),1),{""jan."",1;""Feb"",2;""mar."",3;""Apr"",4;""May"",5;""jun."",6;""jul."",7;""Aug"",8;""sep"",9;""Oct"",10;""nov."",11;""Dec"",12},2,FALSE), INDEX(SPL"&"IT(O88,"" ""),2) ), ""dd/mm/yyyy"" ), """")"),"13/07/2026") -> 13/07/2026
A89: 01-WORK IN PROGRESS/BIM/MODELS/DELEGATED DESIGN R24/MEP/NWC | B89: CPQ11-BASM-INFR-PUMP-R24.nwc | F89: V3 | G89: -- | J89: -- | K89: Sharing to | L89: No published markups | M89: No unresolved issues | N89: 1.3 MB | O89: 46206.701 | P89: =IFERROR(__xludf.DUMMYFUNCTION("IFERROR( TEXT( DATE( INDEX(SPLIT(O89,"" ""),3), VLOOKUP(INDEX(SPLIT(O89,"" ""),1),{""jan."",1;""Feb"",2;""mar."",3;""Apr"",4;""May"",5;""jun."",6;""jul."",7;""Aug"",8;""sep"",9;""Oct"",10;""nov."",11;""Dec"",12},2,FALSE), INDEX(SPL"&"IT(O89,"" ""),2) ), ""dd/mm/yyyy"" ), """")"),"03/07/2026") -> 03/07/2026
A90: 01-WORK IN PROGRESS/BIM/MODELS/DELEGATED DESIGN R24/MEP/NWC | B90: CPQ11-DALI-DEVS-DATA-R24.nwc | F90: V2 | G90: -- | J90: -- | K90: Sharing to | L90: No published markups | M90: No unresolved issues | N90: 2.2 MB | O90: 46175.619 | P90: =IFERROR(__xludf.DUMMYFUNCTION("IFERROR( TEXT( DATE( INDEX(SPLIT(O90,"" ""),3), VLOOKUP(INDEX(SPLIT(O90,"" ""),1),{""jan."",1;""Feb"",2;""mar."",3;""Apr"",4;""May"",5;""jun."",6;""jul."",7;""Aug"",8;""sep"",9;""Oct"",10;""nov."",11;""Dec"",12},2,FALSE), INDEX(SPL"&"IT(O90,"" ""),2) ), ""dd/mm/yyyy"" ), """")"),"02/06/2026") -> 02/06/2026
A91: 01-WORK IN PROGRESS/BIM/MODELS/DELEGATED DESIGN R24/MEP/NWC | B91: CPQ11-DASM-DEVS-DATA-R24.nwc | F91: V4 | G91: -- | J91: -- | K91: Sharing to | L91: No published markups | M91: No unresolved issues | N91: 33.1 MB | O91: 46199.732 | P91: =IFERROR(__xludf.DUMMYFUNCTION("IFERROR( TEXT( DATE( INDEX(SPLIT(O91,"" ""),3), VLOOKUP(INDEX(SPLIT(O91,"" ""),1),{""jan."",1;""Feb"",2;""mar."",3;""Apr"",4;""May"",5;""jun."",6;""jul."",7;""Aug"",8;""sep"",9;""Oct"",10;""nov."",11;""Dec"",12},2,FALSE), INDEX(SPL"&"IT(O91,"" ""),2) ), ""dd/mm/yyyy"" ), """")"),"26/06/2026") -> 26/06/2026
A92: 01-WORK IN PROGRESS/BIM/MODELS/DELEGATED DESIGN R24/MEP/NWC | B92: CPQ11-ELEC-ELEC-DATA-R24.nwc | F92: V5 | G92: -- | J92: -- | K92: Sharing to | L92: No published markups | M92: No unresolved issues | N92: 199.5 MB | O92: 46209.825 | P92: =IFERROR(__xludf.DUMMYFUNCTION("IFERROR( TEXT( DATE( INDEX(SPLIT(O92,"" ""),3), VLOOKUP(INDEX(SPLIT(O92,"" ""),1),{""jan."",1;""Feb"",2;""mar."",3;""Apr"",4;""May"",5;""jun."",6;""jul."",7;""Aug"",8;""sep"",9;""Oct"",10;""nov."",11;""Dec"",12},2,FALSE), INDEX(SPL"&"IT(O92,"" ""),2) ), ""dd/mm/yyyy"" ), """")"),"06/07/2026") -> 06/07/2026
A93: 01-WORK IN PROGRESS/BIM/MODELS/DELEGATED DESIGN R24/MEP/NWC | B93: CPQ11-ELEC-ELEC-SITE-R24.nwc | F93: V1 | G93: -- | J93: -- | K93: Sharing to | L93: No published markups | M93: No unresolved issues | N93: 162.7 MB | O93: May 18, 2026 8:11 AM | P93: =IFERROR(__xludf.DUMMYFUNCTION("IFERROR( TEXT( DATE( INDEX(SPLIT(O93,"" ""),3), VLOOKUP(INDEX(SPLIT(O93,"" ""),1),{""jan."",1;""Feb"",2;""mar."",3;""Apr"",4;""May"",5;""jun."",6;""jul."",7;""Aug"",8;""sep"",9;""Oct"",10;""nov."",11;""Dec"",12},2,FALSE), INDEX(SPL"&"IT(O93,"" ""),2) ), ""dd/mm/yyyy"" ), """")"),"18/05/2026") -> 18/05/2026
A94: 01-WORK IN PROGRESS/BIM/MODELS/DELEGATED DESIGN R24/MEP/NWC | B94: CPQ11-ELEC-SPDA-DATA-R24.nwc | F94: V5 | G94: -- | J94: -- | K94: Sharing to | L94: No published markups | M94: No unresolved issues | N94: 55 MB | O94: 46216.699 | P94: =IFERROR(__xludf.DUMMYFUNCTION("IFERROR( TEXT( DATE( INDEX(SPLIT(O94,"" ""),3), VLOOKUP(INDEX(SPLIT(O94,"" ""),1),{""jan."",1;""Feb"",2;""mar."",3;""Apr"",4;""May"",5;""jun."",6;""jul."",7;""Aug"",8;""sep"",9;""Oct"",10;""nov."",11;""Dec"",12},2,FALSE), INDEX(SPL"&"IT(O94,"" ""),2) ), ""dd/mm/yyyy"" ), """")"),"13/07/2026") -> 13/07/2026
A95: 01-WORK IN PROGRESS/BIM/MODELS/DELEGATED DESIGN R24/MEP/NWC | B95: CPQ11-ELEC-SPDA-SITE-R24.nwc | F95: V2 | G95: -- | J95: -- | K95: Sharing to | L95: No published markups | M95: No unresolved issues | N95: 1.6 MB | O95: 46206.584 | P95: =IFERROR(__xludf.DUMMYFUNCTION("IFERROR( TEXT( DATE( INDEX(SPLIT(O95,"" ""),3), VLOOKUP(INDEX(SPLIT(O95,"" ""),1),{""jan."",1;""Feb"",2;""mar."",3;""Apr"",4;""May"",5;""jun."",6;""jul."",7;""Aug"",8;""sep"",9;""Oct"",10;""nov."",11;""Dec"",12},2,FALSE), INDEX(SPL"&"IT(O95,"" ""),2) ), ""dd/mm/yyyy"" ), """")"),"03/07/2026") -> 03/07/2026
A96: 01-WORK IN PROGRESS/BIM/MODELS/DELEGATED DESIGN R24/MEP/NWC | B96: CPQ11-EPMS-DEVS-DATA-R24.nwc | F96: V3 | G96: -- | J96: -- | K96: Sharing to | L96: No published markups | M96: No unresolved issues | N96: 57.2 KB | O96: 46215.619 | P96: =IFERROR(__xludf.DUMMYFUNCTION("IFERROR( TEXT( DATE( INDEX(SPLIT(O96,"" ""),3), VLOOKUP(INDEX(SPLIT(O96,"" ""),1),{""jan."",1;""Feb"",2;""mar."",3;""Apr"",4;""May"",5;""jun."",6;""jul."",7;""Aug"",8;""sep"",9;""Oct"",10;""nov."",11;""Dec"",12},2,FALSE), INDEX(SPL"&"IT(O96,"" ""),2) ), ""dd/mm/yyyy"" ), """")"),"12/07/2026") -> 12/07/2026
A97: 01-WORK IN PROGRESS/BIM/MODELS/DELEGATED DESIGN R24/MEP/NWC | B97: CPQ11-EPMS-DEVS-SITE-R24.nwc | F97: V1 | G97: -- | J97: -- | K97: Sharing to | L97: No published markups | M97: No unresolved issues | N97: 70.1 KB | O97: May 15, 2026 5:44 PM | P97: =IFERROR(__xludf.DUMMYFUNCTION("IFERROR( TEXT( DATE( INDEX(SPLIT(O97,"" ""),3), VLOOKUP(INDEX(SPLIT(O97,"" ""),1),{""jan."",1;""Feb"",2;""mar."",3;""Apr"",4;""May"",5;""jun."",6;""jul."",7;""Aug"",8;""sep"",9;""Oct"",10;""nov."",11;""Dec"",12},2,FALSE), INDEX(SPL"&"IT(O97,"" ""),2) ), ""dd/mm/yyyy"" ), """")"),"15/05/2026") -> 15/05/2026
A98: 01-WORK IN PROGRESS/BIM/MODELS/DELEGATED DESIGN R24/MEP/NWC | B98: CPQ11-FALM-FALM-DATA-R24.nwc | F98: V2 | G98: -- | J98: -- | K98: Sharing to | L98: No published markups | M98: No unresolved issues | N98: 142.4 MB | O98: 46209.561 | P98: =IFERROR(__xludf.DUMMYFUNCTION("IFERROR( TEXT( DATE( INDEX(SPLIT(O98,"" ""),3), VLOOKUP(INDEX(SPLIT(O98,"" ""),1),{""jan."",1;""Feb"",2;""mar."",3;""Apr"",4;""May"",5;""jun."",6;""jul."",7;""Aug"",8;""sep"",9;""Oct"",10;""nov."",11;""Dec"",12},2,FALSE), INDEX(SPL"&"IT(O98,"" ""),2) ), ""dd/mm/yyyy"" ), """")"),"06/07/2026") -> 06/07/2026
A99: 01-WORK IN PROGRESS/BIM/MODELS/DELEGATED DESIGN R24/MEP/NWC | B99: CPQ11-FALM-FALM-SITE-R24.nwc | F99: V4 | G99: -- | J99: -- | K99: Sharing to | L99: No published markups | M99: No unresolved issues | N99: 7 MB | O99: 46213.478 | P99: =IFERROR(__xludf.DUMMYFUNCTION("IFERROR( TEXT( DATE( INDEX(SPLIT(O99,"" ""),3), VLOOKUP(INDEX(SPLIT(O99,"" ""),1),{""jan."",1;""Feb"",2;""mar."",3;""Apr"",4;""May"",5;""jun."",6;""jul."",7;""Aug"",8;""sep"",9;""Oct"",10;""nov."",11;""Dec"",12},2,FALSE), INDEX(SPL"&"IT(O99,"" ""),2) ), ""dd/mm/yyyy"" ), """")"),"10/07/2026") -> 10/07/2026
A100: 01-WORK IN PROGRESS/BIM/MODELS/DELEGATED DESIGN R24/MEP/NWC | B100: CPQ11-FPRT-FPRT-DATA-R24.nwc | F100: V4 | G100: -- | J100: -- | K100: Sharing to | L100: No published markups | M100: No unresolved issues | N100: 111.7 MB | O100: 46198.816 | P100: =IFERROR(__xludf.DUMMYFUNCTION("IFERROR( TEXT( DATE( INDEX(SPLIT(O100,"" ""),3), VLOOKUP(INDEX(SPLIT(O100,"" ""),1),{""jan."",1;""Feb"",2;""mar."",3;""Apr"",4;""May"",5;""jun."",6;""jul."",7;""Aug"",8;""sep"",9;""Oct"",10;""nov."",11;""Dec"",12},2,FALSE), INDEX(S"&"PLIT(O100,"" ""),2) ), ""dd/mm/yyyy"" ), """")"),"25/06/2026") -> 25/06/2026
...

Sheet R22 RELATÓRIO ACC
A1: Folder name and path | B1: Name | C1: Software version | D1: Model type | E1: Description | F1: Version number | G1: Published to | H1: Extracted to folder | I1: Added to Packages | J1: Publicly shared | K1: Synced with Bridge | L1: Markups | M1: Issues | N1: File size | O1: Last updated | P1: Last updated for control table
A2: 01-WORK IN PROGRESS/BIM/MODELS/DELEGATED DESIGN R22/ARCH/NWC | B2: CPQ11-ARCH-ARCH-DATA-R22.nwc | F2: V27 | G2: -- | J2: -- | K2: Sharing to | L2: No published markups | M2: No unresolved issues | N2: 7.1 MB | O2: Apr 10, 2026 4:49 PM | P2: =IFERROR(__xludf.DUMMYFUNCTION("IFERROR( TEXT( DATE( INDEX(SPLIT(O2,"" ""),3), VLOOKUP(INDEX(SPLIT(O2,"" ""),1),{""jan."",1;""Feb"",2;""mar."",3;""Apr"",4;""May"",5;""jun."",6;""jul."",7;""Aug"",8;""sep"",9;""Oct"",10;""nov."",11;""Dec"",12},2,FALSE), INDEX(SPLIT"&"(O2,"" ""),2) ), ""dd/mm/yyyy"" ), """")"),"10/04/2026") -> 10/04/2026
A3: 01-WORK IN PROGRESS/BIM/MODELS/DELEGATED DESIGN R22/ARCH/NWC | B3: CPQ11-ARCH-ARCH-SITE-R22.nwc | F3: V28 | G3: -- | J3: -- | K3: Sharing to | L3: No published markups | M3: No unresolved issues | N3: 1.8 MB | O3: Apr 17, 2026 4:45 PM | P3: =IFERROR(__xludf.DUMMYFUNCTION("IFERROR( TEXT( DATE( INDEX(SPLIT(O3,"" ""),3), VLOOKUP(INDEX(SPLIT(O3,"" ""),1),{""jan."",1;""Feb"",2;""mar."",3;""Apr"",4;""May"",5;""jun."",6;""jul."",7;""Aug"",8;""sep"",9;""Oct"",10;""nov."",11;""Dec"",12},2,FALSE), INDEX(SPLIT"&"(O3,"" ""),2) ), ""dd/mm/yyyy"" ), """")"),"17/04/2026") -> 17/04/2026
A4: 01-WORK IN PROGRESS/BIM/MODELS/DELEGATED DESIGN R22/ARCH/NWC | B4: CPQ11-ARCH-BLPR-GUAR-R22.nwc | F4: V9 | G4: -- | J4: -- | K4: Sharing to | L4: No published markups | M4: No unresolved issues | N4: 3.9 MB | O4: Dec 4, 2025 6:42 AM | P4: =IFERROR(__xludf.DUMMYFUNCTION("IFERROR( TEXT( DATE( INDEX(SPLIT(O4,"" ""),3), VLOOKUP(INDEX(SPLIT(O4,"" ""),1),{""jan."",1;""Feb"",2;""mar."",3;""Apr"",4;""May"",5;""jun."",6;""jul."",7;""Aug"",8;""sep"",9;""Oct"",10;""nov."",11;""Dec"",12},2,FALSE), INDEX(SPLIT"&"(O4,"" ""),2) ), ""dd/mm/yyyy"" ), """")"),"04/12/2025") -> 04/12/2025
A5: 01-WORK IN PROGRESS/BIM/MODELS/DELEGATED DESIGN R22/ARCH/NWC | B5: CPQ11-ARCH-CEIL-DATA-R22.nwc | F5: V4 | G5: -- | J5: -- | K5: Sharing to | L5: No published markups | M5: No unresolved issues | N5: 5.3 MB | O5: Apr 29, 2026 6:51 AM | P5: =IFERROR(__xludf.DUMMYFUNCTION("IFERROR( TEXT( DATE( INDEX(SPLIT(O5,"" ""),3), VLOOKUP(INDEX(SPLIT(O5,"" ""),1),{""jan."",1;""Feb"",2;""mar."",3;""Apr"",4;""May"",5;""jun."",6;""jul."",7;""Aug"",8;""sep"",9;""Oct"",10;""nov."",11;""Dec"",12},2,FALSE), INDEX(SPLIT"&"(O5,"" ""),2) ), ""dd/mm/yyyy"" ), """")"),"29/04/2026") -> 29/04/2026
A6: 01-WORK IN PROGRESS/BIM/MODELS/DELEGATED DESIGN R22/ARCH/NWC | B6: CPQ11-ARCH-CEIL-SITE-R22.nwc | F6: V3 | G6: -- | J6: -- | K6: Sharing to | L6: No published markups | M6: No unresolved issues | N6: 21.9 KB | O6: Apr 29, 2026 6:50 AM | P6: =IFERROR(__xludf.DUMMYFUNCTION("IFERROR( TEXT( DATE( INDEX(SPLIT(O6,"" ""),3), VLOOKUP(INDEX(SPLIT(O6,"" ""),1),{""jan."",1;""Feb"",2;""mar."",3;""Apr"",4;""May"",5;""jun."",6;""jul."",7;""Aug"",8;""sep"",9;""Oct"",10;""nov."",11;""Dec"",12},2,FALSE), INDEX(SPLIT"&"(O6,"" ""),2) ), ""dd/mm/yyyy"" ), """")"),"29/04/2026") -> 29/04/2026
A7: 01-WORK IN PROGRESS/BIM/MODELS/DELEGATED DESIGN R22/ARCH/NWC | B7: CPQ11-ARCH-CHAI-SITE-R22.nwc | F7: V11 | G7: -- | J7: -- | K7: Sharing to | L7: No published markups | M7: No unresolved issues | N7: 11.5 MB | O7: Apr 6, 2026 10:43 AM | P7: =IFERROR(__xludf.DUMMYFUNCTION("IFERROR( TEXT( DATE( INDEX(SPLIT(O7,"" ""),3), VLOOKUP(INDEX(SPLIT(O7,"" ""),1),{""jan."",1;""Feb"",2;""mar."",3;""Apr"",4;""May"",5;""jun."",6;""jul."",7;""Aug"",8;""sep"",9;""Oct"",10;""nov."",11;""Dec"",12},2,FALSE), INDEX(SPLIT"&"(O7,"" ""),2) ), ""dd/mm/yyyy"" ), """")"),"06/04/2026") -> 06/04/2026
A8: 01-WORK IN PROGRESS/BIM/MODELS/DELEGATED DESIGN R22/ARCH/NWC | B8: CPQ11-ARCH-FACD-DATA-R22.nwc | F8: V22 | G8: -- | J8: -- | K8: Sharing to | L8: No published markups | M8: No unresolved issues | N8: 120.2 MB | O8: Apr 10, 2026 5:50 PM | P8: =IFERROR(__xludf.DUMMYFUNCTION("IFERROR( TEXT( DATE( INDEX(SPLIT(O8,"" ""),3), VLOOKUP(INDEX(SPLIT(O8,"" ""),1),{""jan."",1;""Feb"",2;""mar."",3;""Apr"",4;""May"",5;""jun."",6;""jul."",7;""Aug"",8;""sep"",9;""Oct"",10;""nov."",11;""Dec"",12},2,FALSE), INDEX(SPLIT"&"(O8,"" ""),2) ), ""dd/mm/yyyy"" ), """")"),"10/04/2026") -> 10/04/2026
A9: 01-WORK IN PROGRESS/BIM/MODELS/DELEGATED DESIGN R22/ARCH/NWC | B9: CPQ11-ARCH-HM90-DATA-R22.nwc | F9: V8 | G9: -- | J9: -- | K9: Sharing to | L9: No published markups | M9: No unresolved issues | N9: 305.7 KB | O9: 46108.488 | P9: =IFERROR(__xludf.DUMMYFUNCTION("IFERROR( TEXT( DATE( INDEX(SPLIT(O9,"" ""),3), VLOOKUP(INDEX(SPLIT(O9,"" ""),1),{""jan."",1;""Feb"",2;""mar."",3;""Apr"",4;""May"",5;""jun."",6;""jul."",7;""Aug"",8;""sep"",9;""Oct"",10;""nov."",11;""Dec"",12},2,FALSE), INDEX(SPLIT"&"(O9,"" ""),2) ), ""dd/mm/yyyy"" ), """")"),"27/03/2026") -> 27/03/2026
A10: 01-WORK IN PROGRESS/BIM/MODELS/DELEGATED DESIGN R22/ARCH/NWC | B10: CPQ11-ARCH-HMET-DATA-R22.nwc | F10: V11 | G10: -- | J10: -- | K10: Sharing to | L10: No published markups | M10: No unresolved issues | N10: 3.2 MB | O10: Apr 8, 2026 8:02 AM | P10: =IFERROR(__xludf.DUMMYFUNCTION("IFERROR( TEXT( DATE( INDEX(SPLIT(O10,"" ""),3), VLOOKUP(INDEX(SPLIT(O10,"" ""),1),{""jan."",1;""Feb"",2;""mar."",3;""Apr"",4;""May"",5;""jun."",6;""jul."",7;""Aug"",8;""sep"",9;""Oct"",10;""nov."",11;""Dec"",12},2,FALSE), INDEX(SPL"&"IT(O10,"" ""),2) ), ""dd/mm/yyyy"" ), """")"),"08/04/2026") -> 08/04/2026
A11: 01-WORK IN PROGRESS/BIM/MODELS/DELEGATED DESIGN R22/ARCH/NWC | B11: CPQ11-ARCH-HMET-SITE-R22.nwc | F11: V9 | G11: -- | J11: -- | K11: Sharing to | L11: No published markups | M11: No unresolved issues | N11: 737.3 KB | O11: Apr 10, 2026 8:25 AM | P11: =IFERROR(__xludf.DUMMYFUNCTION("IFERROR( TEXT( DATE( INDEX(SPLIT(O11,"" ""),3), VLOOKUP(INDEX(SPLIT(O11,"" ""),1),{""jan."",1;""Feb"",2;""mar."",3;""Apr"",4;""May"",5;""jun."",6;""jul."",7;""Aug"",8;""sep"",9;""Oct"",10;""nov."",11;""Dec"",12},2,FALSE), INDEX(SPL"&"IT(O11,"" ""),2) ), ""dd/mm/yyyy"" ), """")"),"10/04/2026") -> 10/04/2026
A12: 01-WORK IN PROGRESS/BIM/MODELS/DELEGATED DESIGN R22/ARCH/NWC | B12: CPQ11-ARCH-METL-SITE-R22.nwc | F12: V11 | G12: -- | J12: -- | K12: Sharing to | L12: No published markups | M12: No unresolved issues | N12: 162.6 MB | O12: May 5, 2026 10:51 AM | P12: =IFERROR(__xludf.DUMMYFUNCTION("IFERROR( TEXT( DATE( INDEX(SPLIT(O12,"" ""),3), VLOOKUP(INDEX(SPLIT(O12,"" ""),1),{""jan."",1;""Feb"",2;""mar."",3;""Apr"",4;""May"",5;""jun."",6;""jul."",7;""Aug"",8;""sep"",9;""Oct"",10;""nov."",11;""Dec"",12},2,FALSE), INDEX(SPL"&"IT(O12,"" ""),2) ), ""dd/mm/yyyy"" ), """")"),"05/05/2026") -> 05/05/2026
A13: 01-WORK IN PROGRESS/BIM/MODELS/DELEGATED DESIGN R22/ARCH/NWC | B13: CPQ11-ARCH-OHCD-DATA-R22.nwc | F13: V4 | G13: -- | J13: -- | K13: Sharing to | L13: No published markups | M13: No unresolved issues | N13: 229.3 KB | O13: Apr 10, 2026 9:03 AM | P13: =IFERROR(__xludf.DUMMYFUNCTION("IFERROR( TEXT( DATE( INDEX(SPLIT(O13,"" ""),3), VLOOKUP(INDEX(SPLIT(O13,"" ""),1),{""jan."",1;""Feb"",2;""mar."",3;""Apr"",4;""May"",5;""jun."",6;""jul."",7;""Aug"",8;""sep"",9;""Oct"",10;""nov."",11;""Dec"",12},2,FALSE), INDEX(SPL"&"IT(O13,"" ""),2) ), ""dd/mm/yyyy"" ), """")"),"10/04/2026") -> 10/04/2026
A14: 01-WORK IN PROGRESS/BIM/MODELS/DELEGATED DESIGN R22/ARCH/NWC | B14: CPQ11-ARCH-PART-C12A-R22.nwc | F14: V20 | G14: -- | J14: -- | K14: Sharing to | L14: No published markups | M14: No unresolved issues | N14: 5.2 MB | O14: Apr 7, 2026 10:09 PM | P14: =IFERROR(__xludf.DUMMYFUNCTION("IFERROR( TEXT( DATE( INDEX(SPLIT(O14,"" ""),3), VLOOKUP(INDEX(SPLIT(O14,"" ""),1),{""jan."",1;""Feb"",2;""mar."",3;""Apr"",4;""May"",5;""jun."",6;""jul."",7;""Aug"",8;""sep"",9;""Oct"",10;""nov."",11;""Dec"",12},2,FALSE), INDEX(SPL"&"IT(O14,"" ""),2) ), ""dd/mm/yyyy"" ), """")"),"07/04/2026") -> 07/04/2026
A15: 01-WORK IN PROGRESS/BIM/MODELS/DELEGATED DESIGN R22/ARCH/NWC | B15: CPQ11-ARCH-PART-C345-R22.nwc | F15: V12 | G15: -- | J15: -- | K15: Sharing to | L15: No published markups | M15: No unresolved issues | N15: 3.6 MB | O15: 46052.491 | P15: =IFERROR(__xludf.DUMMYFUNCTION("IFERROR( TEXT( DATE( INDEX(SPLIT(O15,"" ""),3), VLOOKUP(INDEX(SPLIT(O15,"" ""),1),{""jan."",1;""Feb"",2;""mar."",3;""Apr"",4;""May"",5;""jun."",6;""jul."",7;""Aug"",8;""sep"",9;""Oct"",10;""nov."",11;""Dec"",12},2,FALSE), INDEX(SPL"&"IT(O15,"" ""),2) ), ""dd/mm/yyyy"" ), """")"),"30/01/2026") -> 30/01/2026
A16: 01-WORK IN PROGRESS/BIM/MODELS/DELEGATED DESIGN R22/ARCH/NWC | B16: CPQ11-ARCH-PART-SITE-R22.nwc | F16: V14 | G16: -- | J16: -- | K16: Sharing to | L16: No published markups | M16: No unresolved issues | N16: 666.8 KB | O16: 46099.428 | P16: =IFERROR(__xludf.DUMMYFUNCTION("IFERROR( TEXT( DATE( INDEX(SPLIT(O16,"" ""),3), VLOOKUP(INDEX(SPLIT(O16,"" ""),1),{""jan."",1;""Feb"",2;""mar."",3;""Apr"",4;""May"",5;""jun."",6;""jul."",7;""Aug"",8;""sep"",9;""Oct"",10;""nov."",11;""Dec"",12},2,FALSE), INDEX(SPL"&"IT(O16,"" ""),2) ), ""dd/mm/yyyy"" ), """")"),"18/03/2026") -> 18/03/2026
A17: 01-WORK IN PROGRESS/BIM/MODELS/DELEGATED DESIGN R22/ARCH/NWC | B17: CPQ11-ARCH-ROOF-DATA-R22.nwc | F17: V26 | G17: -- | J17: -- | K17: Sharing to | L17: No published markups | M17: No unresolved issues | N17: 13.1 MB | O17: 46107.737 | P17: =IFERROR(__xludf.DUMMYFUNCTION("IFERROR( TEXT( DATE( INDEX(SPLIT(O17,"" ""),3), VLOOKUP(INDEX(SPLIT(O17,"" ""),1),{""jan."",1;""Feb"",2;""mar."",3;""Apr"",4;""May"",5;""jun."",6;""jul."",7;""Aug"",8;""sep"",9;""Oct"",10;""nov."",11;""Dec"",12},2,FALSE), INDEX(SPL"&"IT(O17,"" ""),2) ), ""dd/mm/yyyy"" ), """")"),"26/03/2026") -> 26/03/2026
A18: 01-WORK IN PROGRESS/BIM/MODELS/DELEGATED DESIGN R22/ARCH/NWC | B18: CPQ11-ARCH-SHLV-DATA-R22.nwc | F18: V5 | G18: -- | J18: -- | K18: Sharing to | L18: No published markups | M18: No unresolved issues | N18: 47.4 MB | O18: 45970.831 | P18: =IFERROR(__xludf.DUMMYFUNCTION("IFERROR( TEXT( DATE( INDEX(SPLIT(O18,"" ""),3), VLOOKUP(INDEX(SPLIT(O18,"" ""),1),{""jan."",1;""Feb"",2;""mar."",3;""Apr"",4;""May"",5;""jun."",6;""jul."",7;""Aug"",8;""sep"",9;""Oct"",10;""nov."",11;""Dec"",12},2,FALSE), INDEX(SPL"&"IT(O18,"" ""),2) ), ""dd/mm/yyyy"" ), """")"),"09/11/2025") -> 09/11/2025
A19: 01-WORK IN PROGRESS/BIM/MODELS/DELEGATED DESIGN R22/ARCH/NWC | B19: CPQ11-ARCH-STON-SITE-R22.nwc | F19: V2 | G19: -- | J19: -- | K19: Sharing to | L19: No published markups | M19: No unresolved issues | N19: 390.9 KB | O19: 46052.622 | P19: =IFERROR(__xludf.DUMMYFUNCTION("IFERROR( TEXT( DATE( INDEX(SPLIT(O19,"" ""),3), VLOOKUP(INDEX(SPLIT(O19,"" ""),1),{""jan."",1;""Feb"",2;""mar."",3;""Apr"",4;""May"",5;""jun."",6;""jul."",7;""Aug"",8;""sep"",9;""Oct"",10;""nov."",11;""Dec"",12},2,FALSE), INDEX(SPL"&"IT(O19,"" ""),2) ), ""dd/mm/yyyy"" ), """")"),"30/01/2026") -> 30/01/2026
A20: 01-WORK IN PROGRESS/BIM/MODELS/DELEGATED DESIGN R22/ARCH/NWC | B20: CPQ11-ARCH-STON-SITE-R23.nwc | F20: V7 | G20: -- | J20: -- | K20: Sharing to | L20: No published markups | M20: No unresolved issues | N20: 5.1 KB | O20: May 11, 2026 12:36 PM | P20: =IFERROR(__xludf.DUMMYFUNCTION("IFERROR( TEXT( DATE( INDEX(SPLIT(O20,"" ""),3), VLOOKUP(INDEX(SPLIT(O20,"" ""),1),{""jan."",1;""Feb"",2;""mar."",3;""Apr"",4;""May"",5;""jun."",6;""jul."",7;""Aug"",8;""sep"",9;""Oct"",10;""nov."",11;""Dec"",12},2,FALSE), INDEX(SPL"&"IT(O20,"" ""),2) ), ""dd/mm/yyyy"" ), """")"),"11/05/2026") -> 11/05/2026
A21: 01-WORK IN PROGRESS/BIM/MODELS/DELEGATED DESIGN R22/ARCH/NWC | B21: CPQ11-ARCH-WMES-DATA-R22.nwc | F21: V12 | G21: -- | J21: -- | K21: Sharing to | L21: No published markups | M21: No unresolved issues | N21: 113.4 KB | O21: 46045.495 | P21: =IFERROR(__xludf.DUMMYFUNCTION("IFERROR( TEXT( DATE( INDEX(SPLIT(O21,"" ""),3), VLOOKUP(INDEX(SPLIT(O21,"" ""),1),{""jan."",1;""Feb"",2;""mar."",3;""Apr"",4;""May"",5;""jun."",6;""jul."",7;""Aug"",8;""sep"",9;""Oct"",10;""nov."",11;""Dec"",12},2,FALSE), INDEX(SPL"&"IT(O21,"" ""),2) ), ""dd/mm/yyyy"" ), """")"),"23/01/2026") -> 23/01/2026
A22: 01-WORK IN PROGRESS/BIM/MODELS/DELEGATED DESIGN R22/ARCH/OBSOLET | B22: CPQ11-ARCH-ARCH-DATA-R22.nwd | F22: V1 | G22: -- | J22: -- | K22: Sharing to | L22: No published markups | M22: No unresolved issues | N22: 10.4 MB | O22: Feb 4, 2025 2:38 PM | P22: =IFERROR(__xludf.DUMMYFUNCTION("IFERROR( TEXT( DATE( INDEX(SPLIT(O22,"" ""),3), VLOOKUP(INDEX(SPLIT(O22,"" ""),1),{""jan."",1;""Feb"",2;""mar."",3;""Apr"",4;""May"",5;""jun."",6;""jul."",7;""Aug"",8;""sep"",9;""Oct"",10;""nov."",11;""Dec"",12},2,FALSE), INDEX(SPL"&"IT(O22,"" ""),2) ), ""dd/mm/yyyy"" ), """")"),"04/02/2025") -> 04/02/2025
A23: 01-WORK IN PROGRESS/BIM/MODELS/DELEGATED DESIGN R22/ARCH/OBSOLET | B23: CPQ11-ARCH-ARCH-SITE-R22.nwd | F23: V1 | G23: -- | J23: -- | K23: Sharing to | L23: No published markups | M23: No unresolved issues | N23: 142.2 MB | O23: Feb 4, 2025 2:38 PM | P23: =IFERROR(__xludf.DUMMYFUNCTION("IFERROR( TEXT( DATE( INDEX(SPLIT(O23,"" ""),3), VLOOKUP(INDEX(SPLIT(O23,"" ""),1),{""jan."",1;""Feb"",2;""mar."",3;""Apr"",4;""May"",5;""jun."",6;""jul."",7;""Aug"",8;""sep"",9;""Oct"",10;""nov."",11;""Dec"",12},2,FALSE), INDEX(SPL"&"IT(O23,"" ""),2) ), ""dd/mm/yyyy"" ), """")"),"04/02/2025") -> 04/02/2025
A24: 01-WORK IN PROGRESS/BIM/MODELS/DELEGATED DESIGN R22/ARCH/OBSOLET | B24: CPQ11-ARCH-PART-CL030405-R22.rvt | C24: Revit 2022 | D24: Added manually | F24: V9 | G24: -- | J24: -- | K24: Sharing to | L24: No published markups | M24: No unresolved issues | N24: 88.3 MB | O24: Feb 4, 2025 10:40 AM | P24: =IFERROR(__xludf.DUMMYFUNCTION("IFERROR( TEXT( DATE( INDEX(SPLIT(O24,"" ""),3), VLOOKUP(INDEX(SPLIT(O24,"" ""),1),{""jan."",1;""Feb"",2;""mar."",3;""Apr"",4;""May"",5;""jun."",6;""jul."",7;""Aug"",8;""sep"",9;""Oct"",10;""nov."",11;""Dec"",12},2,FALSE), INDEX(SPL"&"IT(O24,"" ""),2) ), ""dd/mm/yyyy"" ), """")"),"04/02/2025") -> 04/02/2025
A25: 01-WORK IN PROGRESS/BIM/MODELS/DELEGATED DESIGN R22/ARCH/OBSOLET | B25: CPQ11-ARCH-PART-CORE-R22.rvt | C25: Revit 2022 | D25: Added manually | F25: V19 | G25: -- | J25: -- | K25: Sharing to | L25: No published markups | M25: No unresolved issues | N25: 267.6 MB | O25: Feb 4, 2025 10:40 AM | P25: =IFERROR(__xludf.DUMMYFUNCTION("IFERROR( TEXT( DATE( INDEX(SPLIT(O25,"" ""),3), VLOOKUP(INDEX(SPLIT(O25,"" ""),1),{""jan."",1;""Feb"",2;""mar."",3;""Apr"",4;""May"",5;""jun."",6;""jul."",7;""Aug"",8;""sep"",9;""Oct"",10;""nov."",11;""Dec"",12},2,FALSE), INDEX(SPL"&"IT(O25,"" ""),2) ), ""dd/mm/yyyy"" ), """")"),"04/02/2025") -> 04/02/2025
A26: 01-WORK IN PROGRESS/BIM/MODELS/DELEGATED DESIGN R22/ARCH/OBSOLET | B26: CPQ11-ARCH-R23.rvt | C26: Revit 2022 | D26: Added manually | F26: V7 | G26: -- | J26: -- | K26: Sharing to | L26: No published markups | M26: No unresolved issues | N26: 253.6 MB | O26: Feb 4, 2025 10:41 AM | P26: =IFERROR(__xludf.DUMMYFUNCTION("IFERROR( TEXT( DATE( INDEX(SPLIT(O26,"" ""),3), VLOOKUP(INDEX(SPLIT(O26,"" ""),1),{""jan."",1;""Feb"",2;""mar."",3;""Apr"",4;""May"",5;""jun."",6;""jul."",7;""Aug"",8;""sep"",9;""Oct"",10;""nov."",11;""Dec"",12},2,FALSE), INDEX(SPL"&"IT(O26,"" ""),2) ), ""dd/mm/yyyy"" ), """")"),"04/02/2025") -> 04/02/2025
A27: 01-WORK IN PROGRESS/BIM/MODELS/DELEGATED DESIGN R22/ARCH/OBSOLET | B27: CPQ11-ARCH-ROOF-CORE-R22.nwc | F27: V2 | G27: -- | J27: -- | K27: Sharing to | L27: No published markups | M27: No unresolved issues | N27: 13 MB | O27: Feb 4, 2025 10:39 AM | P27: =IFERROR(__xludf.DUMMYFUNCTION("IFERROR( TEXT( DATE( INDEX(SPLIT(O27,"" ""),3), VLOOKUP(INDEX(SPLIT(O27,"" ""),1),{""jan."",1;""Feb"",2;""mar."",3;""Apr"",4;""May"",5;""jun."",6;""jul."",7;""Aug"",8;""sep"",9;""Oct"",10;""nov."",11;""Dec"",12},2,FALSE), INDEX(SPL"&"IT(O27,"" ""),2) ), ""dd/mm/yyyy"" ), """")"),"04/02/2025") -> 04/02/2025
A28: 01-WORK IN PROGRESS/BIM/MODELS/DELEGATED DESIGN R22/ARCH/OBSOLET | B28: CPQ11-ARCH-ROOF-CORE-R22.rvt | D28: Added manually | F28: V11 | G28: -- | J28: -- | K28: Sharing to | L28: -- | M28: -- | N28: 19.3 MB | O28: Feb 4, 2025 10:39 AM | P28: =IFERROR(__xludf.DUMMYFUNCTION("IFERROR( TEXT( DATE( INDEX(SPLIT(O28,"" ""),3), VLOOKUP(INDEX(SPLIT(O28,"" ""),1),{""jan."",1;""Feb"",2;""mar."",3;""Apr"",4;""May"",5;""jun."",6;""jul."",7;""Aug"",8;""sep"",9;""Oct"",10;""nov."",11;""Dec"",12},2,FALSE), INDEX(SPL"&"IT(O28,"" ""),2) ), ""dd/mm/yyyy"" ), """")"),"04/02/2025") -> 04/02/2025
A29: 01-WORK IN PROGRESS/BIM/MODELS/DELEGATED DESIGN R22/ARCH/OBSOLET | B29: CPQ11-ARCH-SITE-R23.rvt | C29: Revit 2022 | D29: Added manually | F29: V2 | G29: -- | J29: -- | K29: Sharing to | L29: No published markups | M29: No unresolved issues | N29: 247 MB | O29: Feb 4, 2025 10:41 AM | P29: =IFERROR(__xludf.DUMMYFUNCTION("IFERROR( TEXT( DATE( INDEX(SPLIT(O29,"" ""),3), VLOOKUP(INDEX(SPLIT(O29,"" ""),1),{""jan."",1;""Feb"",2;""mar."",3;""Apr"",4;""May"",5;""jun."",6;""jul."",7;""Aug"",8;""sep"",9;""Oct"",10;""nov."",11;""Dec"",12},2,FALSE), INDEX(SPL"&"IT(O29,"" ""),2) ), ""dd/mm/yyyy"" ), """")"),"04/02/2025") -> 04/02/2025
A30: 01-WORK IN PROGRESS/BIM/MODELS/DELEGATED DESIGN R22/ARCH/OBSOLET | B30: CPQ11-RAC-ARCH-FACD-OMTR-R22.rvt | C30: Revit 2022 | D30: Added manually | F30: V4 | G30: -- | J30: -- | K30: Sharing to | L30: No published markups | M30: No unresolved issues | N30: 102.9 MB | O30: Feb 4, 2025 10:40 AM | P30: =IFERROR(__xludf.DUMMYFUNCTION("IFERROR( TEXT( DATE( INDEX(SPLIT(O30,"" ""),3), VLOOKUP(INDEX(SPLIT(O30,"" ""),1),{""jan."",1;""Feb"",2;""mar."",3;""Apr"",4;""May"",5;""jun."",6;""jul."",7;""Aug"",8;""sep"",9;""Oct"",10;""nov."",11;""Dec"",12},2,FALSE), INDEX(SPL"&"IT(O30,"" ""),2) ), ""dd/mm/yyyy"" ), """")"),"04/02/2025") -> 04/02/2025
A31: 01-WORK IN PROGRESS/BIM/MODELS/DELEGATED DESIGN R22/ARCH | B31: CPQ11-ARCH-ARCH-DATA-R22.rvt | C31: Revit 2022 | D31: Added manually | F31: V29 | G31: -- | J31: -- | K31: Sharing to | L31: No published markups | M31: No unresolved issues | N31: 226.6 MB | O31: Apr 13, 2026 6:05 PM | P31: =IFERROR(__xludf.DUMMYFUNCTION("IFERROR( TEXT( DATE( INDEX(SPLIT(O31,"" ""),3), VLOOKUP(INDEX(SPLIT(O31,"" ""),1),{""jan."",1;""Feb"",2;""mar."",3;""Apr"",4;""May"",5;""jun."",6;""jul."",7;""Aug"",8;""sep"",9;""Oct"",10;""nov."",11;""Dec"",12},2,FALSE), INDEX(SPL"&"IT(O31,"" ""),2) ), ""dd/mm/yyyy"" ), """")"),"13/04/2026") -> 13/04/2026
A32: 01-WORK IN PROGRESS/BIM/MODELS/DELEGATED DESIGN R22/ARCH | B32: CPQ11-ARCH-ARCH-SITE-R22.rvt | C32: Revit 2022 | D32: Added manually | F32: V28 | G32: -- | J32: -- | K32: Sharing to | L32: No published markups | M32: No unresolved issues | N32: 74.1 MB | O32: Apr 17, 2026 4:46 PM | P32: =IFERROR(__xludf.DUMMYFUNCTION("IFERROR( TEXT( DATE( INDEX(SPLIT(O32,"" ""),3), VLOOKUP(INDEX(SPLIT(O32,"" ""),1),{""jan."",1;""Feb"",2;""mar."",3;""Apr"",4;""May"",5;""jun."",6;""jul."",7;""Aug"",8;""sep"",9;""Oct"",10;""nov."",11;""Dec"",12},2,FALSE), INDEX(SPL"&"IT(O32,"" ""),2) ), ""dd/mm/yyyy"" ), """")"),"17/04/2026") -> 17/04/2026
