Workbook

Sheet LOD 300 - CONTROL
D1: SPECIFIC AUDIT CONTROL | LOD 300
B2: META DO DIA 17/07 | V2: CONTROLE INTERNO (OCULTAR) | W2: ADMN | BK2: COLO1 | CY2: COLO2 | EI2: COLO3 | EZ2: COL4 | FB2: ANNEXES
B3: FILE NAME (R24) | C3: FILE NAME (R22) | D3: AREA | E3: TRADE COMPANY | F3: CODE | G3: BIM COMPANY | H3: CODE | I3: ACC VERSION (R22) | J3: ACC FILE DATE (R22) | K3: ACC VERSION (R24) | L3: ACC FILE DATE (R24) | M3: VERSION (ADMN/COLO1/COLO2 AND ANNEXES) | N3: FILE DATE (ADMN/COLO1/COLO2 AND ANNEXES) | O3: RVT TYPE APROVAL (ADMN/COL1/COL2/ANNEXES) | P3: VERSION (COLO3) | Q3: FILE DATE (COLO3) | R3: RVT TYPE APROVAL (COLO3) | S3: VERSION (COLO4) | T3: FILE DATE (COLO4) | U3: RVT TYPE APROVAL (COLO4) | V3: RESPONSÁVEL DA ANÁLISE | W3: R1 - APPROVAL (%) | X3: R2 - APPROVAL (%) | Y3: R3 - APPROVAL (%) | Z3: R4 - APPROVAL (%) | AA3: R5 - APPROVAL (%) | AB3: R6 - APPROVAL (%) | AC3: R7 - APPROVAL (%) | AD3: R8 - APPROVAL (%) | AE3: R9 - APPROVAL (%) | AF3: R10 - APPROVAL (%) | AG3: R11 - APPROVAL (%) | AH3: R12 - APPROVAL (%) | AI3: R13 - APPROVAL (%) | AJ3: R14 - APPROVAL (%) | AK3: R15 - APPROVAL (%) | AL3: R16 - APPROVAL (%) | AM3: R17 - APPROVAL (%) | AN3: R18 - APPROVAL (%) | AO3: R19 - APPROVAL (%) | AP3: R20 - APPROVAL (%) | AQ3: R21 - APPROVAL (%) | AR3: R22 - APPROVAL (%) | AS3: R23 - APPROVAL (%) | AT3: R24 - APPROVAL (%) | AU3: R25 - APPROVAL (%) | AV3: R26 - APPROVAL (%) | AW3: R27 - APPROVAL (%) | AX3: R28 - APPROVAL (%) | AY3: R29 - APPROVAL (%) | AZ3: R30 - APPROVAL (%) | BA3: R31 - APPROVAL (%) | BB3: R32 - APPROVAL (%) | BC3: R33 - APPROVAL (%) | BD3: R34 - APPROVAL (%) | BE3: R35 - APPROVAL (%) | BF3: R36 - APPROVAL (%) | BG3: R37 - APPROVAL (%) | BH3: R38 - APPROVAL (%) | BI3: R39 - APPROVAL (%) | BJ3: GERAL | BK3: R1 - APPROVAL (%) | BL3: R2 - APPROVAL (%) | BM3: R3 - APPROVAL (%) | BN3: R4 - APPROVAL (%) | BO3: R5 - APPROVAL (%) | BP3: R6 - APPROVAL (%) | BQ3: R7 - APPROVAL (%) | BR3: R8 - APPROVAL (%) | BS3: R9 - APPROVAL (%) | BT3: R10 - APPROVAL (%) | BU3: R11 - APPROVAL (%) | BV3: R12 - APPROVAL (%) | BW3: R13 - APPROVAL (%) | BX3: R14 - APPROVAL (%) | BY3: R15 - APPROVAL (%) | BZ3: R16 - APPROVAL (%) | CA3: R17 - APPROVAL (%) | CB3: R18 - APPROVAL (%) | CC3: R19 - APPROVAL (%) | CD3: R20 - APPROVAL (%) | CE3: R21 - APPROVAL (%) | CF3: R22 - APPROVAL (%) | CG3: R23 - APPROVAL (%) | CH3: R24 - APPROVAL (%) | CI3: R25 - APPROVAL (%) | CJ3: R26 - APPROVAL (%) | CK3: R27 - APPROVAL (%) | CL3: R28 - APPROVAL (%) | CM3: R29 - APPROVAL (%) | CN3: R30 - APPROVAL (%) | CO3: R31 - APPROVAL (%) | CP3: R32 - APPROVAL (%) | CQ3: R33 - APPROVAL (%) | CR3: R34 - APPROVAL (%) | CS3: R35 - APPROVAL (%) | CT3: R36 - APPROVAL (%) | CU3: R37 - APPROVAL (%) | CV3: R38 - APPROVAL (%) | CW3: R39 - APPROVAL (%) | CX3: GERAL | CY3: R1 - APPROVAL (%) | CZ3: R2 - APPROVAL (%) | DA3: R3 - APPROVAL (%) | DB3: R4 - APPROVAL (%) | DC3: R5 - APPROVAL (%) | DD3: R6 - APPROVAL (%) | DE3: R7 - APPROVAL (%) | DF3: R8 - APPROVAL (%) | DG3: R9 - APPROVAL (%) | DH3: R10 - APPROVAL (%) | DI3: R11 - APPROVAL (%) | DJ3: R12 - APPROVAL (%) | DK3: R13 - APPROVAL (%) | DL3: R14 - APPROVAL (%) | DM3: R15 - APPROVAL (%) | DN3: R16 - APPROVAL (%) | DO3: R17 - APPROVAL (%) | DP3: R18 - APPROVAL (%) | DQ3: R19 - APPROVAL (%) | DR3: R20 - APPROVAL (%) | DS3: R21 - APPROVAL (%) | DT3: R22 - APPROVAL (%) | DU3: R23 - APPROVAL (%) | DV3: R24 - APPROVAL (%) | DW3: R25 - APPROVAL (%) | DX3: R26 - APPROVAL (%) | DY3: R27 - APPROVAL (%) | DZ3: R28 - APPROVAL (%) | EA3: R29 - APPROVAL (%) | EB3: R30 - APPROVAL (%) | EC3: R31 - APPROVAL (%) | ED3: R32 - APPROVAL (%) | EE3: R33 - APPROVAL (%) | EF3: R34 - APPROVAL (%) | EG3: R35 - APPROVAL (%) | EH3: GERAL | EI3: R1 - APPROVAL (%) | EJ3: R2 - APPROVAL (%) | EK3: R3 - APPROVAL (%) | EL3: R4- APPROVAL (%) | EM3: R5- APPROVAL (%) | EN3: R6- APPROVAL (%) | EO3: R7- APPROVAL (%) | EP3: R8- APPROVAL (%) | EQ3: R9- APPROVAL (%) | ER3: R10- APPROVAL (%) | ES3: R11- APPROVAL (%) | ET3: R12- APPROVAL (%) | EU3: R13- APPROVAL (%) | EV3: R14- APPROVAL (%) | EW3: R15- APPROVAL (%) | EX3: R16- APPROVAL (%) | EY3: GERAL | EZ3: R1 - APPROVAL (%) | FA3: GERAL | FB3: R1 - APPROVAL (%) | FC3: R2 - APPROVAL (%) | FD3: R3 - APPROVAL (%) | FE3: R4 - APPROVAL (%) | FF3: R5 - APPROVAL (%) | FG3: R6 - APPROVAL (%) | FH3: R7 - APPROVAL (%) | FI3: R8 - APPROVAL (%) | FJ3: R9 - APPROVAL (%) | FK3: R10 - APPROVAL (%) | FL3: R11 - APPROVAL (%) | FM3: R12 - APPROVAL (%) | FN3: R13 - APPROVAL (%) | FO3: R14 - APPROVAL (%) | FP3: R15 - APPROVAL (%) | FQ3: R16 - APPROVAL (%) | FR3: R17 - APPROVAL (%) | FS3: R18 - APPROVAL (%) | FT3: R19 - APPROVAL (%) | FU3: R20 - APPROVAL (%) | FV3: R21 - APPROVAL (%) | FW3: R22 - APPROVAL (%) | FX3: R23 - APPROVAL (%) | FY3: R24 - APPROVAL (%) | FZ3: R25 - APPROVAL (%) | GA3: R26 - APPROVAL (%) | GB3: R27 - APPROVAL (%) | GC3: R28 - APPROVAL (%) | GD3: R29 - APPROVAL (%) | GE3: R30 - APPROVAL (%) | GF3: R31 - APPROVAL (%) | GG3: R32 - APPROVAL (%) | GH3: R33 - APPROVAL (%) | GI3: R34 - APPROVAL (%) | GJ3: R35 - APPROVAL (%) | GK3: R36 - APPROVAL (%) | GL3: R37 - APPROVAL (%) | GM3: GERAL
A4: 1 | B4: ARCH | ARCHITECTURE
A5: 2 | B5: CPQ11-ARCH-ARCH-DATA-R24.rvt | C5: CPQ11-ARCH-ARCH-DATA-R22.rvt | D5: DATA | E5: ARE ARQUITETURA | F5: 1130 | G5: ARE ARQUITETURA | H5: 1130 | I5: =IFERROR(VLOOKUP(C2:C144,'R22 RELATÓRIO ACC'!B:F,5,FALSE),"NOT PUBLISHED") -> V29 | J5: =IFERROR(VLOOKUP(C2:C144,'R22 RELATÓRIO ACC'!B:P,15,FALSE),"NOT PUBLISHED") -> 13/04/2026 | K5: =IFERROR(VLOOKUP(B2:B188,'RELATÓRIO ACC'!B:F,5,FALSE),"NOT PUBLISHED") -> V3 | L5: =IFERROR(VLOOKUP(B2:B188,'RELATÓRIO ACC'!B:P,15,FALSE),"NOT PUBLISHED") -> 03/06/2026 | M5: =IF(OR($D5="UTLS",$D5="GUAR",$D5="STIR",$D5="PUMP",$D5="SITE"), VLOOKUP($B5,'LOD 300 - SITE'!B:M,12,FALSE), VLOOKUP($B5,'LOD 300 - ADMN'!B:M,12,FALSE) ) -> V20 | N5: =IF(OR($D5="UTLS",$D5="GUAR",$D5="STIR",$D5="PUMP",$D5="SITE"), VLOOKUP($B5,'LOD 300 - SITE'!B:N,13,FALSE), VLOOKUP($B5,'LOD 300 - ADMN'!B:N,13,FALSE) ) -> 04/11/2025 | O5: =IF(OR($D5="UTLS",$D5="GUAR",$D5="STIR",$D5="PUMP",$D5="SITE"), VLOOKUP($B5,'LOD 300 - SITE'!B:O,14,FALSE), VLOOKUP($B5,'LOD 300 - ADMN'!B:O,14,FALSE) ) -> R22 | P5: =IF(OR($D5="C345",$D5="C12A",$D5="DATA"), VLOOKUP($B5,'LOD 300 - COLO3'!B:M,12,FALSE),"N/A") -> V29 | Q5: =IF(OR($D5="C345",$D5="C12A",$D5="DATA"), VLOOKUP($B5,'LOD 300 - COLO3'!B:N,13,FALSE),"N/A") -> 46125 | R5: =IF(OR($D5="C345",$D5="C12A",$D5="DATA"), VLOOKUP($B5,'LOD 300 - COLO3'!B:O,14,FALSE),"N/A") -> R22 | S5: =IF(OR($D5="C345",$D5="C12A",$D5="DATA"), VLOOKUP($B5,'LOD 300 - COLO4'!B:M,12,FALSE),"N/A") -> N/A | T5: =IF(OR($D5="C345",$D5="C12A",$D5="DATA"), VLOOKUP($B5,'LOD 300 - COLO4'!B:T,13,FALSE),"N/A") -> N/A | U5: =IF(OR($D5="C345",$D5="C12A",$D5="DATA"), VLOOKUP($B5,'LOD 300 - COLO4'!B:U,17,FALSE),"N/A") -> 0 | V5: CICI | W5: =IFERROR(VLOOKUP($B5,'LOD 300 - ADMN'!$B:S,18,FALSE),"N/A") -> 0.58 | X5: =IFERROR(VLOOKUP($B5,'LOD 300 - ADMN'!$B:V,21,FALSE),"N/A") -> OUTDATED MODEL | Y5: =IFERROR(VLOOKUP($B5,'LOD 300 - ADMN'!$B:Y,24,FALSE),"N/A") -> 0.73 | Z5: =IFERROR(VLOOKUP($B5,'LOD 300 - ADMN'!$B:AB,27,FALSE),"N/A") -> 0.77 | AA5: =IFERROR(VLOOKUP($B5,'LOD 300 - ADMN'!$B:AE,30,FALSE),"N/A") -> OUTDATED MODEL | AB5: =IFERROR(VLOOKUP($B5,'LOD 300 - ADMN'!$B:AH,33,FALSE),"N/A") -> OUTDATED MODEL | AC5: =IFERROR(VLOOKUP($B5,'LOD 300 - ADMN'!$B:AK,36,FALSE),"N/A") -> OUTDATED MODEL | AD5: =IFERROR(VLOOKUP($B5,'LOD 300 - ADMN'!$B:AN,39,FALSE),"N/A") -> 0.87 | AE5: =IFERROR(VLOOKUP($B5,'LOD 300 - ADMN'!$B:AQ,42,FALSE),"N/A") -> OUTDATED MODEL | AF5: =IFERROR(VLOOKUP($B5,'LOD 300 - ADMN'!$B:AT,45,FALSE),"N/A") -> NEXT ROUND | AG5: =IFERROR(VLOOKUP($B5,'LOD 300 - ADMN'!$B:AW,48,FALSE),"N/A") -> 1 | AH5: =IFERROR(VLOOKUP($B5,'LOD 300 - ADMN'!$B:AZ,51,FALSE),"N/A") -> 1 | AI5: =IFERROR(VLOOKUP($B5,'LOD 300 - ADMN'!$B:BC,54,FALSE),"N/A") -> 1 | AJ5: =IFERROR(VLOOKUP($B5,'LOD 300 - ADMN'!$B:BF,57,FALSE),"N/A") -> 1 | AK5: =IFERROR(VLOOKUP($B5,'LOD 300 - ADMN'!$B:EP,60,FALSE),"N/A") -> 1 | AL5: =IFERROR(VLOOKUP($B5,'LOD 300 - ADMN'!$B:EQ,63,FALSE),"N/A") -> 1 | AM5: =IFERROR(VLOOKUP($B5,'LOD 300 - ADMN'!$B:BO,66,FALSE),"N/A") -> 1 | AN5: =IFERROR(VLOOKUP($B5,'LOD 300 - ADMN'!$B:BR,69,FALSE),"N/A") -> 1 | AO5: =IFERROR(VLOOKUP($B5,'LOD 300 - ADMN'!$B:BU,72,FALSE),"N/A") -> 1 | AP5: =IFERROR(VLOOKUP($B5,'LOD 300 - ADMN'!$B:BX,75,FALSE),"N/A") -> 1 | AQ5: =IFERROR(VLOOKUP($B5,'LOD 300 - ADMN'!$B:CA,78,FALSE),"N/A") -> 1 | AR5: =IFERROR(VLOOKUP($B5,'LOD 300 - ADMN'!$B:CD,81,FALSE),"N/A") -> 1 | AS5: =IFERROR(VLOOKUP($B5,'LOD 300 - ADMN'!$B:CG,84,FALSE),"N/A") -> 1 | AT5: =IFERROR(VLOOKUP($B5,'LOD 300 - ADMN'!$B:CJ,87,FALSE),"N/A") -> 1 | AU5: =IFERROR(VLOOKUP($B5,'LOD 300 - ADMN'!$B:CM,90,FALSE),"N/A") -> 1 | AV5: =IFERROR(VLOOKUP($B5,'LOD 300 - ADMN'!$B:CP,93,FALSE),"N/A") -> 1 | AW5: =IFERROR(VLOOKUP($B5,'LOD 300 - ADMN'!$B:CS,96,FALSE),"N/A") -> 1 | AX5: =IFERROR(VLOOKUP($B5,'LOD 300 - ADMN'!$B:CV,99,FALSE),"N/A") -> 1 | AY5: =IFERROR(VLOOKUP($B5,'LOD 300 - ADMN'!$B:CY,102,FALSE),"N/A") -> 1 | AZ5: =IFERROR(VLOOKUP($B5,'LOD 300 - ADMN'!$B:DB,105,FALSE),"N/A") -> 1 | BA5: =IFERROR(VLOOKUP($B5,'LOD 300 - ADMN'!$B:DE,108,FALSE),"N/A") -> 1 | BB5: =IFERROR(VLOOKUP($B5,'LOD 300 - ADMN'!$B:DH,111,FALSE),"N/A") -> 1 | BC5: =IFERROR(VLOOKUP($B5,'LOD 300 - ADMN'!$B:DK,114,FALSE),"N/A") -> 1 | BD5: =IFERROR(VLOOKUP($B5,'LOD 300 - ADMN'!$B:DN,117,FALSE),"N/A") -> 1 | BE5: =IFERROR(VLOOKUP($B5,'LOD 300 - ADMN'!$B:DQ,120,FALSE),"N/A") -> 1 | BF5: =IFERROR(VLOOKUP($B5,'LOD 300 - ADMN'!$B:DT,123,FALSE),"N/A") -> 1 | BG5: =IFERROR(VLOOKUP($B5,'LOD 300 - ADMN'!$B:DW,126,FALSE),"N/A") -> 1 | BH5: =IFERROR(VLOOKUP($B5,'LOD 300 - ADMN'!$B:DZ,129,FALSE),"N/A") -> 1 | BI5: =IFERROR(VLOOKUP($B5,'LOD 300 - ADMN'!$B:EC,132,FALSE),"N/A") -> 1 | BJ5: =IFERROR(__xludf.DUMMYFUNCTION("IFERROR( MAX(FILTER(X5:BI5, ISNUMBER(X5:BI5))), BI5 )"),1.0) -> 1 | BK5: =IFERROR(VLOOKUP($B5,'LOD 300 - COLO1'!$B:S,18,FALSE),"N/A") -> 0.6 | BL5: =IFERROR(VLOOKUP($B5,'LOD 300 - COLO1'!$B:V,21,FALSE),"N/A") -> OUTDATED MODEL | BM5: =IFERROR(VLOOKUP($B5,'LOD 300 - COLO1'!$B:Y,24,FALSE),"N/A") -> 0.78 | BN5: =IFERROR(VLOOKUP($B5,'LOD 300 - COLO1'!$B:AB,27,FALSE),"N/A") -> 0.78 | BO5: =IFERROR(VLOOKUP($B5,'LOD 300 - COLO1'!$B:AE,30,FALSE),"N/A") -> OUTDATED MODEL | BP5: =IFERROR(VLOOKUP($B5,'LOD 300 - COLO1'!$B:AH,33,FALSE),"N/A") -> OUTDATED MODEL | BQ5: =IFERROR(VLOOKUP($B5,'LOD 300 - COLO1'!$B:AK,36,FALSE),"N/A") -> OUTDATED MODEL | BR5: =IFERROR(VLOOKUP($B5,'LOD 300 - COLO1'!$B:AN,39,FALSE),"N/A") -> 0.93 | BS5: =IFERROR(VLOOKUP($B5,'LOD 300 - COLO1'!$B:AQ,42,FALSE),"N/A") -> OUTDATED MODEL | BT5: =IFERROR(VLOOKUP($B5,'LOD 300 - COLO1'!$B:AT,45,FALSE),"N/A") -> NEXT ROUND | BU5: =IFERROR(VLOOKUP($B5,'LOD 300 - COLO1'!$B:AW,48,FALSE),"N/A") -> 1 | BV5: =IFERROR(VLOOKUP($B5,'LOD 300 - COLO1'!$B:AZ,51,FALSE),"N/A") -> 1 | BW5: =IFERROR(VLOOKUP($B5,'LOD 300 - COLO1'!$B:BC,54,FALSE),"N/A") -> 1 | BX5: =IFERROR(VLOOKUP($B5,'LOD 300 - COLO1'!$B:BF,57,FALSE),"N/A") -> 1 | BY5: =IFERROR(VLOOKUP($B5,'LOD 300 - COLO1'!$B:BI,60,FALSE),"N/A") -> 1 | BZ5: =IFERROR(VLOOKUP($B5,'LOD 300 - COLO1'!$B:BL,63,FALSE),"N/A") -> 1 | CA5: =IFERROR(VLOOKUP($B5,'LOD 300 - COLO1'!$B:BO,66,FALSE),"N/A") -> 1 | CB5: =IFERROR(VLOOKUP($B5,'LOD 300 - COLO1'!$B:BR,69,FALSE),"N/A") -> 1 | CC5: =IFERROR(VLOOKUP($B5,'LOD 300 - COLO1'!$B:BU,72,FALSE),"N/A") -> 1 | CD5: =IFERROR(VLOOKUP($B5,'LOD 300 - COLO1'!$B:BX,75,FALSE),"N/A") -> 1 | CE5: =IFERROR(VLOOKUP($B5,'LOD 300 - COLO1'!$B:CA,78,FALSE),"N/A") -> 1 | CF5: =IFERROR(VLOOKUP($B5,'LOD 300 - COLO1'!$B:CD,81,FALSE),"N/A") -> 1 | CG5: =IFERROR(VLOOKUP($B5,'LOD 300 - COLO1'!$B:CG,84,FALSE),"N/A") -> 1 | CH5: =IFERROR(VLOOKUP($B5,'LOD 300 - COLO1'!$B:CJ,87,FALSE),"N/A") -> 1 | CI5: =IFERROR(VLOOKUP($B5,'LOD 300 - COLO1'!$B:CM,90,FALSE),"N/A") -> 1 | CJ5: =IFERROR(VLOOKUP($B5,'LOD 300 - COLO1'!$B:CP,93,FALSE),"N/A") -> 1 | CK5: =IFERROR(VLOOKUP($B5,'LOD 300 - COLO1'!$B:CS,96,FALSE),"N/A") -> 1 | CL5: =IFERROR(VLOOKUP($B5,'LOD 300 - COLO1'!$B:CV,99,FALSE),"N/A") -> 1 | CM5: =IFERROR(VLOOKUP($B5,'LOD 300 - COLO1'!$B:CY,102,FALSE),"N/A") -> 1 | CN5: =IFERROR(VLOOKUP($B5,'LOD 300 - COLO1'!$B:DB,105,FALSE),"N/A") -> 1 | CO5: =IFERROR(VLOOKUP($B5,'LOD 300 - COLO1'!$B:EE,108,FALSE),"N/A") -> 1 | CP5: =IFERROR(VLOOKUP($B5,'LOD 300 - COLO1'!$B:EH,111,FALSE),"N/A") -> 1 | CQ5: =IFERROR(VLOOKUP($B5,'LOD 300 - COLO1'!$B:EK,114,FALSE),"N/A") -> 1 | CR5: =IFERROR(VLOOKUP($B5,'LOD 300 - COLO1'!$B:EN,117,FALSE),"N/A") -> 1 | CS5: =IFERROR(VLOOKUP($B5,'LOD 300 - COLO1'!$B:EQ,120,FALSE),"N/A") -> 1 | CT5: =IFERROR(VLOOKUP($B5,'LOD 300 - COLO1'!$B:ET,123,FALSE),"N/A") -> 1 | CU5: =IFERROR(VLOOKUP($B5,'LOD 300 - COLO1'!$B:EW,126,FALSE),"N/A") -> 1 | CV5: =IFERROR(VLOOKUP($B5,'LOD 300 - COLO1'!$B:EZ,129,FALSE),"N/A") -> 1 | CW5: =IFERROR(VLOOKUP($B5,'LOD 300 - COLO1'!$B:FC,132,FALSE),"N/A") -> 1 | CX5: =IFERROR(__xludf.DUMMYFUNCTION("IFERROR( MAX(FILTER(BK5:CW5, ISNUMBER(BK5:CW5))), CW5 )"),1.0) -> 1 | CY5: =IFERROR(VLOOKUP($B5,'LOD 300 - COLO2'!$B:S,18,FALSE),"N/A") -> 0.73 | CZ5: =IFERROR(VLOOKUP($B5,'LOD 300 - COLO2'!$B:V,21,FALSE),"N/A") -> OUTDATED MODEL | DA5: =IFERROR(VLOOKUP($B5,'LOD 300 - COLO2'!$B:Y,24,FALSE),"N/A") -> OUTDATED MODEL | DB5: =IFERROR(VLOOKUP($B5,'LOD 300 - COLO2'!$B:AB,27,FALSE),"N/A") -> 0.84 | DC5: =IFERROR(VLOOKUP($B5,'LOD 300 - COLO2'!$B:AE,30,FALSE),"N/A") -> OUTDATED MODEL | DD5: =IFERROR(VLOOKUP($B5,'LOD 300 - COLO2'!$B:AH,33,FALSE),"N/A") -> NEXT ROUND | DE5: =IFERROR(VLOOKUP($B5,'LOD 300 - COLO2'!$B:AK,36,FALSE),"N/A") -> 1 | DF5: =IFERROR(VLOOKUP($B5,'LOD 300 - COLO2'!$B:AN,39,FALSE),"N/A") -> 1 | DG5: =IFERROR(VLOOKUP($B5,'LOD 300 - COLO2'!$B:AQ,42,FALSE),"N/A") -> 1 | DH5: =IFERROR(VLOOKUP($B5,'LOD 300 - COLO2'!$B:AT,45,FALSE),"N/A") -> 1 | DI5: =IFERROR(VLOOKUP($B5,'LOD 300 - COLO2'!$B:AW,48,FALSE),"N/A") -> 1 | DJ5: =IFERROR(VLOOKUP($B5,'LOD 300 - COLO2'!$B:AZ,51,FALSE),"N/A") -> 1 | DK5: =IFERROR(VLOOKUP($B5,'LOD 300 - COLO2'!$B:BC,54,FALSE),"N/A") -> 1 | DL5: =IFERROR(VLOOKUP($B5,'LOD 300 - COLO2'!$B:BF,57,FALSE),"N/A") -> 1 | DM5: =IFERROR(VLOOKUP($B5,'LOD 300 - COLO2'!$B:BI,60,FALSE),"N/A") -> 1 | DN5: =IFERROR(VLOOKUP($B5,'LOD 300 - COLO2'!$B:BL,63,FALSE),"N/A") -> 1 | DO5: =IFERROR(VLOOKUP($B5,'LOD 300 - COLO2'!$B:BO,66,FALSE),"N/A") -> 1 | DP5: =IFERROR(VLOOKUP($B5,'LOD 300 - COLO2'!$B:BR,69,FALSE),"N/A") -> 1 | DQ5: =IFERROR(VLOOKUP($B5,'LOD 300 - COLO2'!$B:BU,72,FALSE),"N/A") -> 1 | DR5: =IFERROR(VLOOKUP($B5,'LOD 300 - COLO2'!$B:BX,75,FALSE),"N/A") -> 1 | DS5: =IFERROR(VLOOKUP($B5,'LOD 300 - COLO2'!$B:CA,78,FALSE),"N/A") -> 1 | DT5: =IFERROR(VLOOKUP($B5,'LOD 300 - COLO2'!$B:CD,81,FALSE),"N/A") -> 1 | DU5: =IFERROR(VLOOKUP($B5,'LOD 300 - COLO2'!$B:CG,84,FALSE),"N/A") -> 1 | DV5: =IFERROR(VLOOKUP($B5,'LOD 300 - COLO2'!$B:CJ,87,FALSE),"N/A") -> 1 | DW5: =IFERROR(VLOOKUP($B5,'LOD 300 - COLO2'!$B:CM,90,FALSE),"N/A") -> 1 | DX5: =IFERROR(VLOOKUP($B5,'LOD 300 - COLO2'!$B:CP,93,FALSE),"N/A") -> 1 | DY5: =IFERROR(VLOOKUP($B5,'LOD 300 - COLO2'!$B:CS,96,FALSE),"N/A") -> 1 | DZ5: =IFERROR(VLOOKUP($B5,'LOD 300 - COLO2'!$B:CV,99,FALSE),"N/A") -> 1 | EA5: =IFERROR(VLOOKUP($B5,'LOD 300 - COLO2'!$B:DB,105,FALSE),"N/A") -> 1 | EB5: =IFERROR(VLOOKUP($B5,'LOD 300 - COLO2'!$B:DB,105,FALSE),"N/A") -> 1 | EC5: =IFERROR(VLOOKUP($B5,'LOD 300 - COLO2'!$B:DE,108,FALSE),"N/A") -> 1 | ED5: =IFERROR(VLOOKUP($B5,'LOD 300 - COLO2'!$B:DH,111,FALSE),"N/A") -> 1 | EE5: =IFERROR(VLOOKUP($B5,'LOD 300 - COLO2'!$B:DK,114,FALSE),"N/A") -> 1 | EF5: =IFERROR(VLOOKUP($B5,'LOD 300 - COLO2'!$B:DN,117,FALSE),"N/A") -> 1 | EG5: =IFERROR(VLOOKUP($B5,'LOD 300 - COLO2'!$B:DQ,120,FALSE),"N/A") -> 1 | EH5: =IFERROR(__xludf.DUMMYFUNCTION("IFERROR( MAX(FILTER(CZ5:EG5, ISNUMBER(CZ5:EG5))), EG5 )"),1.0) -> 1 | EI5: =IFERROR(VLOOKUP($B5,'LOD 300 - COLO3'!$B:R,17,FALSE),"N/A") -> 0 | EJ5: =IFERROR(VLOOKUP($B5,'LOD 300 - COLO3'!$B:U,20,FALSE),"N/A") -> 0.97 | EK5: =IFERROR(VLOOKUP($B5,'LOD 300 - COLO3'!$B:X,23,FALSE),"N/A") -> NEXT ROUND | EL5: =IFERROR(VLOOKUP($B5,'LOD 300 - COLO3'!$B:AA,26,FALSE),"N/A") -> 1 | EM5: =IFERROR(VLOOKUP($B5,'LOD 300 - COLO3'!$B:AD,29,FALSE),"N/A") -> 1 | EN5: =IFERROR(VLOOKUP($B5,'LOD 300 - COLO3'!$B:AG,32,FALSE),"N/A") -> 1 | EO5: =IFERROR(VLOOKUP($B5,'LOD 300 - COLO3'!$B:AJ,35,FALSE),"N/A") -> 1 | EP5: =IFERROR(VLOOKUP($B5,'LOD 300 - COLO3'!$B:AM,38,FALSE),"N/A") -> 1 | EQ5: =IFERROR(VLOOKUP($B5,'LOD 300 - COLO3'!$B:AP,41,FALSE),"N/A") -> 1 | ER5: =IFERROR(VLOOKUP($B5,'LOD 300 - COLO3'!$B:AS,44,FALSE),"N/A") -> 1 | ES5: =IFERROR(VLOOKUP($B5,'LOD 300 - COLO3'!$B:AV,47,FALSE),"N/A") -> 1 | ET5: =IFERROR(VLOOKUP($B5,'LOD 300 - COLO3'!$B:AY,50,FALSE),"N/A") -> 1 | EU5: =IFERROR(VLOOKUP($B5,'LOD 300 - COLO3'!$B:BB,53,FALSE),"N/A") -> 1 | EV5: =IFERROR(VLOOKUP($B5,'LOD 300 - COLO3'!$B:BE,56,FALSE),"N/A") -> 1 | EW5: =IFERROR(VLOOKUP($B5,'LOD 300 - COLO3'!$B:BL,59,FALSE),"N/A") -> 1 | EX5: =IFERROR(VLOOKUP($B5,'LOD 300 - COLO3'!$B:BO,62,FALSE),"N/A") -> 1 | EY5: =IFERROR(__xludf.DUMMYFUNCTION("IFERROR( MAX(FILTER(EI5:EX5, ISNUMBER(EI5:EX5))), EX5 )"),1.0) -> 1 | EZ5: =IFERROR(VLOOKUP($B5,'LOD 300 - COLO4'!$B:BT,17,FALSE),"N/A") -> 0 | FA5: =IFERROR(__xludf.DUMMYFUNCTION("IFERROR( MAX(FILTER(EZ5, ISNUMBER(EZ5))), EZ5 )"),0.0) -> 0 | FB5: =IFERROR(VLOOKUP($B5,'LOD 300 - SITE'!$B:S,18,FALSE),"N/A") -> N/A | FC5: =IFERROR(VLOOKUP($B5,'LOD 300 - SITE'!$B:V,21,FALSE),"N/A") -> N/A | FD5: =IFERROR(VLOOKUP($B5,'LOD 300 - SITE'!$B:Y,24,FALSE),"N/A") -> N/A | FE5: =IFERROR(VLOOKUP($B5,'LOD 300 - SITE'!$B:AB,27,FALSE),"N/A") -> N/A | FF5: =IFERROR(VLOOKUP($B5,'LOD 300 - SITE'!$B:AE,30,FALSE),"N/A") -> N/A | FG5: =IFERROR(VLOOKUP($B5,'LOD 300 - SITE'!$B:AH,33,FALSE),"N/A") -> N/A | FH5: =IFERROR(VLOOKUP($B5,'LOD 300 - SITE'!$B:AK,36,FALSE),"N/A") -> N/A | FI5: =IFERROR(VLOOKUP($B5,'LOD 300 - SITE'!$B:AN,39,FALSE),"N/A") -> N/A | FJ5: =IFERROR(VLOOKUP($B5,'LOD 300 - SITE'!$B:AQ,42,FALSE),"N/A") -> N/A | FK5: =IFERROR(VLOOKUP($B5,'LOD 300 - SITE'!$B:AT,45,FALSE),"N/A") -> N/A | FL5: =IFERROR(VLOOKUP($B5,'LOD 300 - SITE'!$B:AW,48,FALSE),"N/A") -> N/A | FM5: =IFERROR(VLOOKUP($B5,'LOD 300 - SITE'!$B:AZ,51,FALSE),"N/A") -> N/A | FN5: =IFERROR(VLOOKUP($B5,'LOD 300 - SITE'!$B:BC,54,FALSE),"N/A") -> N/A | FO5: =IFERROR(VLOOKUP($B5,'LOD 300 - SITE'!$B:BF,57,FALSE),"N/A") -> N/A | FP5: =IFERROR(VLOOKUP($B5,'LOD 300 - SITE'!$B:BI,60,FALSE),"N/A") -> N/A | FQ5: =IFERROR(VLOOKUP($B5,'LOD 300 - SITE'!$B:BL,63,FALSE),"N/A") -> N/A | FR5: =IFERROR(VLOOKUP($B5,'LOD 300 - SITE'!$B:BO,66,FALSE),"N/A") -> N/A | FS5: =IFERROR(VLOOKUP($B5,'LOD 300 - SITE'!$B:BR,69,FALSE),"N/A") -> N/A | FT5: =IFERROR(VLOOKUP($B5,'LOD 300 - SITE'!$B:BU,72,FALSE),"N/A") -> N/A | FU5: =IFERROR(VLOOKUP($B5,'LOD 300 - SITE'!$B:BX,75,FALSE),"N/A") -> N/A | FV5: =IFERROR(VLOOKUP($B5,'LOD 300 - SITE'!$B:CA,78,FALSE),"N/A") -> N/A | FW5: =IFERROR(VLOOKUP($B5,'LOD 300 - SITE'!$B:CD,81,FALSE),"N/A") -> N/A | FX5: =IFERROR(VLOOKUP($B5,'LOD 300 - SITE'!$B:CG,84,FALSE),"N/A") -> N/A | FY5: =IFERROR(VLOOKUP($B5,'LOD 300 - SITE'!$B:CJ,87,FALSE),"N/A") -> N/A | FZ5: =IFERROR(VLOOKUP($B5,'LOD 300 - SITE'!$B:CM,90,FALSE),"N/A") -> N/A | GA5: =IFERROR(VLOOKUP($B5,'LOD 300 - SITE'!$B:CP,93,FALSE),"N/A") -> N/A | GB5: =IFERROR(VLOOKUP($B5,'LOD 300 - SITE'!$B:CS,96,FALSE),"N/A") -> N/A | GC5: =IFERROR(VLOOKUP($B5,'LOD 300 - SITE'!$B:CV,99,FALSE),"N/A") -> N/A | GD5: =IFERROR(VLOOKUP($B5,'LOD 300 - SITE'!$B:CY,102,FALSE),"N/A") -> N/A | GE5: =IFERROR(VLOOKUP($B5,'LOD 300 - SITE'!$B:DB,105,FALSE),"N/A") -> N/A | GF5: =IFERROR(VLOOKUP($B5,'LOD 300 - SITE'!$B:DE,108,FALSE),"N/A") -> N/A | GG5: =IFERROR(VLOOKUP($B5,'LOD 300 - SITE'!$B:DH,111,FALSE),"N/A") -> N/A | GH5: =IFERROR(VLOOKUP($B5,'LOD 300 - SITE'!$B:DK,114,FALSE),"N/A") -> N/A | GI5: =IFERROR(VLOOKUP($B5,'LOD 300 - SITE'!$B:DN,117,FALSE),"N/A") -> N/A | GJ5: =IFERROR(VLOOKUP($B5,'LOD 300 - SITE'!$B:DQ,120,FALSE),"N/A") -> N/A | GK5: =IFERROR(VLOOKUP($B5,'LOD 300 - SITE'!$B:DT,123,FALSE),"N/A") -> N/A | GL5: =IFERROR(VLOOKUP($B5,'LOD 300 - SITE'!$B:DW,126,FALSE),"N/A") -> N/A | GM5: =IFERROR(__xludf.DUMMYFUNCTION("IFERROR( MAX(FILTER(FB5:GL5, ISNUMBER(FB5:GL5))), GL5 )"),"N/A") -> N/A
A6: 3 | B6: CPQ11-ARCH-ARCH-SITE-R24.rvt | C6: CPQ11-ARCH-ARCH-SITE-R22.rvt | D6: SITE | E6: ARE ARQUITETURA | F6: 1130 | G6: ARE ARQUITETURA | H6: 1130 | I6: =IFERROR(VLOOKUP(C3:C145,'R22 RELATÓRIO ACC'!B:F,5,FALSE),"NOT PUBLISHED") -> V28 | J6: =IFERROR(VLOOKUP(C3:C145,'R22 RELATÓRIO ACC'!B:P,15,FALSE),"NOT PUBLISHED") -> 17/04/2026 | K6: =IFERROR(VLOOKUP(B3:B189,'RELATÓRIO ACC'!B:F,5,FALSE),"NOT PUBLISHED") -> V4 | L6: =IFERROR(VLOOKUP(B3:B189,'RELATÓRIO ACC'!B:P,15,FALSE),"NOT PUBLISHED") -> 15/07/2026 | M6: =IF(OR($D6="UTLS",$D6="GUAR",$D6="STIR",$D6="PUMP",$D6="SITE"), VLOOKUP($B6,'LOD 300 - SITE'!B:M,12,FALSE), VLOOKUP($B6,'LOD 300 - ADMN'!B:M,12,FALSE) ) -> V19 | N6: =IF(OR($D6="UTLS",$D6="GUAR",$D6="STIR",$D6="PUMP",$D6="SITE"), VLOOKUP($B6,'LOD 300 - SITE'!B:N,13,FALSE), VLOOKUP($B6,'LOD 300 - ADMN'!B:N,13,FALSE) ) -> 17/10/2025 | O6: =IF(OR($D6="UTLS",$D6="GUAR",$D6="STIR",$D6="PUMP",$D6="SITE"), VLOOKUP($B6,'LOD 300 - SITE'!B:O,14,FALSE), VLOOKUP($B6,'LOD 300 - ADMN'!B:O,14,FALSE) ) -> R22 | P6: =IF(OR($D6="C345",$D6="C12A",$D6="DATA"), VLOOKUP($B6,'LOD 300 - COLO3'!B:M,12,FALSE),"N/A") -> N/A | Q6: =IF(OR($D6="C345",$D6="C12A",$D6="DATA"), VLOOKUP($B6,'LOD 300 - COLO3'!B:N,13,FALSE),"N/A") -> N/A | R6: =IF(OR($D6="C345",$D6="C12A",$D6="DATA"), VLOOKUP($B6,'LOD 300 - COLO3'!B:O,14,FALSE),"N/A") -> N/A | S6: =IF(OR($D6="C345",$D6="C12A",$D6="DATA"), VLOOKUP($B6,'LOD 300 - COLO4'!B:M,12,FALSE),"N/A") -> N/A | T6: =IF(OR($D6="C345",$D6="C12A",$D6="DATA"), VLOOKUP($B6,'LOD 300 - COLO4'!B:T,13,FALSE),"N/A") -> N/A | U6: =IF(OR($D6="C345",$D6="C12A",$D6="DATA"), VLOOKUP($B6,'LOD 300 - COLO4'!B:U,17,FALSE),"N/A") -> N/A | V6: ALINNE | W6: =IFERROR(VLOOKUP($B6,'LOD 300 - ADMN'!$B:S,18,FALSE),"N/A") -> N/A | X6: =IFERROR(VLOOKUP($B6,'LOD 300 - ADMN'!$B:V,21,FALSE),"N/A") -> N/A | Y6: =IFERROR(VLOOKUP($B6,'LOD 300 - ADMN'!$B:Y,24,FALSE),"N/A") -> N/A | Z6: =IFERROR(VLOOKUP($B6,'LOD 300 - ADMN'!$B:AB,27,FALSE),"N/A") -> N/A | AA6: =IFERROR(VLOOKUP($B6,'LOD 300 - ADMN'!$B:AE,30,FALSE),"N/A") -> N/A | AB6: =IFERROR(VLOOKUP($B6,'LOD 300 - ADMN'!$B:AH,33,FALSE),"N/A") -> N/A | AC6: =IFERROR(VLOOKUP($B6,'LOD 300 - ADMN'!$B:AK,36,FALSE),"N/A") -> N/A | AD6: =IFERROR(VLOOKUP($B6,'LOD 300 - ADMN'!$B:AN,39,FALSE),"N/A") -> N/A | AE6: =IFERROR(VLOOKUP($B6,'LOD 300 - ADMN'!$B:AQ,42,FALSE),"N/A") -> N/A | AF6: =IFERROR(VLOOKUP($B6,'LOD 300 - ADMN'!$B:AT,45,FALSE),"N/A") -> N/A | AG6: =IFERROR(VLOOKUP($B6,'LOD 300 - ADMN'!$B:AW,48,FALSE),"N/A") -> N/A | AH6: =IFERROR(VLOOKUP($B6,'LOD 300 - ADMN'!$B:AZ,51,FALSE),"N/A") -> N/A | AI6: =IFERROR(VLOOKUP($B6,'LOD 300 - ADMN'!$B:BC,54,FALSE),"N/A") -> N/A | AJ6: =IFERROR(VLOOKUP($B6,'LOD 300 - ADMN'!$B:BF,57,FALSE),"N/A") -> N/A | AK6: =IFERROR(VLOOKUP($B6,'LOD 300 - ADMN'!$B:EP,60,FALSE),"N/A") -> N/A | AL6: =IFERROR(VLOOKUP($B6,'LOD 300 - ADMN'!$B:EQ,63,FALSE),"N/A") -> N/A | AM6: =IFERROR(VLOOKUP($B6,'LOD 300 - ADMN'!$B:BO,66,FALSE),"N/A") -> N/A | AN6: =IFERROR(VLOOKUP($B6,'LOD 300 - ADMN'!$B:BR,69,FALSE),"N/A") -> N/A | AO6: =IFERROR(VLOOKUP($B6,'LOD 300 - ADMN'!$B:BU,72,FALSE),"N/A") -> N/A | AP6: =IFERROR(VLOOKUP($B6,'LOD 300 - ADMN'!$B:BX,75,FALSE),"N/A") -> N/A | AQ6: =IFERROR(VLOOKUP($B6,'LOD 300 - ADMN'!$B:CA,78,FALSE),"N/A") -> N/A | AR6: =IFERROR(VLOOKUP($B6,'LOD 300 - ADMN'!$B:CD,81,FALSE),"N/A") -> N/A | AS6: =IFERROR(VLOOKUP($B6,'LOD 300 - ADMN'!$B:CG,84,FALSE),"N/A") -> N/A | AT6: =IFERROR(VLOOKUP($B6,'LOD 300 - ADMN'!$B:CJ,87,FALSE),"N/A") -> N/A | AU6: =IFERROR(VLOOKUP($B6,'LOD 300 - ADMN'!$B:CM,90,FALSE),"N/A") -> N/A | AV6: =IFERROR(VLOOKUP($B6,'LOD 300 - ADMN'!$B:CP,93,FALSE),"N/A") -> N/A | AW6: =IFERROR(VLOOKUP($B6,'LOD 300 - ADMN'!$B:CS,96,FALSE),"N/A") -> N/A | AX6: =IFERROR(VLOOKUP($B6,'LOD 300 - ADMN'!$B:CV,99,FALSE),"N/A") -> N/A | AY6: =IFERROR(VLOOKUP($B6,'LOD 300 - ADMN'!$B:CY,102,FALSE),"N/A") -> N/A | AZ6: =IFERROR(VLOOKUP($B6,'LOD 300 - ADMN'!$B:DB,105,FALSE),"N/A") -> N/A | BA6: =IFERROR(VLOOKUP($B6,'LOD 300 - ADMN'!$B:DE,108,FALSE),"N/A") -> N/A | BB6: =IFERROR(VLOOKUP($B6,'LOD 300 - ADMN'!$B:DH,111,FALSE),"N/A") -> N/A | BC6: =IFERROR(VLOOKUP($B6,'LOD 300 - ADMN'!$B:DK,114,FALSE),"N/A") -> N/A | BD6: =IFERROR(VLOOKUP($B6,'LOD 300 - ADMN'!$B:DN,117,FALSE),"N/A") -> N/A | BE6: =IFERROR(VLOOKUP($B6,'LOD 300 - ADMN'!$B:DQ,120,FALSE),"N/A") -> N/A | BF6: =IFERROR(VLOOKUP($B6,'LOD 300 - ADMN'!$B:DT,123,FALSE),"N/A") -> N/A | BG6: =IFERROR(VLOOKUP($B6,'LOD 300 - ADMN'!$B:DW,126,FALSE),"N/A") -> N/A | BH6: =IFERROR(VLOOKUP($B6,'LOD 300 - ADMN'!$B:DZ,129,FALSE),"N/A") -> N/A | BI6: =IFERROR(VLOOKUP($B6,'LOD 300 - ADMN'!$B:EC,132,FALSE),"N/A") -> N/A | BJ6: =IFERROR(__xludf.DUMMYFUNCTION("IFERROR( MAX(FILTER(X6:BI6, ISNUMBER(X6:BI6))), BI6 )"),"N/A") -> N/A | BK6: =IFERROR(VLOOKUP($B6,'LOD 300 - COLO1'!$B:S,18,FALSE),"N/A") -> N/A | BL6: =IFERROR(VLOOKUP($B6,'LOD 300 - COLO1'!$B:V,21,FALSE),"N/A") -> N/A | BM6: =IFERROR(VLOOKUP($B6,'LOD 300 - COLO1'!$B:Y,24,FALSE),"N/A") -> N/A | BN6: =IFERROR(VLOOKUP($B6,'LOD 300 - COLO1'!$B:AB,27,FALSE),"N/A") -> N/A | BO6: =IFERROR(VLOOKUP($B6,'LOD 300 - COLO1'!$B:AE,30,FALSE),"N/A") -> N/A | BP6: =IFERROR(VLOOKUP($B6,'LOD 300 - COLO1'!$B:AH,33,FALSE),"N/A") -> N/A | BQ6: =IFERROR(VLOOKUP($B6,'LOD 300 - COLO1'!$B:AK,36,FALSE),"N/A") -> N/A | BR6: =IFERROR(VLOOKUP($B6,'LOD 300 - COLO1'!$B:AN,39,FALSE),"N/A") -> N/A | BS6: =IFERROR(VLOOKUP($B6,'LOD 300 - COLO1'!$B:AQ,42,FALSE),"N/A") -> N/A | BT6: =IFERROR(VLOOKUP($B6,'LOD 300 - COLO1'!$B:AT,45,FALSE),"N/A") -> N/A | BU6: =IFERROR(VLOOKUP($B6,'LOD 300 - COLO1'!$B:AW,48,FALSE),"N/A") -> N/A | BV6: =IFERROR(VLOOKUP($B6,'LOD 300 - COLO1'!$B:AZ,51,FALSE),"N/A") -> N/A | BW6: =IFERROR(VLOOKUP($B6,'LOD 300 - COLO1'!$B:BC,54,FALSE),"N/A") -> N/A | BX6: =IFERROR(VLOOKUP($B6,'LOD 300 - COLO1'!$B:BF,57,FALSE),"N/A") -> N/A | BY6: =IFERROR(VLOOKUP($B6,'LOD 300 - COLO1'!$B:BI,60,FALSE),"N/A") -> N/A | BZ6: =IFERROR(VLOOKUP($B6,'LOD 300 - COLO1'!$B:BL,63,FALSE),"N/A") -> N/A | CA6: =IFERROR(VLOOKUP($B6,'LOD 300 - COLO1'!$B:BO,66,FALSE),"N/A") -> N/A | CB6: =IFERROR(VLOOKUP($B6,'LOD 300 - COLO1'!$B:BR,69,FALSE),"N/A") -> N/A | CC6: =IFERROR(VLOOKUP($B6,'LOD 300 - COLO1'!$B:BU,72,FALSE),"N/A") -> N/A | CD6: =IFERROR(VLOOKUP($B6,'LOD 300 - COLO1'!$B:BX,75,FALSE),"N/A") -> N/A | CE6: =IFERROR(VLOOKUP($B6,'LOD 300 - COLO1'!$B:CA,78,FALSE),"N/A") -> N/A | CF6: =IFERROR(VLOOKUP($B6,'LOD 300 - COLO1'!$B:CD,81,FALSE),"N/A") -> N/A | CG6: =IFERROR(VLOOKUP($B6,'LOD 300 - COLO1'!$B:CG,84,FALSE),"N/A") -> N/A | CH6: =IFERROR(VLOOKUP($B6,'LOD 300 - COLO1'!$B:CJ,87,FALSE),"N/A") -> N/A | CI6: =IFERROR(VLOOKUP($B6,'LOD 300 - COLO1'!$B:CM,90,FALSE),"N/A") -> N/A | CJ6: =IFERROR(VLOOKUP($B6,'LOD 300 - COLO1'!$B:CP,93,FALSE),"N/A") -> N/A | CK6: =IFERROR(VLOOKUP($B6,'LOD 300 - COLO1'!$B:CS,96,FALSE),"N/A") -> N/A | CL6: =IFERROR(VLOOKUP($B6,'LOD 300 - COLO1'!$B:CV,99,FALSE),"N/A") -> N/A | CM6: =IFERROR(VLOOKUP($B6,'LOD 300 - COLO1'!$B:CY,102,FALSE),"N/A") -> N/A | CN6: =IFERROR(VLOOKUP($B6,'LOD 300 - COLO1'!$B:DB,105,FALSE),"N/A") -> N/A | CO6: =IFERROR(VLOOKUP($B6,'LOD 300 - COLO1'!$B:EE,108,FALSE),"N/A") -> N/A | CP6: =IFERROR(VLOOKUP($B6,'LOD 300 - COLO1'!$B:EH,111,FALSE),"N/A") -> N/A | CQ6: =IFERROR(VLOOKUP($B6,'LOD 300 - COLO1'!$B:EK,114,FALSE),"N/A") -> N/A | CR6: =IFERROR(VLOOKUP($B6,'LOD 300 - COLO1'!$B:EN,117,FALSE),"N/A") -> N/A | CS6: =IFERROR(VLOOKUP($B6,'LOD 300 - COLO1'!$B:EQ,120,FALSE),"N/A") -> N/A | CT6: =IFERROR(VLOOKUP($B6,'LOD 300 - COLO1'!$B:ET,123,FALSE),"N/A") -> N/A | CU6: =IFERROR(VLOOKUP($B6,'LOD 300 - COLO1'!$B:EW,126,FALSE),"N/A") -> N/A | CV6: =IFERROR(VLOOKUP($B6,'LOD 300 - COLO1'!$B:EZ,129,FALSE),"N/A") -> N/A | CW6: =IFERROR(VLOOKUP($B6,'LOD 300 - COLO1'!$B:FC,132,FALSE),"N/A") -> N/A | CX6: =IFERROR(__xludf.DUMMYFUNCTION("IFERROR( MAX(FILTER(BK6:CW6, ISNUMBER(BK6:CW6))), CW6 )"),"N/A") -> N/A | CY6: =IFERROR(VLOOKUP($B6,'LOD 300 - COLO2'!$B:S,18,FALSE),"N/A") -> N/A | CZ6: =IFERROR(VLOOKUP($B6,'LOD 300 - COLO2'!$B:V,21,FALSE),"N/A") -> N/A | DA6: =IFERROR(VLOOKUP($B6,'LOD 300 - COLO2'!$B:Y,24,FALSE),"N/A") -> N/A | DB6: =IFERROR(VLOOKUP($B6,'LOD 300 - COLO2'!$B:AB,27,FALSE),"N/A") -> N/A | DC6: =IFERROR(VLOOKUP($B6,'LOD 300 - COLO2'!$B:AE,30,FALSE),"N/A") -> N/A | DD6: =IFERROR(VLOOKUP($B6,'LOD 300 - COLO2'!$B:AH,33,FALSE),"N/A") -> N/A | DE6: =IFERROR(VLOOKUP($B6,'LOD 300 - COLO2'!$B:AK,36,FALSE),"N/A") -> N/A | DF6: =IFERROR(VLOOKUP($B6,'LOD 300 - COLO2'!$B:AN,39,FALSE),"N/A") -> N/A | DG6: =IFERROR(VLOOKUP($B6,'LOD 300 - COLO2'!$B:AQ,42,FALSE),"N/A") -> N/A | DH6: =IFERROR(VLOOKUP($B6,'LOD 300 - COLO2'!$B:AT,45,FALSE),"N/A") -> N/A | DI6: =IFERROR(VLOOKUP($B6,'LOD 300 - COLO2'!$B:AW,48,FALSE),"N/A") -> N/A | DJ6: =IFERROR(VLOOKUP($B6,'LOD 300 - COLO2'!$B:AZ,51,FALSE),"N/A") -> N/A | DK6: =IFERROR(VLOOKUP($B6,'LOD 300 - COLO2'!$B:BC,54,FALSE),"N/A") -> N/A | DL6: =IFERROR(VLOOKUP($B6,'LOD 300 - COLO2'!$B:BF,57,FALSE),"N/A") -> N/A | DM6: =IFERROR(VLOOKUP($B6,'LOD 300 - COLO2'!$B:BI,60,FALSE),"N/A") -> N/A | DN6: =IFERROR(VLOOKUP($B6,'LOD 300 - COLO2'!$B:BL,63,FALSE),"N/A") -> N/A | DO6: =IFERROR(VLOOKUP($B6,'LOD 300 - COLO2'!$B:BO,66,FALSE),"N/A") -> N/A | DP6: =IFERROR(VLOOKUP($B6,'LOD 300 - COLO2'!$B:BR,69,FALSE),"N/A") -> N/A | DQ6: =IFERROR(VLOOKUP($B6,'LOD 300 - COLO2'!$B:BU,72,FALSE),"N/A") -> N/A | DR6: =IFERROR(VLOOKUP($B6,'LOD 300 - COLO2'!$B:BX,75,FALSE),"N/A") -> N/A | DS6: =IFERROR(VLOOKUP($B6,'LOD 300 - COLO2'!$B:CA,78,FALSE),"N/A") -> N/A | DT6: =IFERROR(VLOOKUP($B6,'LOD 300 - COLO2'!$B:CD,81,FALSE),"N/A") -> N/A | DU6: =IFERROR(VLOOKUP($B6,'LOD 300 - COLO2'!$B:CG,84,FALSE),"N/A") -> N/A | DV6: =IFERROR(VLOOKUP($B6,'LOD 300 - COLO2'!$B:CJ,87,FALSE),"N/A") -> N/A | DW6: =IFERROR(VLOOKUP($B6,'LOD 300 - COLO2'!$B:CM,90,FALSE),"N/A") -> N/A | DX6: =IFERROR(VLOOKUP($B6,'LOD 300 - COLO2'!$B:CP,93,FALSE),"N/A") -> N/A | DY6: =IFERROR(VLOOKUP($B6,'LOD 300 - COLO2'!$B:CS,96,FALSE),"N/A") -> N/A | DZ6: =IFERROR(VLOOKUP($B6,'LOD 300 - COLO2'!$B:CV,99,FALSE),"N/A") -> N/A | EA6: =IFERROR(VLOOKUP($B6,'LOD 300 - COLO2'!$B:DB,105,FALSE),"N/A") -> N/A | EB6: =IFERROR(VLOOKUP($B6,'LOD 300 - COLO2'!$B:DB,105,FALSE),"N/A") -> N/A | EC6: =IFERROR(VLOOKUP($B6,'LOD 300 - COLO2'!$B:DE,108,FALSE),"N/A") -> N/A | ED6: =IFERROR(VLOOKUP($B6,'LOD 300 - COLO2'!$B:DH,111,FALSE),"N/A") -> N/A | EE6: =IFERROR(VLOOKUP($B6,'LOD 300 - COLO2'!$B:DK,114,FALSE),"N/A") -> N/A | EF6: =IFERROR(VLOOKUP($B6,'LOD 300 - COLO2'!$B:DN,117,FALSE),"N/A") -> N/A | EG6: =IFERROR(VLOOKUP($B6,'LOD 300 - COLO2'!$B:DQ,120,FALSE),"N/A") -> N/A | EH6: =IFERROR(__xludf.DUMMYFUNCTION("IFERROR( MAX(FILTER(CZ6:EG6, ISNUMBER(CZ6:EG6))), EG6 )"),"N/A") -> N/A | EI6: =IFERROR(VLOOKUP($B6,'LOD 300 - COLO3'!$B:R,17,FALSE),"N/A") -> N/A | EJ6: =IFERROR(VLOOKUP($B6,'LOD 300 - COLO3'!$B:U,20,FALSE),"N/A") -> N/A | EK6: =IFERROR(VLOOKUP($B6,'LOD 300 - COLO3'!$B:X,23,FALSE),"N/A") -> N/A | EL6: =IFERROR(VLOOKUP($B6,'LOD 300 - COLO3'!$B:AA,26,FALSE),"N/A") -> N/A | EM6: =IFERROR(VLOOKUP($B6,'LOD 300 - COLO3'!$B:AD,29,FALSE),"N/A") -> N/A | EN6: =IFERROR(VLOOKUP($B6,'LOD 300 - COLO3'!$B:AG,32,FALSE),"N/A") -> N/A | EO6: =IFERROR(VLOOKUP($B6,'LOD 300 - COLO3'!$B:AJ,35,FALSE),"N/A") -> N/A | EP6: =IFERROR(VLOOKUP($B6,'LOD 300 - COLO3'!$B:AM,38,FALSE),"N/A") -> N/A | EQ6: =IFERROR(VLOOKUP($B6,'LOD 300 - COLO3'!$B:AP,41,FALSE),"N/A") -> N/A | ER6: =IFERROR(VLOOKUP($B6,'LOD 300 - COLO3'!$B:AS,44,FALSE),"N/A") -> N/A | ES6: =IFERROR(VLOOKUP($B6,'LOD 300 - COLO3'!$B:AV,47,FALSE),"N/A") -> N/A | ET6: =IFERROR(VLOOKUP($B6,'LOD 300 - COLO3'!$B:AY,50,FALSE),"N/A") -> N/A | EU6: =IFERROR(VLOOKUP($B6,'LOD 300 - COLO3'!$B:BB,53,FALSE),"N/A") -> N/A | EV6: =IFERROR(VLOOKUP($B6,'LOD 300 - COLO3'!$B:BE,56,FALSE),"N/A") -> N/A | EW6: =IFERROR(VLOOKUP($B6,'LOD 300 - COLO3'!$B:BL,59,FALSE),"N/A") -> N/A | EX6: =IFERROR(VLOOKUP($B6,'LOD 300 - COLO3'!$B:BO,62,FALSE),"N/A") -> N/A | EY6: =IFERROR(__xludf.DUMMYFUNCTION("IFERROR( MAX(FILTER(EI6:EX6, ISNUMBER(EI6:EX6))), EX6 )"),"N/A") -> N/A | EZ6: =IFERROR(VLOOKUP($B6,'LOD 300 - COLO4'!$B:BT,17,FALSE),"N/A") -> N/A | FA6: =IFERROR(__xludf.DUMMYFUNCTION("IFERROR( MAX(FILTER(EZ6, ISNUMBER(EZ6))), EZ6 )"),"N/A") -> N/A | FB6: =IFERROR(VLOOKUP($B6,'LOD 300 - SITE'!$B:S,18,FALSE),"N/A") -> 0.78 | FC6: =IFERROR(VLOOKUP($B6,'LOD 300 - SITE'!$B:V,21,FALSE),"N/A") -> 0.84 | FD6: =IFERROR(VLOOKUP($B6,'LOD 300 - SITE'!$B:Y,24,FALSE),"N/A") -> 0.94 | FE6: =IFERROR(VLOOKUP($B6,'LOD 300 - SITE'!$B:AB,27,FALSE),"N/A") -> OUTDATED MODEL | FF6: =IFERROR(VLOOKUP($B6,'LOD 300 - SITE'!$B:AE,30,FALSE),"N/A") -> OUTDATED MODEL | FG6: =IFERROR(VLOOKUP($B6,'LOD 300 - SITE'!$B:AH,33,FALSE),"N/A") -> 0.98 | FH6: =IFERROR(VLOOKUP($B6,'LOD 300 - SITE'!$B:AK,36,FALSE),"N/A") -> 1 | FI6: =IFERROR(VLOOKUP($B6,'LOD 300 - SITE'!$B:AN,39,FALSE),"N/A") -> 1 | FJ6: =IFERROR(VLOOKUP($B6,'LOD 300 - SITE'!$B:AQ,42,FALSE),"N/A") -> 1 | FK6: =IFERROR(VLOOKUP($B6,'LOD 300 - SITE'!$B:AT,45,FALSE),"N/A") -> 1 | FL6: =IFERROR(VLOOKUP($B6,'LOD 300 - SITE'!$B:AW,48,FALSE),"N/A") -> 1 | FM6: =IFERROR(VLOOKUP($B6,'LOD 300 - SITE'!$B:AZ,51,FALSE),"N/A") -> 1 | FN6: =IFERROR(VLOOKUP($B6,'LOD 300 - SITE'!$B:BC,54,FALSE),"N/A") -> 1 | FO6: =IFERROR(VLOOKUP($B6,'LOD 300 - SITE'!$B:BF,57,FALSE),"N/A") -> 1 | FP6: =IFERROR(VLOOKUP($B6,'LOD 300 - SITE'!$B:BI,60,FALSE),"N/A") -> 1 | FQ6: =IFERROR(VLOOKUP($B6,'LOD 300 - SITE'!$B:BL,63,FALSE),"N/A") -> 1 | FR6: =IFERROR(VLOOKUP($B6,'LOD 300 - SITE'!$B:BO,66,FALSE),"N/A") -> 1 | FS6: =IFERROR(VLOOKUP($B6,'LOD 300 - SITE'!$B:BR,69,FALSE),"N/A") -> 1 | FT6: =IFERROR(VLOOKUP($B6,'LOD 300 - SITE'!$B:BU,72,FALSE),"N/A") -> 1 | FU6: =IFERROR(VLOOKUP($B6,'LOD 300 - SITE'!$B:BX,75,FALSE),"N/A") -> 1 | FV6: =IFERROR(VLOOKUP($B6,'LOD 300 - SITE'!$B:CA,78,FALSE),"N/A") -> 1 | FW6: =IFERROR(VLOOKUP($B6,'LOD 300 - SITE'!$B:CD,81,FALSE),"N/A") -> 1 | FX6: =IFERROR(VLOOKUP($B6,'LOD 300 - SITE'!$B:CG,84,FALSE),"N/A") -> 1 | FY6: =IFERROR(VLOOKUP($B6,'LOD 300 - SITE'!$B:CJ,87,FALSE),"N/A") -> 1 | FZ6: =IFERROR(VLOOKUP($B6,'LOD 300 - SITE'!$B:CM,90,FALSE),"N/A") -> 1 | GA6: =IFERROR(VLOOKUP($B6,'LOD 300 - SITE'!$B:CP,93,FALSE),"N/A") -> 1 | GB6: =IFERROR(VLOOKUP($B6,'LOD 300 - SITE'!$B:CS,96,FALSE),"N/A") -> 1 | GC6: =IFERROR(VLOOKUP($B6,'LOD 300 - SITE'!$B:CV,99,FALSE),"N/A") -> 1 | GD6: =IFERROR(VLOOKUP($B6,'LOD 300 - SITE'!$B:CY,102,FALSE),"N/A") -> 1 | GE6: =IFERROR(VLOOKUP($B6,'LOD 300 - SITE'!$B:DB,105,FALSE),"N/A") -> 1 | GF6: =IFERROR(VLOOKUP($B6,'LOD 300 - SITE'!$B:DE,108,FALSE),"N/A") -> 1 | GG6: =IFERROR(VLOOKUP($B6,'LOD 300 - SITE'!$B:DH,111,FALSE),"N/A") -> 1 | GH6: =IFERROR(VLOOKUP($B6,'LOD 300 - SITE'!$B:DK,114,FALSE),"N/A") -> 1 | GI6: =IFERROR(VLOOKUP($B6,'LOD 300 - SITE'!$B:DN,117,FALSE),"N/A") -> 1 | GJ6: =IFERROR(VLOOKUP($B6,'LOD 300 - SITE'!$B:DQ,120,FALSE),"N/A") -> 1 | GK6: =IFERROR(VLOOKUP($B6,'LOD 300 - SITE'!$B:DT,123,FALSE),"N/A") -> 1 | GL6: =IFERROR(VLOOKUP($B6,'LOD 300 - SITE'!$B:DW,126,FALSE),"N/A") -> 1 | GM6: =IFERROR(__xludf.DUMMYFUNCTION("IFERROR( MAX(FILTER(FB6:GL6, ISNUMBER(FB6:GL6))), GL6 )"),1.0) -> 1
A7: 9 | B7: CPQ11-ARCH-METL-SITE-R24.rvt | C7: CPQ11-ARCH-METL-SITE-R22.rvt | D7: SITE | E7: SERCOP | G7: ARE ARQUITETURA | I7: =IFERROR(VLOOKUP(C4:C146,'R22 RELATÓRIO ACC'!B:F,5,FALSE),"NOT PUBLISHED") -> V12 | J7: =IFERROR(VLOOKUP(C4:C146,'R22 RELATÓRIO ACC'!B:P,15,FALSE),"NOT PUBLISHED") -> 05/05/2026 | K7: =IFERROR(VLOOKUP(B7:B196,'RELATÓRIO ACC'!B:F,5,FALSE),"NOT PUBLISHED") -> V5 | L7: =IFERROR(VLOOKUP(B7:B196,'RELATÓRIO ACC'!B:P,15,FALSE),"NOT PUBLISHED") -> 22/06/2026 | M7: =IF(OR($D7="UTLS",$D7="GUAR",$D7="STIR",$D7="PUMP",$D7="SITE"), VLOOKUP($B7,'LOD 300 - SITE'!B:M,12,FALSE), VLOOKUP($B7,'LOD 300 - ADMN'!B:M,12,FALSE) ) -> V4 | N7: =IF(OR($D7="UTLS",$D7="GUAR",$D7="STIR",$D7="PUMP",$D7="SITE"), VLOOKUP($B7,'LOD 300 - SITE'!B:N,13,FALSE), VLOOKUP($B7,'LOD 300 - ADMN'!B:N,13,FALSE) ) -> 45978 | O7: =IF(OR($D7="UTLS",$D7="GUAR",$D7="STIR",$D7="PUMP",$D7="SITE"), VLOOKUP($B7,'LOD 300 - SITE'!B:O,14,FALSE), VLOOKUP($B7,'LOD 300 - ADMN'!B:O,14,FALSE) ) -> R22 | P7: =IF(OR($D7="C345",$D7="C12A",$D7="DATA"), VLOOKUP($B7,'LOD 300 - COLO3'!B:M,12,FALSE),"N/A") -> N/A | Q7: =IF(OR($D7="C345",$D7="C12A",$D7="DATA"), VLOOKUP($B7,'LOD 300 - COLO3'!B:N,13,FALSE),"N/A") -> N/A | R7: =IF(OR($D7="C345",$D7="C12A",$D7="DATA"), VLOOKUP($B7,'LOD 300 - COLO3'!B:O,14,FALSE),"N/A") -> N/A | S7: =IF(OR($D7="C345",$D7="C12A",$D7="DATA"), VLOOKUP($B7,'LOD 300 - COLO4'!B:M,12,FALSE),"N/A") -> N/A | T7: =IF(OR($D7="C345",$D7="C12A",$D7="DATA"), VLOOKUP($B7,'LOD 300 - COLO4'!B:T,13,FALSE),"N/A") -> N/A | U7: =IF(OR($D7="C345",$D7="C12A",$D7="DATA"), VLOOKUP($B7,'LOD 300 - COLO4'!B:U,17,FALSE),"N/A") -> N/A | W7: =IFERROR(VLOOKUP($B7,'LOD 300 - ADMN'!$B:S,18,FALSE),"N/A") -> N/A | X7: =IFERROR(VLOOKUP($B7,'LOD 300 - ADMN'!$B:V,21,FALSE),"N/A") -> N/A | Y7: =IFERROR(VLOOKUP($B7,'LOD 300 - ADMN'!$B:Y,24,FALSE),"N/A") -> N/A | Z7: =IFERROR(VLOOKUP($B7,'LOD 300 - ADMN'!$B:AB,27,FALSE),"N/A") -> N/A | AA7: =IFERROR(VLOOKUP($B7,'LOD 300 - ADMN'!$B:AE,30,FALSE),"N/A") -> N/A | AB7: =IFERROR(VLOOKUP($B7,'LOD 300 - ADMN'!$B:AH,33,FALSE),"N/A") -> N/A | AC7: =IFERROR(VLOOKUP($B7,'LOD 300 - ADMN'!$B:AK,36,FALSE),"N/A") -> N/A | AD7: =IFERROR(VLOOKUP($B7,'LOD 300 - ADMN'!$B:AN,39,FALSE),"N/A") -> N/A | AE7: =IFERROR(VLOOKUP($B7,'LOD 300 - ADMN'!$B:AQ,42,FALSE),"N/A") -> N/A | AF7: =IFERROR(VLOOKUP($B7,'LOD 300 - ADMN'!$B:AT,45,FALSE),"N/A") -> N/A | AG7: =IFERROR(VLOOKUP($B7,'LOD 300 - ADMN'!$B:AW,48,FALSE),"N/A") -> N/A | AH7: =IFERROR(VLOOKUP($B7,'LOD 300 - ADMN'!$B:AZ,51,FALSE),"N/A") -> N/A | AI7: =IFERROR(VLOOKUP($B7,'LOD 300 - ADMN'!$B:BC,54,FALSE),"N/A") -> N/A | AJ7: =IFERROR(VLOOKUP($B7,'LOD 300 - ADMN'!$B:BF,57,FALSE),"N/A") -> N/A | AK7: =IFERROR(VLOOKUP($B7,'LOD 300 - ADMN'!$B:EP,60,FALSE),"N/A") -> N/A | AL7: =IFERROR(VLOOKUP($B7,'LOD 300 - ADMN'!$B:EQ,63,FALSE),"N/A") -> N/A | AM7: =IFERROR(VLOOKUP($B7,'LOD 300 - ADMN'!$B:BO,66,FALSE),"N/A") -> N/A | AN7: =IFERROR(VLOOKUP($B7,'LOD 300 - ADMN'!$B:BR,69,FALSE),"N/A") -> N/A | AO7: =IFERROR(VLOOKUP($B7,'LOD 300 - ADMN'!$B:BU,72,FALSE),"N/A") -> N/A | AP7: =IFERROR(VLOOKUP($B7,'LOD 300 - ADMN'!$B:BX,75,FALSE),"N/A") -> N/A | AQ7: =IFERROR(VLOOKUP($B7,'LOD 300 - ADMN'!$B:CA,78,FALSE),"N/A") -> N/A | AR7: =IFERROR(VLOOKUP($B7,'LOD 300 - ADMN'!$B:CD,81,FALSE),"N/A") -> N/A | AS7: =IFERROR(VLOOKUP($B7,'LOD 300 - ADMN'!$B:CG,84,FALSE),"N/A") -> N/A | AT7: =IFERROR(VLOOKUP($B7,'LOD 300 - ADMN'!$B:CJ,87,FALSE),"N/A") -> N/A | AU7: =IFERROR(VLOOKUP($B7,'LOD 300 - ADMN'!$B:CM,90,FALSE),"N/A") -> N/A | AV7: =IFERROR(VLOOKUP($B7,'LOD 300 - ADMN'!$B:CP,93,FALSE),"N/A") -> N/A | AW7: =IFERROR(VLOOKUP($B7,'LOD 300 - ADMN'!$B:CS,96,FALSE),"N/A") -> N/A | AX7: =IFERROR(VLOOKUP($B7,'LOD 300 - ADMN'!$B:CV,99,FALSE),"N/A") -> N/A | AY7: =IFERROR(VLOOKUP($B7,'LOD 300 - ADMN'!$B:CY,102,FALSE),"N/A") -> N/A | AZ7: =IFERROR(VLOOKUP($B7,'LOD 300 - ADMN'!$B:DB,105,FALSE),"N/A") -> N/A | BA7: =IFERROR(VLOOKUP($B7,'LOD 300 - ADMN'!$B:DE,108,FALSE),"N/A") -> N/A | BB7: =IFERROR(VLOOKUP($B7,'LOD 300 - ADMN'!$B:DH,111,FALSE),"N/A") -> N/A | BC7: =IFERROR(VLOOKUP($B7,'LOD 300 - ADMN'!$B:DK,114,FALSE),"N/A") -> N/A | BD7: =IFERROR(VLOOKUP($B7,'LOD 300 - ADMN'!$B:DN,117,FALSE),"N/A") -> N/A | BE7: =IFERROR(VLOOKUP($B7,'LOD 300 - ADMN'!$B:DQ,120,FALSE),"N/A") -> N/A | BF7: =IFERROR(VLOOKUP($B7,'LOD 300 - ADMN'!$B:DT,123,FALSE),"N/A") -> N/A | BG7: =IFERROR(VLOOKUP($B7,'LOD 300 - ADMN'!$B:DW,126,FALSE),"N/A") -> N/A | BH7: =IFERROR(VLOOKUP($B7,'LOD 300 - ADMN'!$B:DZ,129,FALSE),"N/A") -> N/A | BI7: =IFERROR(VLOOKUP($B7,'LOD 300 - ADMN'!$B:EC,132,FALSE),"N/A") -> N/A | BJ7: =IFERROR(__xludf.DUMMYFUNCTION("IFERROR( MAX(FILTER(X7:BI7, ISNUMBER(X7:BI7))), BI7 )"),"N/A") -> N/A | BK7: =IFERROR(VLOOKUP($B7,'LOD 300 - COLO1'!$B:S,18,FALSE),"N/A") -> N/A | BL7: =IFERROR(VLOOKUP($B7,'LOD 300 - COLO1'!$B:V,21,FALSE),"N/A") -> N/A | BM7: =IFERROR(VLOOKUP($B7,'LOD 300 - COLO1'!$B:Y,24,FALSE),"N/A") -> N/A | BN7: =IFERROR(VLOOKUP($B7,'LOD 300 - COLO1'!$B:AB,27,FALSE),"N/A") -> N/A | BO7: =IFERROR(VLOOKUP($B7,'LOD 300 - COLO1'!$B:AE,30,FALSE),"N/A") -> N/A | BP7: =IFERROR(VLOOKUP($B7,'LOD 300 - COLO1'!$B:AH,33,FALSE),"N/A") -> N/A | BQ7: =IFERROR(VLOOKUP($B7,'LOD 300 - COLO1'!$B:AK,36,FALSE),"N/A") -> N/A | BR7: =IFERROR(VLOOKUP($B7,'LOD 300 - COLO1'!$B:AN,39,FALSE),"N/A") -> N/A | BS7: =IFERROR(VLOOKUP($B7,'LOD 300 - COLO1'!$B:AQ,42,FALSE),"N/A") -> N/A | BT7: =IFERROR(VLOOKUP($B7,'LOD 300 - COLO1'!$B:AT,45,FALSE),"N/A") -> N/A | BU7: =IFERROR(VLOOKUP($B7,'LOD 300 - COLO1'!$B:AW,48,FALSE),"N/A") -> N/A | BV7: =IFERROR(VLOOKUP($B7,'LOD 300 - COLO1'!$B:AZ,51,FALSE),"N/A") -> N/A | BW7: =IFERROR(VLOOKUP($B7,'LOD 300 - COLO1'!$B:BC,54,FALSE),"N/A") -> N/A | BX7: =IFERROR(VLOOKUP($B7,'LOD 300 - COLO1'!$B:BF,57,FALSE),"N/A") -> N/A | BY7: =IFERROR(VLOOKUP($B7,'LOD 300 - COLO1'!$B:BI,60,FALSE),"N/A") -> N/A | BZ7: =IFERROR(VLOOKUP($B7,'LOD 300 - COLO1'!$B:BL,63,FALSE),"N/A") -> N/A | CA7: =IFERROR(VLOOKUP($B7,'LOD 300 - COLO1'!$B:BO,66,FALSE),"N/A") -> N/A | CB7: =IFERROR(VLOOKUP($B7,'LOD 300 - COLO1'!$B:BR,69,FALSE),"N/A") -> N/A | CC7: =IFERROR(VLOOKUP($B7,'LOD 300 - COLO1'!$B:BU,72,FALSE),"N/A") -> N/A | CD7: =IFERROR(VLOOKUP($B7,'LOD 300 - COLO1'!$B:BX,75,FALSE),"N/A") -> N/A | CE7: =IFERROR(VLOOKUP($B7,'LOD 300 - COLO1'!$B:CA,78,FALSE),"N/A") -> N/A | CF7: =IFERROR(VLOOKUP($B7,'LOD 300 - COLO1'!$B:CD,81,FALSE),"N/A") -> N/A | CG7: =IFERROR(VLOOKUP($B7,'LOD 300 - COLO1'!$B:CG,84,FALSE),"N/A") -> N/A | CH7: =IFERROR(VLOOKUP($B7,'LOD 300 - COLO1'!$B:CJ,87,FALSE),"N/A") -> N/A | CI7: =IFERROR(VLOOKUP($B7,'LOD 300 - COLO1'!$B:CM,90,FALSE),"N/A") -> N/A | CJ7: =IFERROR(VLOOKUP($B7,'LOD 300 - COLO1'!$B:CP,93,FALSE),"N/A") -> N/A | CK7: =IFERROR(VLOOKUP($B7,'LOD 300 - COLO1'!$B:CS,96,FALSE),"N/A") -> N/A | CL7: =IFERROR(VLOOKUP($B7,'LOD 300 - COLO1'!$B:CV,99,FALSE),"N/A") -> N/A | CM7: =IFERROR(VLOOKUP($B7,'LOD 300 - COLO1'!$B:CY,102,FALSE),"N/A") -> N/A | CN7: =IFERROR(VLOOKUP($B7,'LOD 300 - COLO1'!$B:DB,105,FALSE),"N/A") -> N/A | CO7: =IFERROR(VLOOKUP($B7,'LOD 300 - COLO1'!$B:EE,108,FALSE),"N/A") -> N/A | CP7: =IFERROR(VLOOKUP($B7,'LOD 300 - COLO1'!$B:EH,111,FALSE),"N/A") -> N/A | CQ7: =IFERROR(VLOOKUP($B7,'LOD 300 - COLO1'!$B:EK,114,FALSE),"N/A") -> N/A | CR7: =IFERROR(VLOOKUP($B7,'LOD 300 - COLO1'!$B:EN,117,FALSE),"N/A") -> N/A | CS7: =IFERROR(VLOOKUP($B7,'LOD 300 - COLO1'!$B:EQ,120,FALSE),"N/A") -> N/A | CT7: =IFERROR(VLOOKUP($B7,'LOD 300 - COLO1'!$B:ET,123,FALSE),"N/A") -> N/A | CU7: =IFERROR(VLOOKUP($B7,'LOD 300 - COLO1'!$B:EW,126,FALSE),"N/A") -> N/A | CV7: =IFERROR(VLOOKUP($B7,'LOD 300 - COLO1'!$B:EZ,129,FALSE),"N/A") -> N/A | CW7: =IFERROR(VLOOKUP($B7,'LOD 300 - COLO1'!$B:FC,132,FALSE),"N/A") -> N/A | CX7: =IFERROR(__xludf.DUMMYFUNCTION("IFERROR( MAX(FILTER(BK7:CW7, ISNUMBER(BK7:CW7))), CW7 )"),"N/A") -> N/A | CY7: =IFERROR(VLOOKUP($B7,'LOD 300 - COLO2'!$B:S,18,FALSE),"N/A") -> N/A | CZ7: =IFERROR(VLOOKUP($B7,'LOD 300 - COLO2'!$B:V,21,FALSE),"N/A") -> N/A | DA7: =IFERROR(VLOOKUP($B7,'LOD 300 - COLO2'!$B:Y,24,FALSE),"N/A") -> N/A | DB7: =IFERROR(VLOOKUP($B7,'LOD 300 - COLO2'!$B:AB,27,FALSE),"N/A") -> N/A | DC7: =IFERROR(VLOOKUP($B7,'LOD 300 - COLO2'!$B:AE,30,FALSE),"N/A") -> N/A | DD7: =IFERROR(VLOOKUP($B7,'LOD 300 - COLO2'!$B:AH,33,FALSE),"N/A") -> N/A | DE7: =IFERROR(VLOOKUP($B7,'LOD 300 - COLO2'!$B:AK,36,FALSE),"N/A") -> N/A | DF7: =IFERROR(VLOOKUP($B7,'LOD 300 - COLO2'!$B:AN,39,FALSE),"N/A") -> N/A | DG7: =IFERROR(VLOOKUP($B7,'LOD 300 - COLO2'!$B:AQ,42,FALSE),"N/A") -> N/A | DH7: =IFERROR(VLOOKUP($B7,'LOD 300 - COLO2'!$B:AT,45,FALSE),"N/A") -> N/A | DI7: =IFERROR(VLOOKUP($B7,'LOD 300 - COLO2'!$B:AW,48,FALSE),"N/A") -> N/A | DJ7: =IFERROR(VLOOKUP($B7,'LOD 300 - COLO2'!$B:AZ,51,FALSE),"N/A") -> N/A | DK7: =IFERROR(VLOOKUP($B7,'LOD 300 - COLO2'!$B:BC,54,FALSE),"N/A") -> N/A | DL7: =IFERROR(VLOOKUP($B7,'LOD 300 - COLO2'!$B:BF,57,FALSE),"N/A") -> N/A | DM7: =IFERROR(VLOOKUP($B7,'LOD 300 - COLO2'!$B:BI,60,FALSE),"N/A") -> N/A | DN7: =IFERROR(VLOOKUP($B7,'LOD 300 - COLO2'!$B:BL,63,FALSE),"N/A") -> N/A | DO7: =IFERROR(VLOOKUP($B7,'LOD 300 - COLO2'!$B:BO,66,FALSE),"N/A") -> N/A | DP7: =IFERROR(VLOOKUP($B7,'LOD 300 - COLO2'!$B:BR,69,FALSE),"N/A") -> N/A | DQ7: =IFERROR(VLOOKUP($B7,'LOD 300 - COLO2'!$B:BU,72,FALSE),"N/A") -> N/A | DR7: =IFERROR(VLOOKUP($B7,'LOD 300 - COLO2'!$B:BX,75,FALSE),"N/A") -> N/A | DS7: =IFERROR(VLOOKUP($B7,'LOD 300 - COLO2'!$B:CA,78,FALSE),"N/A") -> N/A | DT7: =IFERROR(VLOOKUP($B7,'LOD 300 - COLO2'!$B:CD,81,FALSE),"N/A") -> N/A | DU7: =IFERROR(VLOOKUP($B7,'LOD 300 - COLO2'!$B:CG,84,FALSE),"N/A") -> N/A | DV7: =IFERROR(VLOOKUP($B7,'LOD 300 - COLO2'!$B:CJ,87,FALSE),"N/A") -> N/A | DW7: =IFERROR(VLOOKUP($B7,'LOD 300 - COLO2'!$B:CM,90,FALSE),"N/A") -> N/A | DX7: =IFERROR(VLOOKUP($B7,'LOD 300 - COLO2'!$B:CP,93,FALSE),"N/A") -> N/A | DY7: =IFERROR(VLOOKUP($B7,'LOD 300 - COLO2'!$B:CS,96,FALSE),"N/A") -> N/A | DZ7: =IFERROR(VLOOKUP($B7,'LOD 300 - COLO2'!$B:CV,99,FALSE),"N/A") -> N/A | EA7: =IFERROR(VLOOKUP($B7,'LOD 300 - COLO2'!$B:DB,105,FALSE),"N/A") -> N/A | EB7: =IFERROR(VLOOKUP($B7,'LOD 300 - COLO2'!$B:DB,105,FALSE),"N/A") -> N/A | EC7: =IFERROR(VLOOKUP($B7,'LOD 300 - COLO2'!$B:DE,108,FALSE),"N/A") -> N/A | ED7: =IFERROR(VLOOKUP($B7,'LOD 300 - COLO2'!$B:DH,111,FALSE),"N/A") -> N/A | EE7: =IFERROR(VLOOKUP($B7,'LOD 300 - COLO2'!$B:DK,114,FALSE),"N/A") -> N/A | EF7: =IFERROR(VLOOKUP($B7,'LOD 300 - COLO2'!$B:DN,117,FALSE),"N/A") -> N/A | EG7: =IFERROR(VLOOKUP($B7,'LOD 300 - COLO2'!$B:DQ,120,FALSE),"N/A") -> N/A | EH7: =IFERROR(__xludf.DUMMYFUNCTION("IFERROR( MAX(FILTER(CZ7:EG7, ISNUMBER(CZ7:EG7))), EG7 )"),"N/A") -> N/A | EI7: =IFERROR(VLOOKUP($B7,'LOD 300 - COLO3'!$B:R,17,FALSE),"N/A") -> N/A | EJ7: =IFERROR(VLOOKUP($B7,'LOD 300 - COLO3'!$B:U,20,FALSE),"N/A") -> N/A | EK7: =IFERROR(VLOOKUP($B7,'LOD 300 - COLO3'!$B:X,23,FALSE),"N/A") -> N/A | EL7: =IFERROR(VLOOKUP($B7,'LOD 300 - COLO3'!$B:AA,26,FALSE),"N/A") -> N/A | EM7: =IFERROR(VLOOKUP($B7,'LOD 300 - COLO3'!$B:AD,29,FALSE),"N/A") -> N/A | EN7: =IFERROR(VLOOKUP($B7,'LOD 300 - COLO3'!$B:AG,32,FALSE),"N/A") -> N/A | EO7: =IFERROR(VLOOKUP($B7,'LOD 300 - COLO3'!$B:AJ,35,FALSE),"N/A") -> N/A | EP7: =IFERROR(VLOOKUP($B7,'LOD 300 - COLO3'!$B:AM,38,FALSE),"N/A") -> N/A | EQ7: =IFERROR(VLOOKUP($B7,'LOD 300 - COLO3'!$B:AP,41,FALSE),"N/A") -> N/A | ER7: =IFERROR(VLOOKUP($B7,'LOD 300 - COLO3'!$B:AS,44,FALSE),"N/A") -> N/A | ES7: =IFERROR(VLOOKUP($B7,'LOD 300 - COLO3'!$B:AV,47,FALSE),"N/A") -> N/A | ET7: =IFERROR(VLOOKUP($B7,'LOD 300 - COLO3'!$B:AY,50,FALSE),"N/A") -> N/A | EU7: =IFERROR(VLOOKUP($B7,'LOD 300 - COLO3'!$B:BB,53,FALSE),"N/A") -> N/A | EV7: =IFERROR(VLOOKUP($B7,'LOD 300 - COLO3'!$B:BE,56,FALSE),"N/A") -> N/A | EW7: =IFERROR(VLOOKUP($B7,'LOD 300 - COLO3'!$B:BL,59,FALSE),"N/A") -> N/A | EX7: =IFERROR(VLOOKUP($B7,'LOD 300 - COLO3'!$B:BO,62,FALSE),"N/A") -> N/A | EY7: =IFERROR(__xludf.DUMMYFUNCTION("IFERROR( MAX(FILTER(EI7:EX7, ISNUMBER(EI7:EX7))), EX7 )"),"N/A") -> N/A | EZ7: =IFERROR(VLOOKUP($B7,'LOD 300 - COLO4'!$B:BT,17,FALSE),"N/A") -> N/A | FA7: =IFERROR(__xludf.DUMMYFUNCTION("IFERROR( MAX(FILTER(EZ7, ISNUMBER(EZ7))), EZ7 )"),"N/A") -> N/A | FB7: =IFERROR(VLOOKUP($B7,'LOD 300 - SITE'!$B:S,18,FALSE),"N/A") -> NOT PUBLISHED | FC7: =IFERROR(VLOOKUP($B7,'LOD 300 - SITE'!$B:V,21,FALSE),"N/A") -> NOT PUBLISHED | FD7: =IFERROR(VLOOKUP($B7,'LOD 300 - SITE'!$B:Y,24,FALSE),"N/A") -> NOT PUBLISHED | FE7: =IFERROR(VLOOKUP($B7,'LOD 300 - SITE'!$B:AB,27,FALSE),"N/A") -> NOT PUBLISHED | FF7: =IFERROR(VLOOKUP($B7,'LOD 300 - SITE'!$B:AE,30,FALSE),"N/A") -> 0.51 | FG7: =IFERROR(VLOOKUP($B7,'LOD 300 - SITE'!$B:AH,33,FALSE),"N/A") -> OUTDATED MODEL | FH7: =IFERROR(VLOOKUP($B7,'LOD 300 - SITE'!$B:AK,36,FALSE),"N/A") -> IMPROPER | FI7: =IFERROR(VLOOKUP($B7,'LOD 300 - SITE'!$B:AN,39,FALSE),"N/A") -> 0.88 | FJ7: =IFERROR(VLOOKUP($B7,'LOD 300 - SITE'!$B:AQ,42,FALSE),"N/A") -> 1 | FK7: =IFERROR(VLOOKUP($B7,'LOD 300 - SITE'!$B:AT,45,FALSE),"N/A") -> 1 | FL7: =IFERROR(VLOOKUP($B7,'LOD 300 - SITE'!$B:AW,48,FALSE),"N/A") -> 1 | FM7: =IFERROR(VLOOKUP($B7,'LOD 300 - SITE'!$B:AZ,51,FALSE),"N/A") -> 1 | FN7: =IFERROR(VLOOKUP($B7,'LOD 300 - SITE'!$B:BC,54,FALSE),"N/A") -> 1 | FO7: =IFERROR(VLOOKUP($B7,'LOD 300 - SITE'!$B:BF,57,FALSE),"N/A") -> 1 | FP7: =IFERROR(VLOOKUP($B7,'LOD 300 - SITE'!$B:BI,60,FALSE),"N/A") -> 1 | FQ7: =IFERROR(VLOOKUP($B7,'LOD 300 - SITE'!$B:BL,63,FALSE),"N/A") -> 1 | FR7: =IFERROR(VLOOKUP($B7,'LOD 300 - SITE'!$B:BO,66,FALSE),"N/A") -> 1 | FS7: =IFERROR(VLOOKUP($B7,'LOD 300 - SITE'!$B:BR,69,FALSE),"N/A") -> 1 | FT7: =IFERROR(VLOOKUP($B7,'LOD 300 - SITE'!$B:BU,72,FALSE),"N/A") -> 1 | FU7: =IFERROR(VLOOKUP($B7,'LOD 300 - SITE'!$B:BX,75,FALSE),"N/A") -> 1 | FV7: =IFERROR(VLOOKUP($B7,'LOD 300 - SITE'!$B:CA,78,FALSE),"N/A") -> 1 | FW7: =IFERROR(VLOOKUP($B7,'LOD 300 - SITE'!$B:CD,81,FALSE),"N/A") -> 1 | FX7: =IFERROR(VLOOKUP($B7,'LOD 300 - SITE'!$B:CG,84,FALSE),"N/A") -> 1 | FY7: =IFERROR(VLOOKUP($B7,'LOD 300 - SITE'!$B:CJ,87,FALSE),"N/A") -> 1 | FZ7: =IFERROR(VLOOKUP($B7,'LOD 300 - SITE'!$B:CM,90,FALSE),"N/A") -> 1 | GA7: =IFERROR(VLOOKUP($B7,'LOD 300 - SITE'!$B:CP,93,FALSE),"N/A") -> 1 | GB7: =IFERROR(VLOOKUP($B7,'LOD 300 - SITE'!$B:CS,96,FALSE),"N/A") -> 1 | GC7: =IFERROR(VLOOKUP($B7,'LOD 300 - SITE'!$B:CV,99,FALSE),"N/A") -> 1 | GD7: =IFERROR(VLOOKUP($B7,'LOD 300 - SITE'!$B:CY,102,FALSE),"N/A") -> 1 | GE7: =IFERROR(VLOOKUP($B7,'LOD 300 - SITE'!$B:DB,105,FALSE),"N/A") -> 1 | GF7: =IFERROR(VLOOKUP($B7,'LOD 300 - SITE'!$B:DE,108,FALSE),"N/A") -> 1 | GG7: =IFERROR(VLOOKUP($B7,'LOD 300 - SITE'!$B:DH,111,FALSE),"N/A") -> 1 | GH7: =IFERROR(VLOOKUP($B7,'LOD 300 - SITE'!$B:DK,114,FALSE),"N/A") -> 1 | GI7: =IFERROR(VLOOKUP($B7,'LOD 300 - SITE'!$B:DN,117,FALSE),"N/A") -> 1 | GJ7: =IFERROR(VLOOKUP($B7,'LOD 300 - SITE'!$B:DQ,120,FALSE),"N/A") -> 1 | GK7: =IFERROR(VLOOKUP($B7,'LOD 300 - SITE'!$B:DT,123,FALSE),"N/A") -> 1 | GL7: =IFERROR(VLOOKUP($B7,'LOD 300 - SITE'!$B:DW,126,FALSE),"N/A") -> 1 | GM7: =IFERROR(__xludf.DUMMYFUNCTION("IFERROR( MAX(FILTER(FB7:GL7, ISNUMBER(FB7:GL7))), GL7 )"),1.0) -> 1
A8: 10 | B8: CPQ11-ARCH-WOOD-DATA-R24.rvt | C8: CPQ11-ARCH-WOOD-DATA-R22.rvt | D8: DATA | E8: MADEPISO | G8: MADEPISO | I8: =IFERROR(VLOOKUP(C5:C147,'R22 RELATÓRIO ACC'!B:F,5,FALSE),"NOT PUBLISHED") -> NOT PUBLISHED | J8: =IFERROR(VLOOKUP(C5:C147,'R22 RELATÓRIO ACC'!B:P,15,FALSE),"NOT PUBLISHED") -> NOT PUBLISHED | K8: =IFERROR(VLOOKUP(B7:B196,'RELATÓRIO ACC'!B:F,5,FALSE),"NOT PUBLISHED") -> NOT PUBLISHED | L8: =IFERROR(VLOOKUP(B7:B196,'RELATÓRIO ACC'!B:P,15,FALSE),"NOT PUBLISHED") -> NOT PUBLISHED | M8: =IF(OR($D8="UTLS",$D8="GUAR",$D8="STIR",$D8="PUMP",$D8="SITE"), VLOOKUP($B8,'LOD 300 - SITE'!B:M,12,FALSE), VLOOKUP($B8,'LOD 300 - ADMN'!B:M,12,FALSE) ) -> NOT PUBLISHED | N8: =IF(OR($D8="UTLS",$D8="GUAR",$D8="STIR",$D8="PUMP",$D8="SITE"), VLOOKUP($B8,'LOD 300 - SITE'!B:N,13,FALSE), VLOOKUP($B8,'LOD 300 - ADMN'!B:N,13,FALSE) ) -> NOT PUBLISHED | O8: =IF(OR($D8="UTLS",$D8="GUAR",$D8="STIR",$D8="PUMP",$D8="SITE"), VLOOKUP($B8,'LOD 300 - SITE'!B:O,14,FALSE), VLOOKUP($B8,'LOD 300 - ADMN'!B:O,14,FALSE) ) -> NOT PUBLISHED | P8: =IF(OR($D8="C345",$D8="C12A",$D8="DATA"), VLOOKUP($B8,'LOD 300 - COLO3'!B:M,12,FALSE),"N/A") -> NOT PUBLISHED | Q8: =IF(OR($D8="C345",$D8="C12A",$D8="DATA"), VLOOKUP($B8,'LOD 300 - COLO3'!B:N,13,FALSE),"N/A") -> NOT PUBLISHED | R8: =IF(OR($D8="C345",$D8="C12A",$D8="DATA"), VLOOKUP($B8,'LOD 300 - COLO3'!B:O,14,FALSE),"N/A") -> NOT PUBLISHED | S8: =IF(OR($D8="C345",$D8="C12A",$D8="DATA"), VLOOKUP($B8,'LOD 300 - COLO4'!B:M,12,FALSE),"N/A") -> N/A | T8: =IF(OR($D8="C345",$D8="C12A",$D8="DATA"), VLOOKUP($B8,'LOD 300 - COLO4'!B:T,13,FALSE),"N/A") -> N/A | U8: =IF(OR($D8="C345",$D8="C12A",$D8="DATA"), VLOOKUP($B8,'LOD 300 - COLO4'!B:U,17,FALSE),"N/A") -> NOT PUBLISHED | W8: =IFERROR(VLOOKUP($B8,'LOD 300 - ADMN'!$B:S,18,FALSE),"N/A") -> NOT PUBLISHED | X8: =IFERROR(VLOOKUP($B8,'LOD 300 - ADMN'!$B:V,21,FALSE),"N/A") -> NOT PUBLISHED | Y8: =IFERROR(VLOOKUP($B8,'LOD 300 - ADMN'!$B:Y,24,FALSE),"N/A") -> NOT PUBLISHED | Z8: =IFERROR(VLOOKUP($B8,'LOD 300 - ADMN'!$B:AB,27,FALSE),"N/A") -> NOT PUBLISHED | AA8: =IFERROR(VLOOKUP($B8,'LOD 300 - ADMN'!$B:AE,30,FALSE),"N/A") -> NOT PUBLISHED | AB8: =IFERROR(VLOOKUP($B8,'LOD 300 - ADMN'!$B:AH,33,FALSE),"N/A") -> NOT PUBLISHED | AC8: =IFERROR(VLOOKUP($B8,'LOD 300 - ADMN'!$B:AK,36,FALSE),"N/A") -> NOT PUBLISHED | AD8: =IFERROR(VLOOKUP($B8,'LOD 300 - ADMN'!$B:AN,39,FALSE),"N/A") -> NOT PUBLISHED | AE8: =IFERROR(VLOOKUP($B8,'LOD 300 - ADMN'!$B:AQ,42,FALSE),"N/A") -> NOT PUBLISHED | AF8: =IFERROR(VLOOKUP($B8,'LOD 300 - ADMN'!$B:AT,45,FALSE),"N/A") -> NOT PUBLISHED | AG8: =IFERROR(VLOOKUP($B8,'LOD 300 - ADMN'!$B:AW,48,FALSE),"N/A") -> NOT PUBLISHED | AH8: =IFERROR(VLOOKUP($B8,'LOD 300 - ADMN'!$B:AZ,51,FALSE),"N/A") -> NOT PUBLISHED | AI8: =IFERROR(VLOOKUP($B8,'LOD 300 - ADMN'!$B:BC,54,FALSE),"N/A") -> NOT PUBLISHED | AJ8: =IFERROR(VLOOKUP($B8,'LOD 300 - ADMN'!$B:BF,57,FALSE),"N/A") -> NOT PUBLISHED | AK8: =IFERROR(VLOOKUP($B8,'LOD 300 - ADMN'!$B:EP,60,FALSE),"N/A") -> NOT PUBLISHED | AL8: =IFERROR(VLOOKUP($B8,'LOD 300 - ADMN'!$B:EQ,63,FALSE),"N/A") -> NOT PUBLISHED | AM8: =IFERROR(VLOOKUP($B8,'LOD 300 - ADMN'!$B:BO,66,FALSE),"N/A") -> NOT PUBLISHED | AN8: =IFERROR(VLOOKUP($B8,'LOD 300 - ADMN'!$B:BR,69,FALSE),"N/A") -> NOT PUBLISHED | AO8: =IFERROR(VLOOKUP($B8,'LOD 300 - ADMN'!$B:BU,72,FALSE),"N/A") -> NOT PUBLISHED | AP8: =IFERROR(VLOOKUP($B8,'LOD 300 - ADMN'!$B:BX,75,FALSE),"N/A") -> NOT PUBLISHED | AQ8: =IFERROR(VLOOKUP($B8,'LOD 300 - ADMN'!$B:CA,78,FALSE),"N/A") -> NOT PUBLISHED | AR8: =IFERROR(VLOOKUP($B8,'LOD 300 - ADMN'!$B:CD,81,FALSE),"N/A") -> NOT PUBLISHED | AS8: =IFERROR(VLOOKUP($B8,'LOD 300 - ADMN'!$B:CG,84,FALSE),"N/A") -> NOT PUBLISHED | AT8: =IFERROR(VLOOKUP($B8,'LOD 300 - ADMN'!$B:CJ,87,FALSE),"N/A") -> NOT PUBLISHED | AU8: =IFERROR(VLOOKUP($B8,'LOD 300 - ADMN'!$B:CM,90,FALSE),"N/A") -> NOT PUBLISHED | AV8: =IFERROR(VLOOKUP($B8,'LOD 300 - ADMN'!$B:CP,93,FALSE),"N/A") -> NOT PUBLISHED | AW8: =IFERROR(VLOOKUP($B8,'LOD 300 - ADMN'!$B:CS,96,FALSE),"N/A") -> NOT PUBLISHED | AX8: =IFERROR(VLOOKUP($B8,'LOD 300 - ADMN'!$B:CV,99,FALSE),"N/A") -> NOT PUBLISHED | AY8: =IFERROR(VLOOKUP($B8,'LOD 300 - ADMN'!$B:CY,102,FALSE),"N/A") -> NOT PUBLISHED | AZ8: =IFERROR(VLOOKUP($B8,'LOD 300 - ADMN'!$B:DB,105,FALSE),"N/A") -> NOT PUBLISHED | BA8: =IFERROR(VLOOKUP($B8,'LOD 300 - ADMN'!$B:DE,108,FALSE),"N/A") -> NOT PUBLISHED | BB8: =IFERROR(VLOOKUP($B8,'LOD 300 - ADMN'!$B:DH,111,FALSE),"N/A") -> NOT PUBLISHED | BC8: =IFERROR(VLOOKUP($B8,'LOD 300 - ADMN'!$B:DK,114,FALSE),"N/A") -> NOT PUBLISHED | BD8: =IFERROR(VLOOKUP($B8,'LOD 300 - ADMN'!$B:DN,117,FALSE),"N/A") -> NOT PUBLISHED | BE8: =IFERROR(VLOOKUP($B8,'LOD 300 - ADMN'!$B:DQ,120,FALSE),"N/A") -> NOT PUBLISHED | BF8: =IFERROR(VLOOKUP($B8,'LOD 300 - ADMN'!$B:DT,123,FALSE),"N/A") -> NOT PUBLISHED | BG8: =IFERROR(VLOOKUP($B8,'LOD 300 - ADMN'!$B:DW,126,FALSE),"N/A") -> NOT PUBLISHED | BH8: =IFERROR(VLOOKUP($B8,'LOD 300 - ADMN'!$B:DZ,129,FALSE),"N/A") -> NOT PUBLISHED | BJ8: =IFERROR(__xludf.DUMMYFUNCTION("IFERROR( MAX(FILTER(X8:BH8, ISNUMBER(X8:BH8))), BH8 )"),"NOT PUBLISHED") -> NOT PUBLISHED | BK8: =IFERROR(VLOOKUP($B8,'LOD 300 - COLO1'!$B:S,18,FALSE),"N/A") -> NOT PUBLISHED | BL8: =IFERROR(VLOOKUP($B8,'LOD 300 - COLO1'!$B:V,21,FALSE),"N/A") -> NOT PUBLISHED | BM8: =IFERROR(VLOOKUP($B8,'LOD 300 - COLO1'!$B:Y,24,FALSE),"N/A") -> NOT PUBLISHED | BN8: =IFERROR(VLOOKUP($B8,'LOD 300 - COLO1'!$B:AB,27,FALSE),"N/A") -> NOT PUBLISHED | BO8: =IFERROR(VLOOKUP($B8,'LOD 300 - COLO1'!$B:AE,30,FALSE),"N/A") -> NOT PUBLISHED | BP8: =IFERROR(VLOOKUP($B8,'LOD 300 - COLO1'!$B:AH,33,FALSE),"N/A") -> NOT PUBLISHED | BQ8: =IFERROR(VLOOKUP($B8,'LOD 300 - COLO1'!$B:AK,36,FALSE),"N/A") -> NOT PUBLISHED | BR8: =IFERROR(VLOOKUP($B8,'LOD 300 - COLO1'!$B:AN,39,FALSE),"N/A") -> NOT PUBLISHED | BS8: =IFERROR(VLOOKUP($B8,'LOD 300 - COLO1'!$B:AQ,42,FALSE),"N/A") -> NOT PUBLISHED | BT8: =IFERROR(VLOOKUP($B8,'LOD 300 - COLO1'!$B:AT,45,FALSE),"N/A") -> NOT PUBLISHED | BU8: =IFERROR(VLOOKUP($B8,'LOD 300 - COLO1'!$B:AW,48,FALSE),"N/A") -> NOT PUBLISHED | BV8: =IFERROR(VLOOKUP($B8,'LOD 300 - COLO1'!$B:AZ,51,FALSE),"N/A") -> NOT PUBLISHED | BW8: =IFERROR(VLOOKUP($B8,'LOD 300 - COLO1'!$B:BC,54,FALSE),"N/A") -> NOT PUBLISHED | BX8: =IFERROR(VLOOKUP($B8,'LOD 300 - COLO1'!$B:BF,57,FALSE),"N/A") -> NOT PUBLISHED | BY8: =IFERROR(VLOOKUP($B8,'LOD 300 - COLO1'!$B:BI,60,FALSE),"N/A") -> NOT PUBLISHED | BZ8: =IFERROR(VLOOKUP($B8,'LOD 300 - COLO1'!$B:BL,63,FALSE),"N/A") -> NOT PUBLISHED | CA8: =IFERROR(VLOOKUP($B8,'LOD 300 - COLO1'!$B:BO,66,FALSE),"N/A") -> NOT PUBLISHED | CB8: =IFERROR(VLOOKUP($B8,'LOD 300 - COLO1'!$B:BR,69,FALSE),"N/A") -> NOT PUBLISHED | CC8: =IFERROR(VLOOKUP($B8,'LOD 300 - COLO1'!$B:BU,72,FALSE),"N/A") -> NOT PUBLISHED | CD8: =IFERROR(VLOOKUP($B8,'LOD 300 - COLO1'!$B:BX,75,FALSE),"N/A") -> NOT PUBLISHED | CE8: =IFERROR(VLOOKUP($B8,'LOD 300 - COLO1'!$B:CA,78,FALSE),"N/A") -> NOT PUBLISHED | CF8: =IFERROR(VLOOKUP($B8,'LOD 300 - COLO1'!$B:CD,81,FALSE),"N/A") -> NOT PUBLISHED | CG8: =IFERROR(VLOOKUP($B8,'LOD 300 - COLO1'!$B:CG,84,FALSE),"N/A") -> NOT PUBLISHED | CH8: =IFERROR(VLOOKUP($B8,'LOD 300 - COLO1'!$B:CJ,87,FALSE),"N/A") -> NOT PUBLISHED | CI8: =IFERROR(VLOOKUP($B8,'LOD 300 - COLO1'!$B:CM,90,FALSE),"N/A") -> NOT PUBLISHED | CJ8: =IFERROR(VLOOKUP($B8,'LOD 300 - COLO1'!$B:CP,93,FALSE),"N/A") -> NOT PUBLISHED | CK8: =IFERROR(VLOOKUP($B8,'LOD 300 - COLO1'!$B:CS,96,FALSE),"N/A") -> NOT PUBLISHED | CL8: =IFERROR(VLOOKUP($B8,'LOD 300 - COLO1'!$B:CV,99,FALSE),"N/A") -> NOT PUBLISHED | CM8: =IFERROR(VLOOKUP($B8,'LOD 300 - COLO1'!$B:CY,102,FALSE),"N/A") -> NOT PUBLISHED | CN8: =IFERROR(VLOOKUP($B8,'LOD 300 - COLO1'!$B:DB,105,FALSE),"N/A") -> NOT PUBLISHED | CO8: =IFERROR(VLOOKUP($B8,'LOD 300 - COLO1'!$B:EE,108,FALSE),"N/A") -> NOT PUBLISHED | CP8: =IFERROR(VLOOKUP($B8,'LOD 300 - COLO1'!$B:EH,111,FALSE),"N/A") -> NOT PUBLISHED | CQ8: =IFERROR(VLOOKUP($B8,'LOD 300 - COLO1'!$B:EK,114,FALSE),"N/A") -> NOT PUBLISHED | CR8: =IFERROR(VLOOKUP($B8,'LOD 300 - COLO1'!$B:EN,117,FALSE),"N/A") -> NOT PUBLISHED | CS8: =IFERROR(VLOOKUP($B8,'LOD 300 - COLO1'!$B:EQ,120,FALSE),"N/A") -> NOT PUBLISHED | CT8: =IFERROR(VLOOKUP($B8,'LOD 300 - COLO1'!$B:ET,123,FALSE),"N/A") -> NOT PUBLISHED | CU8: =IFERROR(VLOOKUP($B8,'LOD 300 - COLO1'!$B:EW,126,FALSE),"N/A") -> NOT PUBLISHED | CV8: =IFERROR(VLOOKUP($B8,'LOD 300 - COLO1'!$B:EZ,129,FALSE),"N/A") -> NOT PUBLISHED | CX8: =IFERROR(__xludf.DUMMYFUNCTION("IFERROR( MAX(FILTER(BK8:CV8, ISNUMBER(BK8:CV8))), CV8 )"),"NOT PUBLISHED") -> NOT PUBLISHED | CY8: =IFERROR(VLOOKUP($B8,'LOD 300 - COLO2'!$B:S,18,FALSE),"N/A") -> NOT PUBLISHED | CZ8: =IFERROR(VLOOKUP($B8,'LOD 300 - COLO2'!$B:V,21,FALSE),"N/A") -> NOT PUBLISHED | DA8: =IFERROR(VLOOKUP($B8,'LOD 300 - COLO2'!$B:Y,24,FALSE),"N/A") -> NOT PUBLISHED | DB8: =IFERROR(VLOOKUP($B8,'LOD 300 - COLO2'!$B:AB,27,FALSE),"N/A") -> NOT PUBLISHED | DC8: =IFERROR(VLOOKUP($B8,'LOD 300 - COLO2'!$B:AE,30,FALSE),"N/A") -> NOT PUBLISHED | DD8: =IFERROR(VLOOKUP($B8,'LOD 300 - COLO2'!$B:AH,33,FALSE),"N/A") -> NOT PUBLISHED | DE8: =IFERROR(VLOOKUP($B8,'LOD 300 - COLO2'!$B:AK,36,FALSE),"N/A") -> NOT PUBLISHED | DF8: =IFERROR(VLOOKUP($B8,'LOD 300 - COLO2'!$B:AN,39,FALSE),"N/A") -> NOT PUBLISHED | DG8: =IFERROR(VLOOKUP($B8,'LOD 300 - COLO2'!$B:AQ,42,FALSE),"N/A") -> NOT PUBLISHED | DH8: =IFERROR(VLOOKUP($B8,'LOD 300 - COLO2'!$B:AT,45,FALSE),"N/A") -> NOT PUBLISHED | DI8: =IFERROR(VLOOKUP($B8,'LOD 300 - COLO2'!$B:AW,48,FALSE),"N/A") -> NOT PUBLISHED | DJ8: =IFERROR(VLOOKUP($B8,'LOD 300 - COLO2'!$B:AZ,51,FALSE),"N/A") -> NOT PUBLISHED | DK8: =IFERROR(VLOOKUP($B8,'LOD 300 - COLO2'!$B:BC,54,FALSE),"N/A") -> NOT PUBLISHED | DL8: =IFERROR(VLOOKUP($B8,'LOD 300 - COLO2'!$B:BF,57,FALSE),"N/A") -> NOT PUBLISHED | DM8: =IFERROR(VLOOKUP($B8,'LOD 300 - COLO2'!$B:BI,60,FALSE),"N/A") -> NOT PUBLISHED | DN8: =IFERROR(VLOOKUP($B8,'LOD 300 - COLO2'!$B:BL,63,FALSE),"N/A") -> NOT PUBLISHED | DO8: =IFERROR(VLOOKUP($B8,'LOD 300 - COLO2'!$B:BO,66,FALSE),"N/A") -> NOT PUBLISHED | DP8: =IFERROR(VLOOKUP($B8,'LOD 300 - COLO2'!$B:BR,69,FALSE),"N/A") -> NOT PUBLISHED | DQ8: =IFERROR(VLOOKUP($B8,'LOD 300 - COLO2'!$B:BU,72,FALSE),"N/A") -> NOT PUBLISHED | DR8: =IFERROR(VLOOKUP($B8,'LOD 300 - COLO2'!$B:BX,75,FALSE),"N/A") -> NOT PUBLISHED | DS8: =IFERROR(VLOOKUP($B8,'LOD 300 - COLO2'!$B:CA,78,FALSE),"N/A") -> NOT PUBLISHED | DT8: =IFERROR(VLOOKUP($B8,'LOD 300 - COLO2'!$B:CD,81,FALSE),"N/A") -> NOT PUBLISHED | DU8: =IFERROR(VLOOKUP($B8,'LOD 300 - COLO2'!$B:CG,84,FALSE),"N/A") -> NOT PUBLISHED | DV8: =IFERROR(VLOOKUP($B8,'LOD 300 - COLO2'!$B:CJ,87,FALSE),"N/A") -> NOT PUBLISHED | DW8: =IFERROR(VLOOKUP($B8,'LOD 300 - COLO2'!$B:CM,90,FALSE),"N/A") -> NOT PUBLISHED | DX8: =IFERROR(VLOOKUP($B8,'LOD 300 - COLO2'!$B:CP,93,FALSE),"N/A") -> NOT PUBLISHED | DY8: =IFERROR(VLOOKUP($B8,'LOD 300 - COLO2'!$B:CS,96,FALSE),"N/A") -> NOT PUBLISHED | DZ8: =IFERROR(VLOOKUP($B8,'LOD 300 - COLO2'!$B:CV,99,FALSE),"N/A") -> NOT PUBLISHED | EA8: =IFERROR(VLOOKUP($B8,'LOD 300 - COLO2'!$B:DB,105,FALSE),"N/A") -> NOT PUBLISHED | EB8: =IFERROR(VLOOKUP($B8,'LOD 300 - COLO2'!$B:DB,105,FALSE),"N/A") -> NOT PUBLISHED | EC8: =IFERROR(VLOOKUP($B8,'LOD 300 - COLO2'!$B:DE,108,FALSE),"N/A") -> NOT PUBLISHED | ED8: =IFERROR(VLOOKUP($B8,'LOD 300 - COLO2'!$B:DH,111,FALSE),"N/A") -> NOT PUBLISHED | EE8: =IFERROR(VLOOKUP($B8,'LOD 300 - COLO2'!$B:DK,114,FALSE),"N/A") -> NOT PUBLISHED | EF8: =IFERROR(VLOOKUP($B8,'LOD 300 - COLO2'!$B:DN,117,FALSE),"N/A") -> NOT PUBLISHED | EH8: =IFERROR(__xludf.DUMMYFUNCTION("IFERROR( MAX(FILTER(CZ8:EF8, ISNUMBER(CZ8:EF8))), EF8 )"),"NOT PUBLISHED") -> NOT PUBLISHED | EI8: =IFERROR(VLOOKUP($B8,'LOD 300 - COLO3'!$B:R,17,FALSE),"N/A") -> NOT PUBLISHED | EJ8: =IFERROR(VLOOKUP($B8,'LOD 300 - COLO3'!$B:U,20,FALSE),"N/A") -> NOT PUBLISHED | EK8: =IFERROR(VLOOKUP($B8,'LOD 300 - COLO3'!$B:X,23,FALSE),"N/A") -> NOT PUBLISHED | EL8: =IFERROR(VLOOKUP($B8,'LOD 300 - COLO3'!$B:AA,26,FALSE),"N/A") -> NOT PUBLISHED | EM8: =IFERROR(VLOOKUP($B8,'LOD 300 - COLO3'!$B:AD,29,FALSE),"N/A") -> NOT PUBLISHED | EN8: =IFERROR(VLOOKUP($B8,'LOD 300 - COLO3'!$B:AG,32,FALSE),"N/A") -> NOT PUBLISHED | EO8: =IFERROR(VLOOKUP($B8,'LOD 300 - COLO3'!$B:AJ,35,FALSE),"N/A") -> NOT PUBLISHED | EP8: =IFERROR(VLOOKUP($B8,'LOD 300 - COLO3'!$B:AM,38,FALSE),"N/A") -> NOT PUBLISHED | EQ8: =IFERROR(VLOOKUP($B8,'LOD 300 - COLO3'!$B:AP,41,FALSE),"N/A") -> NOT PUBLISHED | ER8: =IFERROR(VLOOKUP($B8,'LOD 300 - COLO3'!$B:AS,44,FALSE),"N/A") -> NOT PUBLISHED | ES8: =IFERROR(VLOOKUP($B8,'LOD 300 - COLO3'!$B:AV,47,FALSE),"N/A") -> NOT PUBLISHED | ET8: =IFERROR(VLOOKUP($B8,'LOD 300 - COLO3'!$B:AY,50,FALSE),"N/A") -> NOT PUBLISHED | EU8: =IFERROR(VLOOKUP($B8,'LOD 300 - COLO3'!$B:BB,53,FALSE),"N/A") -> NOT PUBLISHED | EV8: =IFERROR(VLOOKUP($B8,'LOD 300 - COLO3'!$B:BE,56,FALSE),"N/A") -> NOT PUBLISHED | EW8: =IFERROR(VLOOKUP($B8,'LOD 300 - COLO3'!$B:BL,59,FALSE),"N/A") -> NOT PUBLISHED | EY8: =IFERROR(__xludf.DUMMYFUNCTION("IFERROR( MAX(FILTER(EI8:EW8, ISNUMBER(EI8:EW8))), EW8 )"),"NOT PUBLISHED") -> NOT PUBLISHED | EZ8: =IFERROR(VLOOKUP($B8,'LOD 300 - COLO4'!$B:BT,17,FALSE),"N/A") -> NOT PUBLISHED | FA8: =IFERROR(__xludf.DUMMYFUNCTION("IFERROR( MAX(FILTER(EZ8, ISNUMBER(EZ8))), EZ8 )"),"NOT PUBLISHED") -> NOT PUBLISHED | FB8: =IFERROR(VLOOKUP($B8,'LOD 300 - SITE'!$B:S,18,FALSE),"N/A") -> N/A | FC8: =IFERROR(VLOOKUP($B8,'LOD 300 - SITE'!$B:V,21,FALSE),"N/A") -> N/A | FD8: =IFERROR(VLOOKUP($B8,'LOD 300 - SITE'!$B:Y,24,FALSE),"N/A") -> N/A | FE8: =IFERROR(VLOOKUP($B8,'LOD 300 - SITE'!$B:AB,27,FALSE),"N/A") -> N/A | FF8: =IFERROR(VLOOKUP($B8,'LOD 300 - SITE'!$B:AE,30,FALSE),"N/A") -> N/A | FG8: =IFERROR(VLOOKUP($B8,'LOD 300 - SITE'!$B:AH,33,FALSE),"N/A") -> N/A | FH8: =IFERROR(VLOOKUP($B8,'LOD 300 - SITE'!$B:AK,36,FALSE),"N/A") -> N/A | FI8: =IFERROR(VLOOKUP($B8,'LOD 300 - SITE'!$B:AN,39,FALSE),"N/A") -> N/A | FJ8: =IFERROR(VLOOKUP($B8,'LOD 300 - SITE'!$B:AQ,42,FALSE),"N/A") -> N/A | FK8: =IFERROR(VLOOKUP($B8,'LOD 300 - SITE'!$B:AT,45,FALSE),"N/A") -> N/A | FL8: =IFERROR(VLOOKUP($B8,'LOD 300 - SITE'!$B:AW,48,FALSE),"N/A") -> N/A | FM8: =IFERROR(VLOOKUP($B8,'LOD 300 - SITE'!$B:AZ,51,FALSE),"N/A") -> N/A | FN8: =IFERROR(VLOOKUP($B8,'LOD 300 - SITE'!$B:BC,54,FALSE),"N/A") -> N/A | FO8: =IFERROR(VLOOKUP($B8,'LOD 300 - SITE'!$B:BF,57,FALSE),"N/A") -> N/A | FP8: =IFERROR(VLOOKUP($B8,'LOD 300 - SITE'!$B:BI,60,FALSE),"N/A") -> N/A | FQ8: =IFERROR(VLOOKUP($B8,'LOD 300 - SITE'!$B:BL,63,FALSE),"N/A") -> N/A | FR8: =IFERROR(VLOOKUP($B8,'LOD 300 - SITE'!$B:BO,66,FALSE),"N/A") -> N/A | FS8: =IFERROR(VLOOKUP($B8,'LOD 300 - SITE'!$B:BR,69,FALSE),"N/A") -> N/A | FT8: =IFERROR(VLOOKUP($B8,'LOD 300 - SITE'!$B:BU,72,FALSE),"N/A") -> N/A | FU8: =IFERROR(VLOOKUP($B8,'LOD 300 - SITE'!$B:BX,75,FALSE),"N/A") -> N/A | FV8: =IFERROR(VLOOKUP($B8,'LOD 300 - SITE'!$B:CA,78,FALSE),"N/A") -> N/A | FW8: =IFERROR(VLOOKUP($B8,'LOD 300 - SITE'!$B:CD,81,FALSE),"N/A") -> N/A | FX8: =IFERROR(VLOOKUP($B8,'LOD 300 - SITE'!$B:CG,84,FALSE),"N/A") -> N/A | FY8: =IFERROR(VLOOKUP($B8,'LOD 300 - SITE'!$B:CJ,87,FALSE),"N/A") -> N/A | FZ8: =IFERROR(VLOOKUP($B8,'LOD 300 - SITE'!$B:CM,90,FALSE),"N/A") -> N/A | GA8: =IFERROR(VLOOKUP($B8,'LOD 300 - SITE'!$B:CP,93,FALSE),"N/A") -> N/A | GB8: =IFERROR(VLOOKUP($B8,'LOD 300 - SITE'!$B:CS,96,FALSE),"N/A") -> N/A | GC8: =IFERROR(VLOOKUP($B8,'LOD 300 - SITE'!$B:CV,99,FALSE),"N/A") -> N/A | GD8: =IFERROR(VLOOKUP($B8,'LOD 300 - SITE'!$B:CY,102,FALSE),"N/A") -> N/A | GE8: =IFERROR(VLOOKUP($B8,'LOD 300 - SITE'!$B:DB,105,FALSE),"N/A") -> N/A | GF8: =IFERROR(VLOOKUP($B8,'LOD 300 - SITE'!$B:DE,108,FALSE),"N/A") -> N/A | GG8: =IFERROR(VLOOKUP($B8,'LOD 300 - SITE'!$B:DH,111,FALSE),"N/A") -> N/A | GH8: =IFERROR(VLOOKUP($B8,'LOD 300 - SITE'!$B:DK,114,FALSE),"N/A") -> N/A | GI8: =IFERROR(VLOOKUP($B8,'LOD 300 - SITE'!$B:DN,117,FALSE),"N/A") -> N/A | GJ8: =IFERROR(VLOOKUP($B8,'LOD 300 - SITE'!$B:DQ,120,FALSE),"N/A") -> N/A | GK8: =IFERROR(VLOOKUP($B8,'LOD 300 - SITE'!$B:DT,123,FALSE),"N/A") -> N/A | GM8: =IFERROR(__xludf.DUMMYFUNCTION("IFERROR( MAX(FILTER(FB8:GK8, ISNUMBER(FB8:GK8))), GK8 )"),"N/A") -> N/A
A9: 11 | B9: CPQ11-ARCH-HMET-DATA-R24.rvt | C9: CPQ11-ARCH-HMET-DATA-R22.rvt | D9: DATA | E9: S-VALE | F9: 1104 | G9: SPBIM | H9: 1127 | I9: =IFERROR(VLOOKUP(C6:C148,'R22 RELATÓRIO ACC'!B:F,5,FALSE),"NOT PUBLISHED") -> V12 | J9: =IFERROR(VLOOKUP(C6:C148,'R22 RELATÓRIO ACC'!B:P,15,FALSE),"NOT PUBLISHED") -> 08/04/2026 | K9: =IFERROR(VLOOKUP(B7:B197,'RELATÓRIO ACC'!B:F,5,FALSE),"NOT PUBLISHED") -> V1 | L9: =IFERROR(VLOOKUP(B7:B197,'RELATÓRIO ACC'!B:P,15,FALSE),"NOT PUBLISHED") -> 15/05/2026 | M9: =IF(OR($D9="UTLS",$D9="GUAR",$D9="STIR",$D9="PUMP",$D9="SITE"), VLOOKUP($B9,'LOD 300 - SITE'!B:M,12,FALSE), VLOOKUP($B9,'LOD 300 - ADMN'!B:M,12,FALSE) ) -> V7 | N9: =IF(OR($D9="UTLS",$D9="GUAR",$D9="STIR",$D9="PUMP",$D9="SITE"), VLOOKUP($B9,'LOD 300 - SITE'!B:N,13,FALSE), VLOOKUP($B9,'LOD 300 - ADMN'!B:N,13,FALSE) ) -> 28/08/2025 | O9: =IF(OR($D9="UTLS",$D9="GUAR",$D9="STIR",$D9="PUMP",$D9="SITE"), VLOOKUP($B9,'LOD 300 - SITE'!B:O,14,FALSE), VLOOKUP($B9,'LOD 300 - ADMN'!B:O,14,FALSE) ) -> R22 | P9: =IF(OR($D9="C345",$D9="C12A",$D9="DATA"), VLOOKUP($B9,'LOD 300 - COLO3'!B:M,12,FALSE),"N/A") -> N/A | Q9: =IF(OR($D9="C345",$D9="C12A",$D9="DATA"), VLOOKUP($B9,'LOD 300 - COLO3'!B:N,13,FALSE),"N/A") -> N/A | R9: =IF(OR($D9="C345",$D9="C12A",$D9="DATA"), VLOOKUP($B9,'LOD 300 - COLO3'!B:O,14,FALSE),"N/A") -> R22 | S9: =IF(OR($D9="C345",$D9="C12A",$D9="DATA"), VLOOKUP($B9,'LOD 300 - COLO4'!B:M,12,FALSE),"N/A") -> N/A | T9: =IF(OR($D9="C345",$D9="C12A",$D9="DATA"), VLOOKUP($B9,'LOD 300 - COLO4'!B:T,13,FALSE),"N/A") -> N/A | U9: =IF(OR($D9="C345",$D9="C12A",$D9="DATA"), VLOOKUP($B9,'LOD 300 - COLO4'!B:U,17,FALSE),"N/A") -> 0 | V9: LETÍCIA | W9: =IFERROR(VLOOKUP($B9,'LOD 300 - ADMN'!$B:S,18,FALSE),"N/A") -> NOT PUBLISHED | X9: =IFERROR(VLOOKUP($B9,'LOD 300 - ADMN'!$B:V,21,FALSE),"N/A") -> NOT PUBLISHED | Y9: =IFERROR(VLOOKUP($B9,'LOD 300 - ADMN'!$B:Y,24,FALSE),"N/A") -> 1 | Z9: =IFERROR(VLOOKUP($B9,'LOD 300 - ADMN'!$B:AB,27,FALSE),"N/A") -> 1 | AA9: =IFERROR(VLOOKUP($B9,'LOD 300 - ADMN'!$B:AE,30,FALSE),"N/A") -> 1 | AB9: =IFERROR(VLOOKUP($B9,'LOD 300 - ADMN'!$B:AH,33,FALSE),"N/A") -> 1 | AC9: =IFERROR(VLOOKUP($B9,'LOD 300 - ADMN'!$B:AK,36,FALSE),"N/A") -> 1 | AD9: =IFERROR(VLOOKUP($B9,'LOD 300 - ADMN'!$B:AN,39,FALSE),"N/A") -> 1 | AE9: =IFERROR(VLOOKUP($B9,'LOD 300 - ADMN'!$B:AQ,42,FALSE),"N/A") -> 1 | AF9: =IFERROR(VLOOKUP($B9,'LOD 300 - ADMN'!$B:AT,45,FALSE),"N/A") -> 1 | AG9: =IFERROR(VLOOKUP($B9,'LOD 300 - ADMN'!$B:AW,48,FALSE),"N/A") -> 1 | AH9: =IFERROR(VLOOKUP($B9,'LOD 300 - ADMN'!$B:AZ,51,FALSE),"N/A") -> 1 | AI9: =IFERROR(VLOOKUP($B9,'LOD 300 - ADMN'!$B:BC,54,FALSE),"N/A") -> 1 | AJ9: =IFERROR(VLOOKUP($B9,'LOD 300 - ADMN'!$B:BF,57,FALSE),"N/A") -> 1 | AK9: =IFERROR(VLOOKUP($B9,'LOD 300 - ADMN'!$B:EP,60,FALSE),"N/A") -> 1 | AL9: =IFERROR(VLOOKUP($B9,'LOD 300 - ADMN'!$B:EQ,63,FALSE),"N/A") -> 1 | AM9: =IFERROR(VLOOKUP($B9,'LOD 300 - ADMN'!$B:BO,66,FALSE),"N/A") -> 1 | AN9: =IFERROR(VLOOKUP($B9,'LOD 300 - ADMN'!$B:BR,69,FALSE),"N/A") -> 1 | AO9: =IFERROR(VLOOKUP($B9,'LOD 300 - ADMN'!$B:BU,72,FALSE),"N/A") -> 1 | AP9: =IFERROR(VLOOKUP($B9,'LOD 300 - ADMN'!$B:BX,75,FALSE),"N/A") -> 1 | AQ9: =IFERROR(VLOOKUP($B9,'LOD 300 - ADMN'!$B:CA,78,FALSE),"N/A") -> 1 | AR9: =IFERROR(VLOOKUP($B9,'LOD 300 - ADMN'!$B:CD,81,FALSE),"N/A") -> 1 | AS9: =IFERROR(VLOOKUP($B9,'LOD 300 - ADMN'!$B:CG,84,FALSE),"N/A") -> 1 | AT9: =IFERROR(VLOOKUP($B9,'LOD 300 - ADMN'!$B:CJ,87,FALSE),"N/A") -> 1 | AU9: =IFERROR(VLOOKUP($B9,'LOD 300 - ADMN'!$B:CM,90,FALSE),"N/A") -> 1 | AV9: =IFERROR(VLOOKUP($B9,'LOD 300 - ADMN'!$B:CP,93,FALSE),"N/A") -> 1 | AW9: =IFERROR(VLOOKUP($B9,'LOD 300 - ADMN'!$B:CS,96,FALSE),"N/A") -> 1 | AX9: =IFERROR(VLOOKUP($B9,'LOD 300 - ADMN'!$B:CV,99,FALSE),"N/A") -> 1 | AY9: =IFERROR(VLOOKUP($B9,'LOD 300 - ADMN'!$B:CY,102,FALSE),"N/A") -> 1 | AZ9: =IFERROR(VLOOKUP($B9,'LOD 300 - ADMN'!$B:DB,105,FALSE),"N/A") -> 1 | BA9: =IFERROR(VLOOKUP($B9,'LOD 300 - ADMN'!$B:DE,108,FALSE),"N/A") -> 1 | BB9: =IFERROR(VLOOKUP($B9,'LOD 300 - ADMN'!$B:DH,111,FALSE),"N/A") -> 1 | BC9: =IFERROR(VLOOKUP($B9,'LOD 300 - ADMN'!$B:DK,114,FALSE),"N/A") -> 1 | BD9: =IFERROR(VLOOKUP($B9,'LOD 300 - ADMN'!$B:DN,117,FALSE),"N/A") -> 1 | BE9: =IFERROR(VLOOKUP($B9,'LOD 300 - ADMN'!$B:DQ,120,FALSE),"N/A") -> 1 | BF9: =IFERROR(VLOOKUP($B9,'LOD 300 - ADMN'!$B:DT,123,FALSE),"N/A") -> 1 | BG9: =IFERROR(VLOOKUP($B9,'LOD 300 - ADMN'!$B:DW,126,FALSE),"N/A") -> 1 | BH9: =IFERROR(VLOOKUP($B9,'LOD 300 - ADMN'!$B:DZ,129,FALSE),"N/A") -> 1 | BI9: =IFERROR(VLOOKUP($B9,'LOD 300 - ADMN'!$B:EC,132,FALSE),"N/A") -> 1 | BJ9: =IFERROR(__xludf.DUMMYFUNCTION("IFERROR( MAX(FILTER(X9:BI9, ISNUMBER(X9:BI9))), BI9 )"),1.0) -> 1 | BK9: =IFERROR(VLOOKUP($B9,'LOD 300 - COLO1'!$B:S,18,FALSE),"N/A") -> NOT PUBLISHED | BL9: =IFERROR(VLOOKUP($B9,'LOD 300 - COLO1'!$B:V,21,FALSE),"N/A") -> NOT PUBLISHED | BM9: =IFERROR(VLOOKUP($B9,'LOD 300 - COLO1'!$B:Y,24,FALSE),"N/A") -> 1 | BN9: =IFERROR(VLOOKUP($B9,'LOD 300 - COLO1'!$B:AB,27,FALSE),"N/A") -> 1 | BO9: =IFERROR(VLOOKUP($B9,'LOD 300 - COLO1'!$B:AE,30,FALSE),"N/A") -> 1 | BP9: =IFERROR(VLOOKUP($B9,'LOD 300 - COLO1'!$B:AH,33,FALSE),"N/A") -> 1 | BQ9: =IFERROR(VLOOKUP($B9,'LOD 300 - COLO1'!$B:AK,36,FALSE),"N/A") -> 1 | BR9: =IFERROR(VLOOKUP($B9,'LOD 300 - COLO1'!$B:AN,39,FALSE),"N/A") -> 1 | BS9: =IFERROR(VLOOKUP($B9,'LOD 300 - COLO1'!$B:AQ,42,FALSE),"N/A") -> 1 | BT9: =IFERROR(VLOOKUP($B9,'LOD 300 - COLO1'!$B:AT,45,FALSE),"N/A") -> 1 | BU9: =IFERROR(VLOOKUP($B9,'LOD 300 - COLO1'!$B:AW,48,FALSE),"N/A") -> 1 | BV9: =IFERROR(VLOOKUP($B9,'LOD 300 - COLO1'!$B:AZ,51,FALSE),"N/A") -> 1 | BW9: =IFERROR(VLOOKUP($B9,'LOD 300 - COLO1'!$B:BC,54,FALSE),"N/A") -> 1 | BX9: =IFERROR(VLOOKUP($B9,'LOD 300 - COLO1'!$B:BF,57,FALSE),"N/A") -> 1 | BY9: =IFERROR(VLOOKUP($B9,'LOD 300 - COLO1'!$B:BI,60,FALSE),"N/A") -> 1 | BZ9: =IFERROR(VLOOKUP($B9,'LOD 300 - COLO1'!$B:BL,63,FALSE),"N/A") -> 1 | CA9: =IFERROR(VLOOKUP($B9,'LOD 300 - COLO1'!$B:BO,66,FALSE),"N/A") -> 1 | CB9: =IFERROR(VLOOKUP($B9,'LOD 300 - COLO1'!$B:BR,69,FALSE),"N/A") -> 1 | CC9: =IFERROR(VLOOKUP($B9,'LOD 300 - COLO1'!$B:BU,72,FALSE),"N/A") -> 1 | CD9: =IFERROR(VLOOKUP($B9,'LOD 300 - COLO1'!$B:BX,75,FALSE),"N/A") -> 1 | CE9: =IFERROR(VLOOKUP($B9,'LOD 300 - COLO1'!$B:CA,78,FALSE),"N/A") -> 1 | CF9: =IFERROR(VLOOKUP($B9,'LOD 300 - COLO1'!$B:CD,81,FALSE),"N/A") -> 1 | CG9: =IFERROR(VLOOKUP($B9,'LOD 300 - COLO1'!$B:CG,84,FALSE),"N/A") -> 1 | CH9: =IFERROR(VLOOKUP($B9,'LOD 300 - COLO1'!$B:CJ,87,FALSE),"N/A") -> 1 | CI9: =IFERROR(VLOOKUP($B9,'LOD 300 - COLO1'!$B:CM,90,FALSE),"N/A") -> 1 | CJ9: =IFERROR(VLOOKUP($B9,'LOD 300 - COLO1'!$B:CP,93,FALSE),"N/A") -> 1 | CK9: =IFERROR(VLOOKUP($B9,'LOD 300 - COLO1'!$B:CS,96,FALSE),"N/A") -> 1 | CL9: =IFERROR(VLOOKUP($B9,'LOD 300 - COLO1'!$B:CV,99,FALSE),"N/A") -> 1 | CM9: =IFERROR(VLOOKUP($B9,'LOD 300 - COLO1'!$B:CY,102,FALSE),"N/A") -> 1 | CN9: =IFERROR(VLOOKUP($B9,'LOD 300 - COLO1'!$B:DB,105,FALSE),"N/A") -> 1 | CO9: =IFERROR(VLOOKUP($B9,'LOD 300 - COLO1'!$B:EE,108,FALSE),"N/A") -> 1 | CP9: =IFERROR(VLOOKUP($B9,'LOD 300 - COLO1'!$B:EH,111,FALSE),"N/A") -> 1 | CQ9: =IFERROR(VLOOKUP($B9,'LOD 300 - COLO1'!$B:EK,114,FALSE),"N/A") -> 1 | CR9: =IFERROR(VLOOKUP($B9,'LOD 300 - COLO1'!$B:EN,117,FALSE),"N/A") -> 1 | CS9: =IFERROR(VLOOKUP($B9,'LOD 300 - COLO1'!$B:EQ,120,FALSE),"N/A") -> 1 | CT9: =IFERROR(VLOOKUP($B9,'LOD 300 - COLO1'!$B:ET,123,FALSE),"N/A") -> 1 | CU9: =IFERROR(VLOOKUP($B9,'LOD 300 - COLO1'!$B:EW,126,FALSE),"N/A") -> 1 | CV9: =IFERROR(VLOOKUP($B9,'LOD 300 - COLO1'!$B:EZ,129,FALSE),"N/A") -> 1 | CW9: =IFERROR(VLOOKUP($B9,'LOD 300 - COLO1'!$B:FC,132,FALSE),"N/A") -> 1 | CX9: =IFERROR(__xludf.DUMMYFUNCTION("IFERROR( MAX(FILTER(BK9:CW9, ISNUMBER(BK9:CW9))), CW9 )"),1.0) -> 1 | CY9: =IFERROR(VLOOKUP($B9,'LOD 300 - COLO2'!$B:S,18,FALSE),"N/A") -> 1 | CZ9: =IFERROR(VLOOKUP($B9,'LOD 300 - COLO2'!$B:V,21,FALSE),"N/A") -> 1 | DA9: =IFERROR(VLOOKUP($B9,'LOD 300 - COLO2'!$B:Y,24,FALSE),"N/A") -> 1 | DB9: =IFERROR(VLOOKUP($B9,'LOD 300 - COLO2'!$B:AB,27,FALSE),"N/A") -> 1 | DC9: =IFERROR(VLOOKUP($B9,'LOD 300 - COLO2'!$B:AE,30,FALSE),"N/A") -> 1 | DD9: =IFERROR(VLOOKUP($B9,'LOD 300 - COLO2'!$B:AH,33,FALSE),"N/A") -> 1 | DE9: =IFERROR(VLOOKUP($B9,'LOD 300 - COLO2'!$B:AK,36,FALSE),"N/A") -> 1 | DF9: =IFERROR(VLOOKUP($B9,'LOD 300 - COLO2'!$B:AN,39,FALSE),"N/A") -> 1 | DG9: =IFERROR(VLOOKUP($B9,'LOD 300 - COLO2'!$B:AQ,42,FALSE),"N/A") -> 1 | DH9: =IFERROR(VLOOKUP($B9,'LOD 300 - COLO2'!$B:AT,45,FALSE),"N/A") -> 1 | DI9: =IFERROR(VLOOKUP($B9,'LOD 300 - COLO2'!$B:AW,48,FALSE),"N/A") -> 1 | DJ9: =IFERROR(VLOOKUP($B9,'LOD 300 - COLO2'!$B:AZ,51,FALSE),"N/A") -> 1 | DK9: =IFERROR(VLOOKUP($B9,'LOD 300 - COLO2'!$B:BC,54,FALSE),"N/A") -> 1 | DL9: =IFERROR(VLOOKUP($B9,'LOD 300 - COLO2'!$B:BF,57,FALSE),"N/A") -> 1 | DM9: =IFERROR(VLOOKUP($B9,'LOD 300 - COLO2'!$B:BI,60,FALSE),"N/A") -> 1 | DN9: =IFERROR(VLOOKUP($B9,'LOD 300 - COLO2'!$B:BL,63,FALSE),"N/A") -> 1 | DO9: =IFERROR(VLOOKUP($B9,'LOD 300 - COLO2'!$B:BO,66,FALSE),"N/A") -> 1 | DP9: =IFERROR(VLOOKUP($B9,'LOD 300 - COLO2'!$B:BR,69,FALSE),"N/A") -> 1 | DQ9: =IFERROR(VLOOKUP($B9,'LOD 300 - COLO2'!$B:BU,72,FALSE),"N/A") -> 1 | DR9: =IFERROR(VLOOKUP($B9,'LOD 300 - COLO2'!$B:BX,75,FALSE),"N/A") -> 1 | DS9: =IFERROR(VLOOKUP($B9,'LOD 300 - COLO2'!$B:CA,78,FALSE),"N/A") -> 1 | DT9: =IFERROR(VLOOKUP($B9,'LOD 300 - COLO2'!$B:CD,81,FALSE),"N/A") -> 1 | DU9: =IFERROR(VLOOKUP($B9,'LOD 300 - COLO2'!$B:CG,84,FALSE),"N/A") -> 1 | DV9: =IFERROR(VLOOKUP($B9,'LOD 300 - COLO2'!$B:CJ,87,FALSE),"N/A") -> 1 | DW9: =IFERROR(VLOOKUP($B9,'LOD 300 - COLO2'!$B:CM,90,FALSE),"N/A") -> 1 | DX9: =IFERROR(VLOOKUP($B9,'LOD 300 - COLO2'!$B:CP,93,FALSE),"N/A") -> 1 | DY9: =IFERROR(VLOOKUP($B9,'LOD 300 - COLO2'!$B:CS,96,FALSE),"N/A") -> 1 | DZ9: =IFERROR(VLOOKUP($B9,'LOD 300 - COLO2'!$B:CV,99,FALSE),"N/A") -> 1 | EA9: =IFERROR(VLOOKUP($B9,'LOD 300 - COLO2'!$B:DB,105,FALSE),"N/A") -> 1 | EB9: =IFERROR(VLOOKUP($B9,'LOD 300 - COLO2'!$B:DB,105,FALSE),"N/A") -> 1 | EC9: =IFERROR(VLOOKUP($B9,'LOD 300 - COLO2'!$B:DE,108,FALSE),"N/A") -> 1 | ED9: =IFERROR(VLOOKUP($B9,'LOD 300 - COLO2'!$B:DH,111,FALSE),"N/A") -> 1 | EE9: =IFERROR(VLOOKUP($B9,'LOD 300 - COLO2'!$B:DK,114,FALSE),"N/A") -> 1 | EF9: =IFERROR(VLOOKUP($B9,'LOD 300 - COLO2'!$B:DN,117,FALSE),"N/A") -> 1 | EG9: =IFERROR(VLOOKUP($B9,'LOD 300 - COLO2'!$B:DQ,120,FALSE),"N/A") -> 1 | EH9: =IFERROR(__xludf.DUMMYFUNCTION("IFERROR( MAX(FILTER(CZ9:EG9, ISNUMBER(CZ9:EG9))), EG9 )"),1.0) -> 1 | EI9: =IFERROR(VLOOKUP($B9,'LOD 300 - COLO3'!$B:R,17,FALSE),"N/A") -> 0 | EJ9: =IFERROR(VLOOKUP($B9,'LOD 300 - COLO3'!$B:U,20,FALSE),"N/A") -> 1 | EK9: =IFERROR(VLOOKUP($B9,'LOD 300 - COLO3'!$B:X,23,FALSE),"N/A") -> 1 | EL9: =IFERROR(VLOOKUP($B9,'LOD 300 - COLO3'!$B:AA,26,FALSE),"N/A") -> 1 | EM9: =IFERROR(VLOOKUP($B9,'LOD 300 - COLO3'!$B:AD,29,FALSE),"N/A") -> 1 | EN9: =IFERROR(VLOOKUP($B9,'LOD 300 - COLO3'!$B:AG,32,FALSE),"N/A") -> 1 | EO9: =IFERROR(VLOOKUP($B9,'LOD 300 - COLO3'!$B:AJ,35,FALSE),"N/A") -> 1 | EP9: =IFERROR(VLOOKUP($B9,'LOD 300 - COLO3'!$B:AM,38,FALSE),"N/A") -> 1 | EQ9: =IFERROR(VLOOKUP($B9,'LOD 300 - COLO3'!$B:AP,41,FALSE),"N/A") -> 1 | ER9: =IFERROR(VLOOKUP($B9,'LOD 300 - COLO3'!$B:AS,44,FALSE),"N/A") -> 1 | ES9: =IFERROR(VLOOKUP($B9,'LOD 300 - COLO3'!$B:AV,47,FALSE),"N/A") -> 1 | ET9: =IFERROR(VLOOKUP($B9,'LOD 300 - COLO3'!$B:AY,50,FALSE),"N/A") -> 1 | EU9: =IFERROR(VLOOKUP($B9,'LOD 300 - COLO3'!$B:BB,53,FALSE),"N/A") -> 1 | EV9: =IFERROR(VLOOKUP($B9,'LOD 300 - COLO3'!$B:BE,56,FALSE),"N/A") -> 1 | EW9: =IFERROR(VLOOKUP($B9,'LOD 300 - COLO3'!$B:BL,59,FALSE),"N/A") -> 1 | EX9: =IFERROR(VLOOKUP($B9,'LOD 300 - COLO3'!$B:BO,62,FALSE),"N/A") -> 1 | EY9: =IFERROR(__xludf.DUMMYFUNCTION("IFERROR( MAX(FILTER(EI9:EX9, ISNUMBER(EI9:EX9))), EX9 )"),1.0) -> 1 | EZ9: =IFERROR(VLOOKUP($B9,'LOD 300 - COLO4'!$B:BT,17,FALSE),"N/A") -> 0 | FA9: =IFERROR(__xludf.DUMMYFUNCTION("IFERROR( MAX(FILTER(EZ9, ISNUMBER(EZ9))), EZ9 )"),0.0) -> 0 | FB9: =IFERROR(VLOOKUP($B9,'LOD 300 - SITE'!$B:S,18,FALSE),"N/A") -> N/A | FC9: =IFERROR(VLOOKUP($B9,'LOD 300 - SITE'!$B:V,21,FALSE),"N/A") -> N/A | FD9: =IFERROR(VLOOKUP($B9,'LOD 300 - SITE'!$B:Y,24,FALSE),"N/A") -> N/A | FE9: =IFERROR(VLOOKUP($B9,'LOD 300 - SITE'!$B:AB,27,FALSE),"N/A") -> N/A | FF9: =IFERROR(VLOOKUP($B9,'LOD 300 - SITE'!$B:AE,30,FALSE),"N/A") -> N/A | FG9: =IFERROR(VLOOKUP($B9,'LOD 300 - SITE'!$B:AH,33,FALSE),"N/A") -> N/A | FH9: =IFERROR(VLOOKUP($B9,'LOD 300 - SITE'!$B:AK,36,FALSE),"N/A") -> N/A | FI9: =IFERROR(VLOOKUP($B9,'LOD 300 - SITE'!$B:AN,39,FALSE),"N/A") -> N/A | FJ9: =IFERROR(VLOOKUP($B9,'LOD 300 - SITE'!$B:AQ,42,FALSE),"N/A") -> N/A | FK9: =IFERROR(VLOOKUP($B9,'LOD 300 - SITE'!$B:AT,45,FALSE),"N/A") -> N/A | FL9: =IFERROR(VLOOKUP($B9,'LOD 300 - SITE'!$B:AW,48,FALSE),"N/A") -> N/A | FM9: =IFERROR(VLOOKUP($B9,'LOD 300 - SITE'!$B:AZ,51,FALSE),"N/A") -> N/A | FN9: =IFERROR(VLOOKUP($B9,'LOD 300 - SITE'!$B:BC,54,FALSE),"N/A") -> N/A | FO9: =IFERROR(VLOOKUP($B9,'LOD 300 - SITE'!$B:BF,57,FALSE),"N/A") -> N/A | FP9: =IFERROR(VLOOKUP($B9,'LOD 300 - SITE'!$B:BI,60,FALSE),"N/A") -> N/A | FQ9: =IFERROR(VLOOKUP($B9,'LOD 300 - SITE'!$B:BL,63,FALSE),"N/A") -> N/A | FR9: =IFERROR(VLOOKUP($B9,'LOD 300 - SITE'!$B:BO,66,FALSE),"N/A") -> N/A | FS9: =IFERROR(VLOOKUP($B9,'LOD 300 - SITE'!$B:BR,69,FALSE),"N/A") -> N/A | FT9: =IFERROR(VLOOKUP($B9,'LOD 300 - SITE'!$B:BU,72,FALSE),"N/A") -> N/A | FU9: =IFERROR(VLOOKUP($B9,'LOD 300 - SITE'!$B:BX,75,FALSE),"N/A") -> N/A | FV9: =IFERROR(VLOOKUP($B9,'LOD 300 - SITE'!$B:CA,78,FALSE),"N/A") -> N/A | FW9: =IFERROR(VLOOKUP($B9,'LOD 300 - SITE'!$B:CD,81,FALSE),"N/A") -> N/A | FX9: =IFERROR(VLOOKUP($B9,'LOD 300 - SITE'!$B:CG,84,FALSE),"N/A") -> N/A | FY9: =IFERROR(VLOOKUP($B9,'LOD 300 - SITE'!$B:CJ,87,FALSE),"N/A") -> N/A | FZ9: =IFERROR(VLOOKUP($B9,'LOD 300 - SITE'!$B:CM,90,FALSE),"N/A") -> N/A | GA9: =IFERROR(VLOOKUP($B9,'LOD 300 - SITE'!$B:CP,93,FALSE),"N/A") -> N/A | GB9: =IFERROR(VLOOKUP($B9,'LOD 300 - SITE'!$B:CS,96,FALSE),"N/A") -> N/A | GC9: =IFERROR(VLOOKUP($B9,'LOD 300 - SITE'!$B:CV,99,FALSE),"N/A") -> N/A | GD9: =IFERROR(VLOOKUP($B9,'LOD 300 - SITE'!$B:CY,102,FALSE),"N/A") -> N/A | GE9: =IFERROR(VLOOKUP($B9,'LOD 300 - SITE'!$B:DB,105,FALSE),"N/A") -> N/A | GF9: =IFERROR(VLOOKUP($B9,'LOD 300 - SITE'!$B:DE,108,FALSE),"N/A") -> N/A | GG9: =IFERROR(VLOOKUP($B9,'LOD 300 - SITE'!$B:DH,111,FALSE),"N/A") -> N/A | GH9: =IFERROR(VLOOKUP($B9,'LOD 300 - SITE'!$B:DK,114,FALSE),"N/A") -> N/A | GI9: =IFERROR(VLOOKUP($B9,'LOD 300 - SITE'!$B:DN,117,FALSE),"N/A") -> N/A | GJ9: =IFERROR(VLOOKUP($B9,'LOD 300 - SITE'!$B:DQ,120,FALSE),"N/A") -> N/A | GK9: =IFERROR(VLOOKUP($B9,'LOD 300 - SITE'!$B:DT,123,FALSE),"N/A") -> N/A | GL9: =IFERROR(VLOOKUP($B9,'LOD 300 - SITE'!$B:DW,126,FALSE),"N/A") -> N/A | GM9: =IFERROR(__xludf.DUMMYFUNCTION("IFERROR( MAX(FILTER(FB9:GL9, ISNUMBER(FB9:GL9))), GL9 )"),"N/A") -> N/A
A10: 12 | B10: CPQ11-ARCH-HMET-SITE-R24.rvt | C10: CPQ11-ARCH-HMET-SITE-R22.rvt | D10: SITE | E10: S-VALE | F10: 1104 | G10: SPBIM | H10: 1127 | I10: =IFERROR(VLOOKUP(C7:C149,'R22 RELATÓRIO ACC'!B:F,5,FALSE),"NOT PUBLISHED") -> V9 | J10: =IFERROR(VLOOKUP(C7:C149,'R22 RELATÓRIO ACC'!B:P,15,FALSE),"NOT PUBLISHED") -> 10/04/2026 | K10: =IFERROR(VLOOKUP(B7:B198,'RELATÓRIO ACC'!B:F,5,FALSE),"NOT PUBLISHED") -> V1 | L10: =IFERROR(VLOOKUP(B7:B198,'RELATÓRIO ACC'!B:P,15,FALSE),"NOT PUBLISHED") -> 15/05/2026 | M10: =IF(OR($D10="UTLS",$D10="GUAR",$D10="STIR",$D10="PUMP",$D10="SITE"), VLOOKUP($B10,'LOD 300 - SITE'!B:M,12,FALSE), VLOOKUP($B10,'LOD 300 - ADMN'!B:M,12,FALSE) ) -> V3 | N10: =IF(OR($D10="UTLS",$D10="GUAR",$D10="STIR",$D10="PUMP",$D10="SITE"), VLOOKUP($B10,'LOD 300 - SITE'!B:N,13,FALSE), VLOOKUP($B10,'LOD 300 - ADMN'!B:N,13,FALSE) ) -> 45898 | O10: =IF(OR($D10="UTLS",$D10="GUAR",$D10="STIR",$D10="PUMP",$D10="SITE"), VLOOKUP($B10,'LOD 300 - SITE'!B:O,14,FALSE), VLOOKUP($B10,'LOD 300 - ADMN'!B:O,14,FALSE) ) -> R22 | P10: =IF(OR($D10="C345",$D10="C12A",$D10="DATA"), VLOOKUP($B10,'LOD 300 - COLO3'!B:M,12,FALSE),"N/A") -> N/A | Q10: =IF(OR($D10="C345",$D10="C12A",$D10="DATA"), VLOOKUP($B10,'LOD 300 - COLO3'!B:N,13,FALSE),"N/A") -> N/A | R10: =IF(OR($D10="C345",$D10="C12A",$D10="DATA"), VLOOKUP($B10,'LOD 300 - COLO3'!B:O,14,FALSE),"N/A") -> N/A | S10: =IF(OR($D10="C345",$D10="C12A",$D10="DATA"), VLOOKUP($B10,'LOD 300 - COLO4'!B:M,12,FALSE),"N/A") -> N/A | T10: =IF(OR($D10="C345",$D10="C12A",$D10="DATA"), VLOOKUP($B10,'LOD 300 - COLO4'!B:T,13,FALSE),"N/A") -> N/A | U10: =IF(OR($D10="C345",$D10="C12A",$D10="DATA"), VLOOKUP($B10,'LOD 300 - COLO4'!B:U,17,FALSE),"N/A") -> N/A | W10: =IFERROR(VLOOKUP($B10,'LOD 300 - ADMN'!$B:S,18,FALSE),"N/A") -> N/A | X10: =IFERROR(VLOOKUP($B10,'LOD 300 - ADMN'!$B:V,21,FALSE),"N/A") -> N/A | Y10: =IFERROR(VLOOKUP($B10,'LOD 300 - ADMN'!$B:Y,24,FALSE),"N/A") -> N/A | Z10: =IFERROR(VLOOKUP($B10,'LOD 300 - ADMN'!$B:AB,27,FALSE),"N/A") -> N/A | AA10: =IFERROR(VLOOKUP($B10,'LOD 300 - ADMN'!$B:AE,30,FALSE),"N/A") -> N/A | AB10: =IFERROR(VLOOKUP($B10,'LOD 300 - ADMN'!$B:AH,33,FALSE),"N/A") -> N/A | AC10: =IFERROR(VLOOKUP($B10,'LOD 300 - ADMN'!$B:AK,36,FALSE),"N/A") -> N/A | AD10: =IFERROR(VLOOKUP($B10,'LOD 300 - ADMN'!$B:AN,39,FALSE),"N/A") -> N/A | AE10: =IFERROR(VLOOKUP($B10,'LOD 300 - ADMN'!$B:AQ,42,FALSE),"N/A") -> N/A | AF10: =IFERROR(VLOOKUP($B10,'LOD 300 - ADMN'!$B:AT,45,FALSE),"N/A") -> N/A | AG10: =IFERROR(VLOOKUP($B10,'LOD 300 - ADMN'!$B:AW,48,FALSE),"N/A") -> N/A | AH10: =IFERROR(VLOOKUP($B10,'LOD 300 - ADMN'!$B:AZ,51,FALSE),"N/A") -> N/A | AI10: =IFERROR(VLOOKUP($B10,'LOD 300 - ADMN'!$B:BC,54,FALSE),"N/A") -> N/A | AJ10: =IFERROR(VLOOKUP($B10,'LOD 300 - ADMN'!$B:BF,57,FALSE),"N/A") -> N/A | AK10: =IFERROR(VLOOKUP($B10,'LOD 300 - ADMN'!$B:EP,60,FALSE),"N/A") -> N/A | AL10: =IFERROR(VLOOKUP($B10,'LOD 300 - ADMN'!$B:EQ,63,FALSE),"N/A") -> N/A | AM10: =IFERROR(VLOOKUP($B10,'LOD 300 - ADMN'!$B:BO,66,FALSE),"N/A") -> N/A | AN10: =IFERROR(VLOOKUP($B10,'LOD 300 - ADMN'!$B:BR,69,FALSE),"N/A") -> N/A | AO10: =IFERROR(VLOOKUP($B10,'LOD 300 - ADMN'!$B:BU,72,FALSE),"N/A") -> N/A | AP10: =IFERROR(VLOOKUP($B10,'LOD 300 - ADMN'!$B:BX,75,FALSE),"N/A") -> N/A | AQ10: =IFERROR(VLOOKUP($B10,'LOD 300 - ADMN'!$B:CA,78,FALSE),"N/A") -> N/A | AR10: =IFERROR(VLOOKUP($B10,'LOD 300 - ADMN'!$B:CD,81,FALSE),"N/A") -> N/A | AS10: =IFERROR(VLOOKUP($B10,'LOD 300 - ADMN'!$B:CG,84,FALSE),"N/A") -> N/A | AT10: =IFERROR(VLOOKUP($B10,'LOD 300 - ADMN'!$B:CJ,87,FALSE),"N/A") -> N/A | AU10: =IFERROR(VLOOKUP($B10,'LOD 300 - ADMN'!$B:CM,90,FALSE),"N/A") -> N/A | AV10: =IFERROR(VLOOKUP($B10,'LOD 300 - ADMN'!$B:CP,93,FALSE),"N/A") -> N/A | AW10: =IFERROR(VLOOKUP($B10,'LOD 300 - ADMN'!$B:CS,96,FALSE),"N/A") -> N/A | AX10: =IFERROR(VLOOKUP($B10,'LOD 300 - ADMN'!$B:CV,99,FALSE),"N/A") -> N/A | AY10: =IFERROR(VLOOKUP($B10,'LOD 300 - ADMN'!$B:CY,102,FALSE),"N/A") -> N/A | AZ10: =IFERROR(VLOOKUP($B10,'LOD 300 - ADMN'!$B:DB,105,FALSE),"N/A") -> N/A | BA10: =IFERROR(VLOOKUP($B10,'LOD 300 - ADMN'!$B:DE,108,FALSE),"N/A") -> N/A | BB10: =IFERROR(VLOOKUP($B10,'LOD 300 - ADMN'!$B:DH,111,FALSE),"N/A") -> N/A | BC10: =IFERROR(VLOOKUP($B10,'LOD 300 - ADMN'!$B:DK,114,FALSE),"N/A") -> N/A | BD10: =IFERROR(VLOOKUP($B10,'LOD 300 - ADMN'!$B:DN,117,FALSE),"N/A") -> N/A | BE10: =IFERROR(VLOOKUP($B10,'LOD 300 - ADMN'!$B:DQ,120,FALSE),"N/A") -> N/A | BF10: =IFERROR(VLOOKUP($B10,'LOD 300 - ADMN'!$B:DT,123,FALSE),"N/A") -> N/A | BG10: =IFERROR(VLOOKUP($B10,'LOD 300 - ADMN'!$B:DW,126,FALSE),"N/A") -> N/A | BH10: =IFERROR(VLOOKUP($B10,'LOD 300 - ADMN'!$B:DZ,129,FALSE),"N/A") -> N/A | BI10: =IFERROR(VLOOKUP($B10,'LOD 300 - ADMN'!$B:EC,132,FALSE),"N/A") -> N/A | BJ10: =IFERROR(__xludf.DUMMYFUNCTION("IFERROR( MAX(FILTER(X10:BI10, ISNUMBER(X10:BI10))), BI10 )"),"N/A") -> N/A | BK10: =IFERROR(VLOOKUP($B10,'LOD 300 - COLO1'!$B:S,18,FALSE),"N/A") -> N/A | BL10: =IFERROR(VLOOKUP($B10,'LOD 300 - COLO1'!$B:V,21,FALSE),"N/A") -> N/A | BM10: =IFERROR(VLOOKUP($B10,'LOD 300 - COLO1'!$B:Y,24,FALSE),"N/A") -> N/A | BN10: =IFERROR(VLOOKUP($B10,'LOD 300 - COLO1'!$B:AB,27,FALSE),"N/A") -> N/A | BO10: =IFERROR(VLOOKUP($B10,'LOD 300 - COLO1'!$B:AE,30,FALSE),"N/A") -> N/A | BP10: =IFERROR(VLOOKUP($B10,'LOD 300 - COLO1'!$B:AH,33,FALSE),"N/A") -> N/A | BQ10: =IFERROR(VLOOKUP($B10,'LOD 300 - COLO1'!$B:AK,36,FALSE),"N/A") -> N/A | BR10: =IFERROR(VLOOKUP($B10,'LOD 300 - COLO1'!$B:AN,39,FALSE),"N/A") -> N/A | BS10: =IFERROR(VLOOKUP($B10,'LOD 300 - COLO1'!$B:AQ,42,FALSE),"N/A") -> N/A | BT10: =IFERROR(VLOOKUP($B10,'LOD 300 - COLO1'!$B:AT,45,FALSE),"N/A") -> N/A | BU10: =IFERROR(VLOOKUP($B10,'LOD 300 - COLO1'!$B:AW,48,FALSE),"N/A") -> N/A | BV10: =IFERROR(VLOOKUP($B10,'LOD 300 - COLO1'!$B:AZ,51,FALSE),"N/A") -> N/A | BW10: =IFERROR(VLOOKUP($B10,'LOD 300 - COLO1'!$B:BC,54,FALSE),"N/A") -> N/A | BX10: =IFERROR(VLOOKUP($B10,'LOD 300 - COLO1'!$B:BF,57,FALSE),"N/A") -> N/A | BY10: =IFERROR(VLOOKUP($B10,'LOD 300 - COLO1'!$B:BI,60,FALSE),"N/A") -> N/A | BZ10: =IFERROR(VLOOKUP($B10,'LOD 300 - COLO1'!$B:BL,63,FALSE),"N/A") -> N/A | CA10: =IFERROR(VLOOKUP($B10,'LOD 300 - COLO1'!$B:BO,66,FALSE),"N/A") -> N/A | CB10: =IFERROR(VLOOKUP($B10,'LOD 300 - COLO1'!$B:BR,69,FALSE),"N/A") -> N/A | CC10: =IFERROR(VLOOKUP($B10,'LOD 300 - COLO1'!$B:BU,72,FALSE),"N/A") -> N/A | CD10: =IFERROR(VLOOKUP($B10,'LOD 300 - COLO1'!$B:BX,75,FALSE),"N/A") -> N/A | CE10: =IFERROR(VLOOKUP($B10,'LOD 300 - COLO1'!$B:CA,78,FALSE),"N/A") -> N/A | CF10: =IFERROR(VLOOKUP($B10,'LOD 300 - COLO1'!$B:CD,81,FALSE),"N/A") -> N/A | CG10: =IFERROR(VLOOKUP($B10,'LOD 300 - COLO1'!$B:CG,84,FALSE),"N/A") -> N/A | CH10: =IFERROR(VLOOKUP($B10,'LOD 300 - COLO1'!$B:CJ,87,FALSE),"N/A") -> N/A | CI10: =IFERROR(VLOOKUP($B10,'LOD 300 - COLO1'!$B:CM,90,FALSE),"N/A") -> N/A | CJ10: =IFERROR(VLOOKUP($B10,'LOD 300 - COLO1'!$B:CP,93,FALSE),"N/A") -> N/A | CK10: =IFERROR(VLOOKUP($B10,'LOD 300 - COLO1'!$B:CS,96,FALSE),"N/A") -> N/A | CL10: =IFERROR(VLOOKUP($B10,'LOD 300 - COLO1'!$B:CV,99,FALSE),"N/A") -> N/A | CM10: =IFERROR(VLOOKUP($B10,'LOD 300 - COLO1'!$B:CY,102,FALSE),"N/A") -> N/A | CN10: =IFERROR(VLOOKUP($B10,'LOD 300 - COLO1'!$B:DB,105,FALSE),"N/A") -> N/A | CO10: =IFERROR(VLOOKUP($B10,'LOD 300 - COLO1'!$B:EE,108,FALSE),"N/A") -> N/A | CP10: =IFERROR(VLOOKUP($B10,'LOD 300 - COLO1'!$B:EH,111,FALSE),"N/A") -> N/A | CQ10: =IFERROR(VLOOKUP($B10,'LOD 300 - COLO1'!$B:EK,114,FALSE),"N/A") -> N/A | CR10: =IFERROR(VLOOKUP($B10,'LOD 300 - COLO1'!$B:EN,117,FALSE),"N/A") -> N/A | CS10: =IFERROR(VLOOKUP($B10,'LOD 300 - COLO1'!$B:EQ,120,FALSE),"N/A") -> N/A | CT10: =IFERROR(VLOOKUP($B10,'LOD 300 - COLO1'!$B:ET,123,FALSE),"N/A") -> N/A | CU10: =IFERROR(VLOOKUP($B10,'LOD 300 - COLO1'!$B:EW,126,FALSE),"N/A") -> N/A | CV10: =IFERROR(VLOOKUP($B10,'LOD 300 - COLO1'!$B:EZ,129,FALSE),"N/A") -> N/A | CW10: =IFERROR(VLOOKUP($B10,'LOD 300 - COLO1'!$B:FC,132,FALSE),"N/A") -> N/A | CX10: =IFERROR(__xludf.DUMMYFUNCTION("IFERROR( MAX(FILTER(BK10:CW10, ISNUMBER(BK10:CW10))), CW10 )"),"N/A") -> N/A | CY10: =IFERROR(VLOOKUP($B10,'LOD 300 - COLO2'!$B:S,18,FALSE),"N/A") -> N/A | CZ10: =IFERROR(VLOOKUP($B10,'LOD 300 - COLO2'!$B:V,21,FALSE),"N/A") -> N/A | DA10: =IFERROR(VLOOKUP($B10,'LOD 300 - COLO2'!$B:Y,24,FALSE),"N/A") -> N/A | DB10: =IFERROR(VLOOKUP($B10,'LOD 300 - COLO2'!$B:AB,27,FALSE),"N/A") -> N/A | DC10: =IFERROR(VLOOKUP($B10,'LOD 300 - COLO2'!$B:AE,30,FALSE),"N/A") -> N/A | DD10: =IFERROR(VLOOKUP($B10,'LOD 300 - COLO2'!$B:AH,33,FALSE),"N/A") -> N/A | DE10: =IFERROR(VLOOKUP($B10,'LOD 300 - COLO2'!$B:AK,36,FALSE),"N/A") -> N/A | DF10: =IFERROR(VLOOKUP($B10,'LOD 300 - COLO2'!$B:AN,39,FALSE),"N/A") -> N/A | DG10: =IFERROR(VLOOKUP($B10,'LOD 300 - COLO2'!$B:AQ,42,FALSE),"N/A") -> N/A | DH10: =IFERROR(VLOOKUP($B10,'LOD 300 - COLO2'!$B:AT,45,FALSE),"N/A") -> N/A | DI10: =IFERROR(VLOOKUP($B10,'LOD 300 - COLO2'!$B:AW,48,FALSE),"N/A") -> N/A | DJ10: =IFERROR(VLOOKUP($B10,'LOD 300 - COLO2'!$B:AZ,51,FALSE),"N/A") -> N/A | DK10: =IFERROR(VLOOKUP($B10,'LOD 300 - COLO2'!$B:BC,54,FALSE),"N/A") -> N/A | DL10: =IFERROR(VLOOKUP($B10,'LOD 300 - COLO2'!$B:BF,57,FALSE),"N/A") -> N/A | DM10: =IFERROR(VLOOKUP($B10,'LOD 300 - COLO2'!$B:BI,60,FALSE),"N/A") -> N/A | DN10: =IFERROR(VLOOKUP($B10,'LOD 300 - COLO2'!$B:BL,63,FALSE),"N/A") -> N/A | DO10: =IFERROR(VLOOKUP($B10,'LOD 300 - COLO2'!$B:BO,66,FALSE),"N/A") -> N/A | DP10: =IFERROR(VLOOKUP($B10,'LOD 300 - COLO2'!$B:BR,69,FALSE),"N/A") -> N/A | DQ10: =IFERROR(VLOOKUP($B10,'LOD 300 - COLO2'!$B:BU,72,FALSE),"N/A") -> N/A | DR10: =IFERROR(VLOOKUP($B10,'LOD 300 - COLO2'!$B:BX,75,FALSE),"N/A") -> N/A | DS10: =IFERROR(VLOOKUP($B10,'LOD 300 - COLO2'!$B:CA,78,FALSE),"N/A") -> N/A | DT10: =IFERROR(VLOOKUP($B10,'LOD 300 - COLO2'!$B:CD,81,FALSE),"N/A") -> N/A | DU10: =IFERROR(VLOOKUP($B10,'LOD 300 - COLO2'!$B:CG,84,FALSE),"N/A") -> N/A | DV10: =IFERROR(VLOOKUP($B10,'LOD 300 - COLO2'!$B:CJ,87,FALSE),"N/A") -> N/A | DW10: =IFERROR(VLOOKUP($B10,'LOD 300 - COLO2'!$B:CM,90,FALSE),"N/A") -> N/A | DX10: =IFERROR(VLOOKUP($B10,'LOD 300 - COLO2'!$B:CP,93,FALSE),"N/A") -> N/A | DY10: =IFERROR(VLOOKUP($B10,'LOD 300 - COLO2'!$B:CS,96,FALSE),"N/A") -> N/A | DZ10: =IFERROR(VLOOKUP($B10,'LOD 300 - COLO2'!$B:CV,99,FALSE),"N/A") -> N/A | EA10: =IFERROR(VLOOKUP($B10,'LOD 300 - COLO2'!$B:DB,105,FALSE),"N/A") -> N/A | EB10: =IFERROR(VLOOKUP($B10,'LOD 300 - COLO2'!$B:DB,105,FALSE),"N/A") -> N/A | EC10: =IFERROR(VLOOKUP($B10,'LOD 300 - COLO2'!$B:DE,108,FALSE),"N/A") -> N/A | ED10: =IFERROR(VLOOKUP($B10,'LOD 300 - COLO2'!$B:DH,111,FALSE),"N/A") -> N/A | EE10: =IFERROR(VLOOKUP($B10,'LOD 300 - COLO2'!$B:DK,114,FALSE),"N/A") -> N/A | EF10: =IFERROR(VLOOKUP($B10,'LOD 300 - COLO2'!$B:DN,117,FALSE),"N/A") -> N/A | EG10: =IFERROR(VLOOKUP($B10,'LOD 300 - COLO2'!$B:DQ,120,FALSE),"N/A") -> N/A | EH10: =IFERROR(__xludf.DUMMYFUNCTION("IFERROR( MAX(FILTER(CZ10:EG10, ISNUMBER(CZ10:EG10))), EG10 )"),"N/A") -> N/A | EI10: =IFERROR(VLOOKUP($B10,'LOD 300 - COLO3'!$B:R,17,FALSE),"N/A") -> N/A | EJ10: =IFERROR(VLOOKUP($B10,'LOD 300 - COLO3'!$B:U,20,FALSE),"N/A") -> N/A | EK10: =IFERROR(VLOOKUP($B10,'LOD 300 - COLO3'!$B:X,23,FALSE),"N/A") -> N/A | EL10: =IFERROR(VLOOKUP($B10,'LOD 300 - COLO3'!$B:AA,26,FALSE),"N/A") -> N/A | EM10: =IFERROR(VLOOKUP($B10,'LOD 300 - COLO3'!$B:AD,29,FALSE),"N/A") -> N/A | EN10: =IFERROR(VLOOKUP($B10,'LOD 300 - COLO3'!$B:AG,32,FALSE),"N/A") -> N/A | EO10: =IFERROR(VLOOKUP($B10,'LOD 300 - COLO3'!$B:AJ,35,FALSE),"N/A") -> N/A | EP10: =IFERROR(VLOOKUP($B10,'LOD 300 - COLO3'!$B:AM,38,FALSE),"N/A") -> N/A | EQ10: =IFERROR(VLOOKUP($B10,'LOD 300 - COLO3'!$B:AP,41,FALSE),"N/A") -> N/A | ER10: =IFERROR(VLOOKUP($B10,'LOD 300 - COLO3'!$B:AS,44,FALSE),"N/A") -> N/A | ES10: =IFERROR(VLOOKUP($B10,'LOD 300 - COLO3'!$B:AV,47,FALSE),"N/A") -> N/A | ET10: =IFERROR(VLOOKUP($B10,'LOD 300 - COLO3'!$B:AY,50,FALSE),"N/A") -> N/A | EU10: =IFERROR(VLOOKUP($B10,'LOD 300 - COLO3'!$B:BB,53,FALSE),"N/A") -> N/A | EV10: =IFERROR(VLOOKUP($B10,'LOD 300 - COLO3'!$B:BE,56,FALSE),"N/A") -> N/A | EW10: =IFERROR(VLOOKUP($B10,'LOD 300 - COLO3'!$B:BL,59,FALSE),"N/A") -> N/A | EX10: =IFERROR(VLOOKUP($B10,'LOD 300 - COLO3'!$B:BO,62,FALSE),"N/A") -> N/A | EY10: =IFERROR(__xludf.DUMMYFUNCTION("IFERROR( MAX(FILTER(EI10:EX10, ISNUMBER(EI10:EX10))), EX10 )"),"N/A") -> N/A | EZ10: =IFERROR(VLOOKUP($B10,'LOD 300 - COLO4'!$B:BT,17,FALSE),"N/A") -> N/A | FA10: =IFERROR(__xludf.DUMMYFUNCTION("IFERROR( MAX(FILTER(EZ10, ISNUMBER(EZ10))), EZ10 )"),"N/A") -> N/A | FB10: =IFERROR(VLOOKUP($B10,'LOD 300 - SITE'!$B:S,18,FALSE),"N/A") -> 0.84 | FC10: =IFERROR(VLOOKUP($B10,'LOD 300 - SITE'!$B:V,21,FALSE),"N/A") -> 1 | FD10: =IFERROR(VLOOKUP($B10,'LOD 300 - SITE'!$B:Y,24,FALSE),"N/A") -> 1 | FE10: =IFERROR(VLOOKUP($B10,'LOD 300 - SITE'!$B:AB,27,FALSE),"N/A") -> 1 | FF10: =IFERROR(VLOOKUP($B10,'LOD 300 - SITE'!$B:AE,30,FALSE),"N/A") -> 1 | FG10: =IFERROR(VLOOKUP($B10,'LOD 300 - SITE'!$B:AH,33,FALSE),"N/A") -> 1 | FH10: =IFERROR(VLOOKUP($B10,'LOD 300 - SITE'!$B:AK,36,FALSE),"N/A") -> 1 | FI10: =IFERROR(VLOOKUP($B10,'LOD 300 - SITE'!$B:AN,39,FALSE),"N/A") -> 1 | FJ10: =IFERROR(VLOOKUP($B10,'LOD 300 - SITE'!$B:AQ,42,FALSE),"N/A") -> 1 | FK10: =IFERROR(VLOOKUP($B10,'LOD 300 - SITE'!$B:AT,45,FALSE),"N/A") -> 1 | FL10: =IFERROR(VLOOKUP($B10,'LOD 300 - SITE'!$B:AW,48,FALSE),"N/A") -> 1 | FM10: =IFERROR(VLOOKUP($B10,'LOD 300 - SITE'!$B:AZ,51,FALSE),"N/A") -> 1 | FN10: =IFERROR(VLOOKUP($B10,'LOD 300 - SITE'!$B:BC,54,FALSE),"N/A") -> 1 | FO10: =IFERROR(VLOOKUP($B10,'LOD 300 - SITE'!$B:BF,57,FALSE),"N/A") -> 1 | FP10: =IFERROR(VLOOKUP($B10,'LOD 300 - SITE'!$B:BI,60,FALSE),"N/A") -> 1 | FQ10: =IFERROR(VLOOKUP($B10,'LOD 300 - SITE'!$B:BL,63,FALSE),"N/A") -> 1 | FR10: =IFERROR(VLOOKUP($B10,'LOD 300 - SITE'!$B:BO,66,FALSE),"N/A") -> 1 | FS10: =IFERROR(VLOOKUP($B10,'LOD 300 - SITE'!$B:BR,69,FALSE),"N/A") -> 1 | FT10: =IFERROR(VLOOKUP($B10,'LOD 300 - SITE'!$B:BU,72,FALSE),"N/A") -> 1 | FU10: =IFERROR(VLOOKUP($B10,'LOD 300 - SITE'!$B:BX,75,FALSE),"N/A") -> 1 | FV10: =IFERROR(VLOOKUP($B10,'LOD 300 - SITE'!$B:CA,78,FALSE),"N/A") -> 1 | FW10: =IFERROR(VLOOKUP($B10,'LOD 300 - SITE'!$B:CD,81,FALSE),"N/A") -> 1 | FX10: =IFERROR(VLOOKUP($B10,'LOD 300 - SITE'!$B:CG,84,FALSE),"N/A") -> 1 | FY10: =IFERROR(VLOOKUP($B10,'LOD 300 - SITE'!$B:CJ,87,FALSE),"N/A") -> 1 | FZ10: =IFERROR(VLOOKUP($B10,'LOD 300 - SITE'!$B:CM,90,FALSE),"N/A") -> 1 | GA10: =IFERROR(VLOOKUP($B10,'LOD 300 - SITE'!$B:CP,93,FALSE),"N/A") -> 1 | GB10: =IFERROR(VLOOKUP($B10,'LOD 300 - SITE'!$B:CS,96,FALSE),"N/A") -> 1 | GC10: =IFERROR(VLOOKUP($B10,'LOD 300 - SITE'!$B:CV,99,FALSE),"N/A") -> 1 | GD10: =IFERROR(VLOOKUP($B10,'LOD 300 - SITE'!$B:CY,102,FALSE),"N/A") -> 1 | GE10: =IFERROR(VLOOKUP($B10,'LOD 300 - SITE'!$B:DB,105,FALSE),"N/A") -> 1 | GF10: =IFERROR(VLOOKUP($B10,'LOD 300 - SITE'!$B:DE,108,FALSE),"N/A") -> 1 | GG10: =IFERROR(VLOOKUP($B10,'LOD 300 - SITE'!$B:DH,111,FALSE),"N/A") -> 1 | GH10: =IFERROR(VLOOKUP($B10,'LOD 300 - SITE'!$B:DK,114,FALSE),"N/A") -> 1 | GI10: =IFERROR(VLOOKUP($B10,'LOD 300 - SITE'!$B:DN,117,FALSE),"N/A") -> 1 | GJ10: =IFERROR(VLOOKUP($B10,'LOD 300 - SITE'!$B:DQ,120,FALSE),"N/A") -> 1 | GK10: =IFERROR(VLOOKUP($B10,'LOD 300 - SITE'!$B:DT,123,FALSE),"N/A") -> 1 | GL10: =IFERROR(VLOOKUP($B10,'LOD 300 - SITE'!$B:DW,126,FALSE),"N/A") -> 1 | GM10: =IFERROR(__xludf.DUMMYFUNCTION("IFERROR( MAX(FILTER(FB10:GL10, ISNUMBER(FB10:GL10))), GL10 )"),1.0) -> 1
A11: 13 | B11: CPQ11-ARCH-HM90-DATA-R24.rvt | C11: CPQ11-ARCH-HM90-DATA-R22.rvt | D11: DATA | E11: ZEUS/PORTEX | F11: 1105 | G11: SPBIM | H11: 1105 | I11: =IFERROR(VLOOKUP(C8:C150,'R22 RELATÓRIO ACC'!B:F,5,FALSE),"NOT PUBLISHED") -> V9 | J11: =IFERROR(VLOOKUP(C8:C150,'R22 RELATÓRIO ACC'!B:P,15,FALSE),"NOT PUBLISHED") -> 27/03/2026 | K11: =IFERROR(VLOOKUP(B8:B199,'RELATÓRIO ACC'!B:F,5,FALSE),"NOT PUBLISHED") -> V2 | L11: =IFERROR(VLOOKUP(B8:B199,'RELATÓRIO ACC'!B:P,15,FALSE),"NOT PUBLISHED") -> 26/06/2026 | M11: =IF(OR($D11="UTLS",$D11="GUAR",$D11="STIR",$D11="PUMP",$D11="SITE"), VLOOKUP($B11,'LOD 300 - SITE'!B:M,12,FALSE), VLOOKUP($B11,'LOD 300 - ADMN'!B:M,12,FALSE) ) -> V4 | N11: =IF(OR($D11="UTLS",$D11="GUAR",$D11="STIR",$D11="PUMP",$D11="SITE"), VLOOKUP($B11,'LOD 300 - SITE'!B:N,13,FALSE), VLOOKUP($B11,'LOD 300 - ADMN'!B:N,13,FALSE) ) -> 05/11/2025 | O11: =IF(OR($D11="UTLS",$D11="GUAR",$D11="STIR",$D11="PUMP",$D11="SITE"), VLOOKUP($B11,'LOD 300 - SITE'!B:O,14,FALSE), VLOOKUP($B11,'LOD 300 - ADMN'!B:O,14,FALSE) ) -> R22 | P11: =IF(OR($D11="C345",$D11="C12A",$D11="DATA"), VLOOKUP($B11,'LOD 300 - COLO3'!B:M,12,FALSE),"N/A") -> V9 | Q11: =IF(OR($D11="C345",$D11="C12A",$D11="DATA"), VLOOKUP($B11,'LOD 300 - COLO3'!B:N,13,FALSE),"N/A") -> 46108 | R11: =IF(OR($D11="C345",$D11="C12A",$D11="DATA"), VLOOKUP($B11,'LOD 300 - COLO3'!B:O,14,FALSE),"N/A") -> R22 | S11: =IF(OR($D11="C345",$D11="C12A",$D11="DATA"), VLOOKUP($B11,'LOD 300 - COLO4'!B:M,12,FALSE),"N/A") -> N/A | T11: =IF(OR($D11="C345",$D11="C12A",$D11="DATA"), VLOOKUP($B11,'LOD 300 - COLO4'!B:T,13,FALSE),"N/A") -> N/A | U11: =IF(OR($D11="C345",$D11="C12A",$D11="DATA"), VLOOKUP($B11,'LOD 300 - COLO4'!B:U,17,FALSE),"N/A") -> 0 | V11: LETÍCIA | W11: =IFERROR(VLOOKUP($B11,'LOD 300 - ADMN'!$B:S,18,FALSE),"N/A") -> NOT PUBLISHED | X11: =IFERROR(VLOOKUP($B11,'LOD 300 - ADMN'!$B:V,21,FALSE),"N/A") -> NOT PUBLISHED | Y11: =IFERROR(VLOOKUP($B11,'LOD 300 - ADMN'!$B:Y,24,FALSE),"N/A") -> 1 | Z11: =IFERROR(VLOOKUP($B11,'LOD 300 - ADMN'!$B:AB,27,FALSE),"N/A") -> 1 | AA11: =IFERROR(VLOOKUP($B11,'LOD 300 - ADMN'!$B:AE,30,FALSE),"N/A") -> 1 | AB11: =IFERROR(VLOOKUP($B11,'LOD 300 - ADMN'!$B:AH,33,FALSE),"N/A") -> 1 | AC11: =IFERROR(VLOOKUP($B11,'LOD 300 - ADMN'!$B:AK,36,FALSE),"N/A") -> 1 | AD11: =IFERROR(VLOOKUP($B11,'LOD 300 - ADMN'!$B:AN,39,FALSE),"N/A") -> 1 | AE11: =IFERROR(VLOOKUP($B11,'LOD 300 - ADMN'!$B:AQ,42,FALSE),"N/A") -> 1 | AF11: =IFERROR(VLOOKUP($B11,'LOD 300 - ADMN'!$B:AT,45,FALSE),"N/A") -> 1 | AG11: =IFERROR(VLOOKUP($B11,'LOD 300 - ADMN'!$B:AW,48,FALSE),"N/A") -> 1 | AH11: =IFERROR(VLOOKUP($B11,'LOD 300 - ADMN'!$B:AZ,51,FALSE),"N/A") -> 1 | AI11: =IFERROR(VLOOKUP($B11,'LOD 300 - ADMN'!$B:BC,54,FALSE),"N/A") -> 1 | AJ11: =IFERROR(VLOOKUP($B11,'LOD 300 - ADMN'!$B:BF,57,FALSE),"N/A") -> 1 | AK11: =IFERROR(VLOOKUP($B11,'LOD 300 - ADMN'!$B:EP,60,FALSE),"N/A") -> 1 | AL11: =IFERROR(VLOOKUP($B11,'LOD 300 - ADMN'!$B:EQ,63,FALSE),"N/A") -> 1 | AM11: =IFERROR(VLOOKUP($B11,'LOD 300 - ADMN'!$B:BO,66,FALSE),"N/A") -> 1 | AN11: =IFERROR(VLOOKUP($B11,'LOD 300 - ADMN'!$B:BR,69,FALSE),"N/A") -> 1 | AO11: =IFERROR(VLOOKUP($B11,'LOD 300 - ADMN'!$B:BU,72,FALSE),"N/A") -> 1 | AP11: =IFERROR(VLOOKUP($B11,'LOD 300 - ADMN'!$B:BX,75,FALSE),"N/A") -> 1 | AQ11: =IFERROR(VLOOKUP($B11,'LOD 300 - ADMN'!$B:CA,78,FALSE),"N/A") -> 1 | AR11: =IFERROR(VLOOKUP($B11,'LOD 300 - ADMN'!$B:CD,81,FALSE),"N/A") -> 1 | AS11: =IFERROR(VLOOKUP($B11,'LOD 300 - ADMN'!$B:CG,84,FALSE),"N/A") -> 1 | AT11: =IFERROR(VLOOKUP($B11,'LOD 300 - ADMN'!$B:CJ,87,FALSE),"N/A") -> 1 | AU11: =IFERROR(VLOOKUP($B11,'LOD 300 - ADMN'!$B:CM,90,FALSE),"N/A") -> 1 | AV11: =IFERROR(VLOOKUP($B11,'LOD 300 - ADMN'!$B:CP,93,FALSE),"N/A") -> 1 | AW11: =IFERROR(VLOOKUP($B11,'LOD 300 - ADMN'!$B:CS,96,FALSE),"N/A") -> 1 | AX11: =IFERROR(VLOOKUP($B11,'LOD 300 - ADMN'!$B:CV,99,FALSE),"N/A") -> 1 | AY11: =IFERROR(VLOOKUP($B11,'LOD 300 - ADMN'!$B:CY,102,FALSE),"N/A") -> 1 | AZ11: =IFERROR(VLOOKUP($B11,'LOD 300 - ADMN'!$B:DB,105,FALSE),"N/A") -> 1 | BA11: =IFERROR(VLOOKUP($B11,'LOD 300 - ADMN'!$B:DE,108,FALSE),"N/A") -> 1 | BB11: =IFERROR(VLOOKUP($B11,'LOD 300 - ADMN'!$B:DH,111,FALSE),"N/A") -> 1 | BC11: =IFERROR(VLOOKUP($B11,'LOD 300 - ADMN'!$B:DK,114,FALSE),"N/A") -> 1 | BD11: =IFERROR(VLOOKUP($B11,'LOD 300 - ADMN'!$B:DN,117,FALSE),"N/A") -> 1 | BE11: =IFERROR(VLOOKUP($B11,'LOD 300 - ADMN'!$B:DQ,120,FALSE),"N/A") -> 1 | BF11: =IFERROR(VLOOKUP($B11,'LOD 300 - ADMN'!$B:DT,123,FALSE),"N/A") -> 1 | BG11: =IFERROR(VLOOKUP($B11,'LOD 300 - ADMN'!$B:DW,126,FALSE),"N/A") -> 1 | BH11: =IFERROR(VLOOKUP($B11,'LOD 300 - ADMN'!$B:DZ,129,FALSE),"N/A") -> 1 | BI11: =IFERROR(VLOOKUP($B11,'LOD 300 - ADMN'!$B:EC,132,FALSE),"N/A") -> 1 | BJ11: =IFERROR(__xludf.DUMMYFUNCTION("IFERROR( MAX(FILTER(X11:BI11, ISNUMBER(X11:BI11))), BI11 )"),1.0) -> 1 | BK11: =IFERROR(VLOOKUP($B11,'LOD 300 - COLO1'!$B:S,18,FALSE),"N/A") -> NOT PUBLISHED | BL11: =IFERROR(VLOOKUP($B11,'LOD 300 - COLO1'!$B:V,21,FALSE),"N/A") -> NOT PUBLISHED | BM11: =IFERROR(VLOOKUP($B11,'LOD 300 - COLO1'!$B:Y,24,FALSE),"N/A") -> 1 | BN11: =IFERROR(VLOOKUP($B11,'LOD 300 - COLO1'!$B:AB,27,FALSE),"N/A") -> 1 | BO11: =IFERROR(VLOOKUP($B11,'LOD 300 - COLO1'!$B:AE,30,FALSE),"N/A") -> 1 | BP11: =IFERROR(VLOOKUP($B11,'LOD 300 - COLO1'!$B:AH,33,FALSE),"N/A") -> 1 | BQ11: =IFERROR(VLOOKUP($B11,'LOD 300 - COLO1'!$B:AK,36,FALSE),"N/A") -> 1 | BR11: =IFERROR(VLOOKUP($B11,'LOD 300 - COLO1'!$B:AN,39,FALSE),"N/A") -> 1 | BS11: =IFERROR(VLOOKUP($B11,'LOD 300 - COLO1'!$B:AQ,42,FALSE),"N/A") -> 1 | BT11: =IFERROR(VLOOKUP($B11,'LOD 300 - COLO1'!$B:AT,45,FALSE),"N/A") -> 1 | BU11: =IFERROR(VLOOKUP($B11,'LOD 300 - COLO1'!$B:AW,48,FALSE),"N/A") -> 1 | BV11: =IFERROR(VLOOKUP($B11,'LOD 300 - COLO1'!$B:AZ,51,FALSE),"N/A") -> 1 | BW11: =IFERROR(VLOOKUP($B11,'LOD 300 - COLO1'!$B:BC,54,FALSE),"N/A") -> 1 | BX11: =IFERROR(VLOOKUP($B11,'LOD 300 - COLO1'!$B:BF,57,FALSE),"N/A") -> 1 | BY11: =IFERROR(VLOOKUP($B11,'LOD 300 - COLO1'!$B:BI,60,FALSE),"N/A") -> 1 | BZ11: =IFERROR(VLOOKUP($B11,'LOD 300 - COLO1'!$B:BL,63,FALSE),"N/A") -> 1 | CA11: =IFERROR(VLOOKUP($B11,'LOD 300 - COLO1'!$B:BO,66,FALSE),"N/A") -> 1 | CB11: =IFERROR(VLOOKUP($B11,'LOD 300 - COLO1'!$B:BR,69,FALSE),"N/A") -> 1 | CC11: =IFERROR(VLOOKUP($B11,'LOD 300 - COLO1'!$B:BU,72,FALSE),"N/A") -> 1 | CD11: =IFERROR(VLOOKUP($B11,'LOD 300 - COLO1'!$B:BX,75,FALSE),"N/A") -> 1 | CE11: =IFERROR(VLOOKUP($B11,'LOD 300 - COLO1'!$B:CA,78,FALSE),"N/A") -> 1 | CF11: =IFERROR(VLOOKUP($B11,'LOD 300 - COLO1'!$B:CD,81,FALSE),"N/A") -> 1 | CG11: =IFERROR(VLOOKUP($B11,'LOD 300 - COLO1'!$B:CG,84,FALSE),"N/A") -> 1 | CH11: =IFERROR(VLOOKUP($B11,'LOD 300 - COLO1'!$B:CJ,87,FALSE),"N/A") -> 1 | CI11: =IFERROR(VLOOKUP($B11,'LOD 300 - COLO1'!$B:CM,90,FALSE),"N/A") -> 1 | CJ11: =IFERROR(VLOOKUP($B11,'LOD 300 - COLO1'!$B:CP,93,FALSE),"N/A") -> 1 | CK11: =IFERROR(VLOOKUP($B11,'LOD 300 - COLO1'!$B:CS,96,FALSE),"N/A") -> 1 | CL11: =IFERROR(VLOOKUP($B11,'LOD 300 - COLO1'!$B:CV,99,FALSE),"N/A") -> 1 | CM11: =IFERROR(VLOOKUP($B11,'LOD 300 - COLO1'!$B:CY,102,FALSE),"N/A") -> 1 | CN11: =IFERROR(VLOOKUP($B11,'LOD 300 - COLO1'!$B:DB,105,FALSE),"N/A") -> 1 | CO11: =IFERROR(VLOOKUP($B11,'LOD 300 - COLO1'!$B:EE,108,FALSE),"N/A") -> 1 | CP11: =IFERROR(VLOOKUP($B11,'LOD 300 - COLO1'!$B:EH,111,FALSE),"N/A") -> 1 | CQ11: =IFERROR(VLOOKUP($B11,'LOD 300 - COLO1'!$B:EK,114,FALSE),"N/A") -> 1 | CR11: =IFERROR(VLOOKUP($B11,'LOD 300 - COLO1'!$B:EN,117,FALSE),"N/A") -> 1 | CS11: =IFERROR(VLOOKUP($B11,'LOD 300 - COLO1'!$B:EQ,120,FALSE),"N/A") -> 1 | CT11: =IFERROR(VLOOKUP($B11,'LOD 300 - COLO1'!$B:ET,123,FALSE),"N/A") -> 1 | CU11: =IFERROR(VLOOKUP($B11,'LOD 300 - COLO1'!$B:EW,126,FALSE),"N/A") -> 1 | CV11: =IFERROR(VLOOKUP($B11,'LOD 300 - COLO1'!$B:EZ,129,FALSE),"N/A") -> 1 | CW11: =IFERROR(VLOOKUP($B11,'LOD 300 - COLO1'!$B:FC,132,FALSE),"N/A") -> 1 | CX11: =IFERROR(__xludf.DUMMYFUNCTION("IFERROR( MAX(FILTER(BK11:CW11, ISNUMBER(BK11:CW11))), CW11 )"),1.0) -> 1 | CY11: =IFERROR(VLOOKUP($B11,'LOD 300 - COLO2'!$B:S,18,FALSE),"N/A") -> 0.79 | CZ11: =IFERROR(VLOOKUP($B11,'LOD 300 - COLO2'!$B:V,21,FALSE),"N/A") -> OUTDATED MODEL | DA11: =IFERROR(VLOOKUP($B11,'LOD 300 - COLO2'!$B:Y,24,FALSE),"N/A") -> OUTDATED MODEL | DB11: =IFERROR(VLOOKUP($B11,'LOD 300 - COLO2'!$B:AB,27,FALSE),"N/A") -> OUTDATED MODEL | DC11: =IFERROR(VLOOKUP($B11,'LOD 300 - COLO2'!$B:AE,30,FALSE),"N/A") -> OUTDATED MODEL | DD11: =IFERROR(VLOOKUP($B11,'LOD 300 - COLO2'!$B:AH,33,FALSE),"N/A") -> NEXT ROUND | DE11: =IFERROR(VLOOKUP($B11,'LOD 300 - COLO2'!$B:AK,36,FALSE),"N/A") -> 1 | DF11: =IFERROR(VLOOKUP($B11,'LOD 300 - COLO2'!$B:AN,39,FALSE),"N/A") -> 1 | DG11: =IFERROR(VLOOKUP($B11,'LOD 300 - COLO2'!$B:AQ,42,FALSE),"N/A") -> 1 | DH11: =IFERROR(VLOOKUP($B11,'LOD 300 - COLO2'!$B:AT,45,FALSE),"N/A") -> 1 | DI11: =IFERROR(VLOOKUP($B11,'LOD 300 - COLO2'!$B:AW,48,FALSE),"N/A") -> 1 | DJ11: =IFERROR(VLOOKUP($B11,'LOD 300 - COLO2'!$B:AZ,51,FALSE),"N/A") -> 1 | DK11: =IFERROR(VLOOKUP($B11,'LOD 300 - COLO2'!$B:BC,54,FALSE),"N/A") -> 1 | DL11: =IFERROR(VLOOKUP($B11,'LOD 300 - COLO2'!$B:BF,57,FALSE),"N/A") -> 1 | DM11: =IFERROR(VLOOKUP($B11,'LOD 300 - COLO2'!$B:BI,60,FALSE),"N/A") -> 1 | DN11: =IFERROR(VLOOKUP($B11,'LOD 300 - COLO2'!$B:BL,63,FALSE),"N/A") -> 1 | DO11: =IFERROR(VLOOKUP($B11,'LOD 300 - COLO2'!$B:BO,66,FALSE),"N/A") -> 1 | DP11: =IFERROR(VLOOKUP($B11,'LOD 300 - COLO2'!$B:BR,69,FALSE),"N/A") -> 1 | DQ11: =IFERROR(VLOOKUP($B11,'LOD 300 - COLO2'!$B:BU,72,FALSE),"N/A") -> 1 | DR11: =IFERROR(VLOOKUP($B11,'LOD 300 - COLO2'!$B:BX,75,FALSE),"N/A") -> 1 | DS11: =IFERROR(VLOOKUP($B11,'LOD 300 - COLO2'!$B:CA,78,FALSE),"N/A") -> 1 | DT11: =IFERROR(VLOOKUP($B11,'LOD 300 - COLO2'!$B:CD,81,FALSE),"N/A") -> 1 | DU11: =IFERROR(VLOOKUP($B11,'LOD 300 - COLO2'!$B:CG,84,FALSE),"N/A") -> 1 | DV11: =IFERROR(VLOOKUP($B11,'LOD 300 - COLO2'!$B:CJ,87,FALSE),"N/A") -> 1 | DW11: =IFERROR(VLOOKUP($B11,'LOD 300 - COLO2'!$B:CM,90,FALSE),"N/A") -> 1 | DX11: =IFERROR(VLOOKUP($B11,'LOD 300 - COLO2'!$B:CP,93,FALSE),"N/A") -> 1 | DY11: =IFERROR(VLOOKUP($B11,'LOD 300 - COLO2'!$B:CS,96,FALSE),"N/A") -> 1 | DZ11: =IFERROR(VLOOKUP($B11,'LOD 300 - COLO2'!$B:CV,99,FALSE),"N/A") -> 1 | EA11: =IFERROR(VLOOKUP($B11,'LOD 300 - COLO2'!$B:DB,105,FALSE),"N/A") -> 1 | EB11: =IFERROR(VLOOKUP($B11,'LOD 300 - COLO2'!$B:DB,105,FALSE),"N/A") -> 1 | EC11: =IFERROR(VLOOKUP($B11,'LOD 300 - COLO2'!$B:DE,108,FALSE),"N/A") -> 1 | ED11: =IFERROR(VLOOKUP($B11,'LOD 300 - COLO2'!$B:DH,111,FALSE),"N/A") -> 1 | EE11: =IFERROR(VLOOKUP($B11,'LOD 300 - COLO2'!$B:DK,114,FALSE),"N/A") -> 1 | EF11: =IFERROR(VLOOKUP($B11,'LOD 300 - COLO2'!$B:DN,117,FALSE),"N/A") -> 1 | EG11: =IFERROR(VLOOKUP($B11,'LOD 300 - COLO2'!$B:DQ,120,FALSE),"N/A") -> 1 | EH11: =IFERROR(__xludf.DUMMYFUNCTION("IFERROR( MAX(FILTER(CZ11:EG11, ISNUMBER(CZ11:EG11))), EG11 )"),1.0) -> 1 | EI11: =IFERROR(VLOOKUP($B11,'LOD 300 - COLO3'!$B:R,17,FALSE),"N/A") -> 0 | EJ11: =IFERROR(VLOOKUP($B11,'LOD 300 - COLO3'!$B:U,20,FALSE),"N/A") -> 1 | EK11: =IFERROR(VLOOKUP($B11,'LOD 300 - COLO3'!$B:X,23,FALSE),"N/A") -> 1 | EL11: =IFERROR(VLOOKUP($B11,'LOD 300 - COLO3'!$B:AA,26,FALSE),"N/A") -> 1 | EM11: =IFERROR(VLOOKUP($B11,'LOD 300 - COLO3'!$B:AD,29,FALSE),"N/A") -> 1 | EN11: =IFERROR(VLOOKUP($B11,'LOD 300 - COLO3'!$B:AG,32,FALSE),"N/A") -> 1 | EO11: =IFERROR(VLOOKUP($B11,'LOD 300 - COLO3'!$B:AJ,35,FALSE),"N/A") -> 1 | EP11: =IFERROR(VLOOKUP($B11,'LOD 300 - COLO3'!$B:AM,38,FALSE),"N/A") -> 1 | EQ11: =IFERROR(VLOOKUP($B11,'LOD 300 - COLO3'!$B:AP,41,FALSE),"N/A") -> 1 | ER11: =IFERROR(VLOOKUP($B11,'LOD 300 - COLO3'!$B:AS,44,FALSE),"N/A") -> 1 | ES11: =IFERROR(VLOOKUP($B11,'LOD 300 - COLO3'!$B:AV,47,FALSE),"N/A") -> 1 | ET11: =IFERROR(VLOOKUP($B11,'LOD 300 - COLO3'!$B:AY,50,FALSE),"N/A") -> 1 | EU11: =IFERROR(VLOOKUP($B11,'LOD 300 - COLO3'!$B:BB,53,FALSE),"N/A") -> 1 | EV11: =IFERROR(VLOOKUP($B11,'LOD 300 - COLO3'!$B:BE,56,FALSE),"N/A") -> 1 | EW11: =IFERROR(VLOOKUP($B11,'LOD 300 - COLO3'!$B:BL,59,FALSE),"N/A") -> 1 | EX11: =IFERROR(VLOOKUP($B11,'LOD 300 - COLO3'!$B:BO,62,FALSE),"N/A") -> 1 | EY11: =IFERROR(__xludf.DUMMYFUNCTION("IFERROR( MAX(FILTER(EI11:EX11, ISNUMBER(EI11:EX11))), EX11 )"),1.0) -> 1 | EZ11: =IFERROR(VLOOKUP($B11,'LOD 300 - COLO4'!$B:BT,17,FALSE),"N/A") -> 0 | FA11: =IFERROR(__xludf.DUMMYFUNCTION("IFERROR( MAX(FILTER(EZ11, ISNUMBER(EZ11))), EZ11 )"),0.0) -> 0 | FB11: =IFERROR(VLOOKUP($B11,'LOD 300 - SITE'!$B:S,18,FALSE),"N/A") -> N/A | FC11: =IFERROR(VLOOKUP($B11,'LOD 300 - SITE'!$B:V,21,FALSE),"N/A") -> N/A | FD11: =IFERROR(VLOOKUP($B11,'LOD 300 - SITE'!$B:Y,24,FALSE),"N/A") -> N/A | FE11: =IFERROR(VLOOKUP($B11,'LOD 300 - SITE'!$B:AB,27,FALSE),"N/A") -> N/A | FF11: =IFERROR(VLOOKUP($B11,'LOD 300 - SITE'!$B:AE,30,FALSE),"N/A") -> N/A | FG11: =IFERROR(VLOOKUP($B11,'LOD 300 - SITE'!$B:AH,33,FALSE),"N/A") -> N/A | FH11: =IFERROR(VLOOKUP($B11,'LOD 300 - SITE'!$B:AK,36,FALSE),"N/A") -> N/A | FI11: =IFERROR(VLOOKUP($B11,'LOD 300 - SITE'!$B:AN,39,FALSE),"N/A") -> N/A | FJ11: =IFERROR(VLOOKUP($B11,'LOD 300 - SITE'!$B:AQ,42,FALSE),"N/A") -> N/A | FK11: =IFERROR(VLOOKUP($B11,'LOD 300 - SITE'!$B:AT,45,FALSE),"N/A") -> N/A | FL11: =IFERROR(VLOOKUP($B11,'LOD 300 - SITE'!$B:AW,48,FALSE),"N/A") -> N/A | FM11: =IFERROR(VLOOKUP($B11,'LOD 300 - SITE'!$B:AZ,51,FALSE),"N/A") -> N/A | FN11: =IFERROR(VLOOKUP($B11,'LOD 300 - SITE'!$B:BC,54,FALSE),"N/A") -> N/A | FO11: =IFERROR(VLOOKUP($B11,'LOD 300 - SITE'!$B:BF,57,FALSE),"N/A") -> N/A | FP11: =IFERROR(VLOOKUP($B11,'LOD 300 - SITE'!$B:BI,60,FALSE),"N/A") -> N/A | FQ11: =IFERROR(VLOOKUP($B11,'LOD 300 - SITE'!$B:BL,63,FALSE),"N/A") -> N/A | FR11: =IFERROR(VLOOKUP($B11,'LOD 300 - SITE'!$B:BO,66,FALSE),"N/A") -> N/A | FS11: =IFERROR(VLOOKUP($B11,'LOD 300 - SITE'!$B:BR,69,FALSE),"N/A") -> N/A | FT11: =IFERROR(VLOOKUP($B11,'LOD 300 - SITE'!$B:BU,72,FALSE),"N/A") -> N/A | FU11: =IFERROR(VLOOKUP($B11,'LOD 300 - SITE'!$B:BX,75,FALSE),"N/A") -> N/A | FV11: =IFERROR(VLOOKUP($B11,'LOD 300 - SITE'!$B:CA,78,FALSE),"N/A") -> N/A | FW11: =IFERROR(VLOOKUP($B11,'LOD 300 - SITE'!$B:CD,81,FALSE),"N/A") -> N/A | FX11: =IFERROR(VLOOKUP($B11,'LOD 300 - SITE'!$B:CG,84,FALSE),"N/A") -> N/A | FY11: =IFERROR(VLOOKUP($B11,'LOD 300 - SITE'!$B:CJ,87,FALSE),"N/A") -> N/A | FZ11: =IFERROR(VLOOKUP($B11,'LOD 300 - SITE'!$B:CM,90,FALSE),"N/A") -> N/A | GA11: =IFERROR(VLOOKUP($B11,'LOD 300 - SITE'!$B:CP,93,FALSE),"N/A") -> N/A | GB11: =IFERROR(VLOOKUP($B11,'LOD 300 - SITE'!$B:CS,96,FALSE),"N/A") -> N/A | GC11: =IFERROR(VLOOKUP($B11,'LOD 300 - SITE'!$B:CV,99,FALSE),"N/A") -> N/A | GD11: =IFERROR(VLOOKUP($B11,'LOD 300 - SITE'!$B:CY,102,FALSE),"N/A") -> N/A | GE11: =IFERROR(VLOOKUP($B11,'LOD 300 - SITE'!$B:DB,105,FALSE),"N/A") -> N/A | GF11: =IFERROR(VLOOKUP($B11,'LOD 300 - SITE'!$B:DE,108,FALSE),"N/A") -> N/A | GG11: =IFERROR(VLOOKUP($B11,'LOD 300 - SITE'!$B:DH,111,FALSE),"N/A") -> N/A | GH11: =IFERROR(VLOOKUP($B11,'LOD 300 - SITE'!$B:DK,114,FALSE),"N/A") -> N/A | GI11: =IFERROR(VLOOKUP($B11,'LOD 300 - SITE'!$B:DN,117,FALSE),"N/A") -> N/A | GJ11: =IFERROR(VLOOKUP($B11,'LOD 300 - SITE'!$B:DQ,120,FALSE),"N/A") -> N/A | GK11: =IFERROR(VLOOKUP($B11,'LOD 300 - SITE'!$B:DT,123,FALSE),"N/A") -> N/A | GL11: =IFERROR(VLOOKUP($B11,'LOD 300 - SITE'!$B:DW,126,FALSE),"N/A") -> N/A | GM11: =IFERROR(__xludf.DUMMYFUNCTION("IFERROR( MAX(FILTER(FB11:GL11, ISNUMBER(FB11:GL11))), GL11 )"),"N/A") -> N/A
A12: 14 | B12: CPQ11-ARCH-WMES-DATA-R24.rvt | C12: CPQ11-ARCH-WMES-DATA-R22.rvt | D12: DATA | E12: S-VALE | F12: 1104 | G12: SPBIM | H12: 1127 | I12: =IFERROR(VLOOKUP(C9:C151,'R22 RELATÓRIO ACC'!B:F,5,FALSE),"NOT PUBLISHED") -> V13 | J12: =IFERROR(VLOOKUP(C9:C151,'R22 RELATÓRIO ACC'!B:P,15,FALSE),"NOT PUBLISHED") -> 02/03/2026 | K12: =IFERROR(VLOOKUP(B9:B200,'RELATÓRIO ACC'!B:F,5,FALSE),"NOT PUBLISHED") -> V3 | L12: =IFERROR(VLOOKUP(B9:B200,'RELATÓRIO ACC'!B:P,15,FALSE),"NOT PUBLISHED") -> 24/06/2026 | M12: =IF(OR($D12="UTLS",$D12="GUAR",$D12="STIR",$D12="PUMP",$D12="SITE"), VLOOKUP($B12,'LOD 300 - SITE'!B:M,12,FALSE), VLOOKUP($B12,'LOD 300 - ADMN'!B:M,12,FALSE) ) -> V10 | N12: =IF(OR($D12="UTLS",$D12="GUAR",$D12="STIR",$D12="PUMP",$D12="SITE"), VLOOKUP($B12,'LOD 300 - SITE'!B:N,13,FALSE), VLOOKUP($B12,'LOD 300 - ADMN'!B:N,13,FALSE) ) -> 05/11/2025 | O12: =IF(OR($D12="UTLS",$D12="GUAR",$D12="STIR",$D12="PUMP",$D12="SITE"), VLOOKUP($B12,'LOD 300 - SITE'!B:O,14,FALSE), VLOOKUP($B12,'LOD 300 - ADMN'!B:O,14,FALSE) ) -> R22 | P12: =IF(OR($D12="C345",$D12="C12A",$D12="DATA"), VLOOKUP($B12,'LOD 300 - COLO3'!B:M,12,FALSE),"N/A") -> V13 | Q12: =IF(OR($D12="C345",$D12="C12A",$D12="DATA"), VLOOKUP($B12,'LOD 300 - COLO3'!B:N,13,FALSE),"N/A") -> 46083 | R12: =IF(OR($D12="C345",$D12="C12A",$D12="DATA"), VLOOKUP($B12,'LOD 300 - COLO3'!B:O,14,FALSE),"N/A") -> R22 | S12: =IF(OR($D12="C345",$D12="C12A",$D12="DATA"), VLOOKUP($B12,'LOD 300 - COLO4'!B:M,12,FALSE),"N/A") -> N/A | T12: =IF(OR($D12="C345",$D12="C12A",$D12="DATA"), VLOOKUP($B12,'LOD 300 - COLO4'!B:T,13,FALSE),"N/A") -> N/A | U12: =IF(OR($D12="C345",$D12="C12A",$D12="DATA"), VLOOKUP($B12,'LOD 300 - COLO4'!B:U,17,FALSE),"N/A") -> 0 | V12: LETÍCIA | W12: =IFERROR(VLOOKUP($B12,'LOD 300 - ADMN'!$B:S,18,FALSE),"N/A") -> 0.78 | X12: =IFERROR(VLOOKUP($B12,'LOD 300 - ADMN'!$B:V,21,FALSE),"N/A") -> 1 | Y12: =IFERROR(VLOOKUP($B12,'LOD 300 - ADMN'!$B:Y,24,FALSE),"N/A") -> 1 | Z12: =IFERROR(VLOOKUP($B12,'LOD 300 - ADMN'!$B:AB,27,FALSE),"N/A") -> 1 | AA12: =IFERROR(VLOOKUP($B12,'LOD 300 - ADMN'!$B:AE,30,FALSE),"N/A") -> 1 | AB12: =IFERROR(VLOOKUP($B12,'LOD 300 - ADMN'!$B:AH,33,FALSE),"N/A") -> 1 | AC12: =IFERROR(VLOOKUP($B12,'LOD 300 - ADMN'!$B:AK,36,FALSE),"N/A") -> 1 | AD12: =IFERROR(VLOOKUP($B12,'LOD 300 - ADMN'!$B:AN,39,FALSE),"N/A") -> 1 | AE12: =IFERROR(VLOOKUP($B12,'LOD 300 - ADMN'!$B:AQ,42,FALSE),"N/A") -> 1 | AF12: =IFERROR(VLOOKUP($B12,'LOD 300 - ADMN'!$B:AT,45,FALSE),"N/A") -> 1 | AG12: =IFERROR(VLOOKUP($B12,'LOD 300 - ADMN'!$B:AW,48,FALSE),"N/A") -> 1 | AH12: =IFERROR(VLOOKUP($B12,'LOD 300 - ADMN'!$B:AZ,51,FALSE),"N/A") -> 1 | AI12: =IFERROR(VLOOKUP($B12,'LOD 300 - ADMN'!$B:BC,54,FALSE),"N/A") -> 1 | AJ12: =IFERROR(VLOOKUP($B12,'LOD 300 - ADMN'!$B:BF,57,FALSE),"N/A") -> 1 | AK12: =IFERROR(VLOOKUP($B12,'LOD 300 - ADMN'!$B:EP,60,FALSE),"N/A") -> 1 | AL12: =IFERROR(VLOOKUP($B12,'LOD 300 - ADMN'!$B:EQ,63,FALSE),"N/A") -> 1 | AM12: =IFERROR(VLOOKUP($B12,'LOD 300 - ADMN'!$B:BO,66,FALSE),"N/A") -> 1 | AN12: =IFERROR(VLOOKUP($B12,'LOD 300 - ADMN'!$B:BR,69,FALSE),"N/A") -> 1 | AO12: =IFERROR(VLOOKUP($B12,'LOD 300 - ADMN'!$B:BU,72,FALSE),"N/A") -> 1 | AP12: =IFERROR(VLOOKUP($B12,'LOD 300 - ADMN'!$B:BX,75,FALSE),"N/A") -> 1 | AQ12: =IFERROR(VLOOKUP($B12,'LOD 300 - ADMN'!$B:CA,78,FALSE),"N/A") -> 1 | AR12: =IFERROR(VLOOKUP($B12,'LOD 300 - ADMN'!$B:CD,81,FALSE),"N/A") -> 1 | AS12: =IFERROR(VLOOKUP($B12,'LOD 300 - ADMN'!$B:CG,84,FALSE),"N/A") -> 1 | AT12: =IFERROR(VLOOKUP($B12,'LOD 300 - ADMN'!$B:CJ,87,FALSE),"N/A") -> 1 | AU12: =IFERROR(VLOOKUP($B12,'LOD 300 - ADMN'!$B:CM,90,FALSE),"N/A") -> 1 | AV12: =IFERROR(VLOOKUP($B12,'LOD 300 - ADMN'!$B:CP,93,FALSE),"N/A") -> 1 | AW12: =IFERROR(VLOOKUP($B12,'LOD 300 - ADMN'!$B:CS,96,FALSE),"N/A") -> 1 | AX12: =IFERROR(VLOOKUP($B12,'LOD 300 - ADMN'!$B:CV,99,FALSE),"N/A") -> 1 | AY12: =IFERROR(VLOOKUP($B12,'LOD 300 - ADMN'!$B:CY,102,FALSE),"N/A") -> 1 | AZ12: =IFERROR(VLOOKUP($B12,'LOD 300 - ADMN'!$B:DB,105,FALSE),"N/A") -> 1 | BA12: =IFERROR(VLOOKUP($B12,'LOD 300 - ADMN'!$B:DE,108,FALSE),"N/A") -> 1 | BB12: =IFERROR(VLOOKUP($B12,'LOD 300 - ADMN'!$B:DH,111,FALSE),"N/A") -> 1 | BC12: =IFERROR(VLOOKUP($B12,'LOD 300 - ADMN'!$B:DK,114,FALSE),"N/A") -> 1 | BD12: =IFERROR(VLOOKUP($B12,'LOD 300 - ADMN'!$B:DN,117,FALSE),"N/A") -> 1 | BE12: =IFERROR(VLOOKUP($B12,'LOD 300 - ADMN'!$B:DQ,120,FALSE),"N/A") -> 1 | BF12: =IFERROR(VLOOKUP($B12,'LOD 300 - ADMN'!$B:DT,123,FALSE),"N/A") -> 1 | BG12: =IFERROR(VLOOKUP($B12,'LOD 300 - ADMN'!$B:DW,126,FALSE),"N/A") -> 1 | BH12: =IFERROR(VLOOKUP($B12,'LOD 300 - ADMN'!$B:DZ,129,FALSE),"N/A") -> 1 | BI12: =IFERROR(VLOOKUP($B12,'LOD 300 - ADMN'!$B:EC,132,FALSE),"N/A") -> 1 | BJ12: =IFERROR(__xludf.DUMMYFUNCTION("IFERROR( MAX(FILTER(X12:BI12, ISNUMBER(X12:BI12))), BI12 )"),1.0) -> 1 | BK12: =IFERROR(VLOOKUP($B12,'LOD 300 - COLO1'!$B:S,18,FALSE),"N/A") -> 0.78 | BL12: =IFERROR(VLOOKUP($B12,'LOD 300 - COLO1'!$B:V,21,FALSE),"N/A") -> 1 | BM12: =IFERROR(VLOOKUP($B12,'LOD 300 - COLO1'!$B:Y,24,FALSE),"N/A") -> 1 | BN12: =IFERROR(VLOOKUP($B12,'LOD 300 - COLO1'!$B:AB,27,FALSE),"N/A") -> 1 | BO12: =IFERROR(VLOOKUP($B12,'LOD 300 - COLO1'!$B:AE,30,FALSE),"N/A") -> 1 | BP12: =IFERROR(VLOOKUP($B12,'LOD 300 - COLO1'!$B:AH,33,FALSE),"N/A") -> 1 | BQ12: =IFERROR(VLOOKUP($B12,'LOD 300 - COLO1'!$B:AK,36,FALSE),"N/A") -> 1 | BR12: =IFERROR(VLOOKUP($B12,'LOD 300 - COLO1'!$B:AN,39,FALSE),"N/A") -> 1 | BS12: =IFERROR(VLOOKUP($B12,'LOD 300 - COLO1'!$B:AQ,42,FALSE),"N/A") -> 1 | BT12: =IFERROR(VLOOKUP($B12,'LOD 300 - COLO1'!$B:AT,45,FALSE),"N/A") -> 1 | BU12: =IFERROR(VLOOKUP($B12,'LOD 300 - COLO1'!$B:AW,48,FALSE),"N/A") -> 1 | BV12: =IFERROR(VLOOKUP($B12,'LOD 300 - COLO1'!$B:AZ,51,FALSE),"N/A") -> 1 | BW12: =IFERROR(VLOOKUP($B12,'LOD 300 - COLO1'!$B:BC,54,FALSE),"N/A") -> 1 | BX12: =IFERROR(VLOOKUP($B12,'LOD 300 - COLO1'!$B:BF,57,FALSE),"N/A") -> 1 | BY12: =IFERROR(VLOOKUP($B12,'LOD 300 - COLO1'!$B:BI,60,FALSE),"N/A") -> 1 | BZ12: =IFERROR(VLOOKUP($B12,'LOD 300 - COLO1'!$B:BL,63,FALSE),"N/A") -> 1 | CA12: =IFERROR(VLOOKUP($B12,'LOD 300 - COLO1'!$B:BO,66,FALSE),"N/A") -> 1 | CB12: =IFERROR(VLOOKUP($B12,'LOD 300 - COLO1'!$B:BR,69,FALSE),"N/A") -> 1 | CC12: =IFERROR(VLOOKUP($B12,'LOD 300 - COLO1'!$B:BU,72,FALSE),"N/A") -> 1 | CD12: =IFERROR(VLOOKUP($B12,'LOD 300 - COLO1'!$B:BX,75,FALSE),"N/A") -> 1 | CE12: =IFERROR(VLOOKUP($B12,'LOD 300 - COLO1'!$B:CA,78,FALSE),"N/A") -> 1 | CF12: =IFERROR(VLOOKUP($B12,'LOD 300 - COLO1'!$B:CD,81,FALSE),"N/A") -> 1 | CG12: =IFERROR(VLOOKUP($B12,'LOD 300 - COLO1'!$B:CG,84,FALSE),"N/A") -> 1 | CH12: =IFERROR(VLOOKUP($B12,'LOD 300 - COLO1'!$B:CJ,87,FALSE),"N/A") -> 1 | CI12: =IFERROR(VLOOKUP($B12,'LOD 300 - COLO1'!$B:CM,90,FALSE),"N/A") -> 1 | CJ12: =IFERROR(VLOOKUP($B12,'LOD 300 - COLO1'!$B:CP,93,FALSE),"N/A") -> 1 | CK12: =IFERROR(VLOOKUP($B12,'LOD 300 - COLO1'!$B:CS,96,FALSE),"N/A") -> 1 | CL12: =IFERROR(VLOOKUP($B12,'LOD 300 - COLO1'!$B:CV,99,FALSE),"N/A") -> 1 | CM12: =IFERROR(VLOOKUP($B12,'LOD 300 - COLO1'!$B:CY,102,FALSE),"N/A") -> 1 | CN12: =IFERROR(VLOOKUP($B12,'LOD 300 - COLO1'!$B:DB,105,FALSE),"N/A") -> 1 | CO12: =IFERROR(VLOOKUP($B12,'LOD 300 - COLO1'!$B:EE,108,FALSE),"N/A") -> 1 | CP12: =IFERROR(VLOOKUP($B12,'LOD 300 - COLO1'!$B:EH,111,FALSE),"N/A") -> 1 | CQ12: =IFERROR(VLOOKUP($B12,'LOD 300 - COLO1'!$B:EK,114,FALSE),"N/A") -> 1 | CR12: =IFERROR(VLOOKUP($B12,'LOD 300 - COLO1'!$B:EN,117,FALSE),"N/A") -> 1 | CS12: =IFERROR(VLOOKUP($B12,'LOD 300 - COLO1'!$B:EQ,120,FALSE),"N/A") -> 1 | CT12: =IFERROR(VLOOKUP($B12,'LOD 300 - COLO1'!$B:ET,123,FALSE),"N/A") -> 1 | CU12: =IFERROR(VLOOKUP($B12,'LOD 300 - COLO1'!$B:EW,126,FALSE),"N/A") -> 1 | CV12: =IFERROR(VLOOKUP($B12,'LOD 300 - COLO1'!$B:EZ,129,FALSE),"N/A") -> 1 | CW12: =IFERROR(VLOOKUP($B12,'LOD 300 - COLO1'!$B:FC,132,FALSE),"N/A") -> 1 | CX12: =IFERROR(__xludf.DUMMYFUNCTION("IFERROR( MAX(FILTER(BK12:CW12, ISNUMBER(BK12:CW12))), CW12 )"),1.0) -> 1 | CY12: =IFERROR(VLOOKUP($B12,'LOD 300 - COLO2'!$B:S,18,FALSE),"N/A") -> 0.62 | CZ12: =IFERROR(VLOOKUP($B12,'LOD 300 - COLO2'!$B:V,21,FALSE),"N/A") -> OUTDATED MODEL | DA12: =IFERROR(VLOOKUP($B12,'LOD 300 - COLO2'!$B:Y,24,FALSE),"N/A") -> OUTDATED MODEL | DB12: =IFERROR(VLOOKUP($B12,'LOD 300 - COLO2'!$B:AB,27,FALSE),"N/A") -> OUTDATED MODEL | DC12: =IFERROR(VLOOKUP($B12,'LOD 300 - COLO2'!$B:AE,30,FALSE),"N/A") -> OUTDATED MODEL | DD12: =IFERROR(VLOOKUP($B12,'LOD 300 - COLO2'!$B:AH,33,FALSE),"N/A") -> NEXT ROUND | DE12: =IFERROR(VLOOKUP($B12,'LOD 300 - COLO2'!$B:AK,36,FALSE),"N/A") -> 1 | DF12: =IFERROR(VLOOKUP($B12,'LOD 300 - COLO2'!$B:AN,39,FALSE),"N/A") -> 1 | DG12: =IFERROR(VLOOKUP($B12,'LOD 300 - COLO2'!$B:AQ,42,FALSE),"N/A") -> 1 | DH12: =IFERROR(VLOOKUP($B12,'LOD 300 - COLO2'!$B:AT,45,FALSE),"N/A") -> 1 | DI12: =IFERROR(VLOOKUP($B12,'LOD 300 - COLO2'!$B:AW,48,FALSE),"N/A") -> 1 | DJ12: =IFERROR(VLOOKUP($B12,'LOD 300 - COLO2'!$B:AZ,51,FALSE),"N/A") -> 1 | DK12: =IFERROR(VLOOKUP($B12,'LOD 300 - COLO2'!$B:BC,54,FALSE),"N/A") -> 1 | DL12: =IFERROR(VLOOKUP($B12,'LOD 300 - COLO2'!$B:BF,57,FALSE),"N/A") -> 1 | DM12: =IFERROR(VLOOKUP($B12,'LOD 300 - COLO2'!$B:BI,60,FALSE),"N/A") -> 1 | DN12: =IFERROR(VLOOKUP($B12,'LOD 300 - COLO2'!$B:BL,63,FALSE),"N/A") -> 1 | DO12: =IFERROR(VLOOKUP($B12,'LOD 300 - COLO2'!$B:BO,66,FALSE),"N/A") -> 1 | DP12: =IFERROR(VLOOKUP($B12,'LOD 300 - COLO2'!$B:BR,69,FALSE),"N/A") -> 1 | DQ12: =IFERROR(VLOOKUP($B12,'LOD 300 - COLO2'!$B:BU,72,FALSE),"N/A") -> 1 | DR12: =IFERROR(VLOOKUP($B12,'LOD 300 - COLO2'!$B:BX,75,FALSE),"N/A") -> 1 | DS12: =IFERROR(VLOOKUP($B12,'LOD 300 - COLO2'!$B:CA,78,FALSE),"N/A") -> 1 | DT12: =IFERROR(VLOOKUP($B12,'LOD 300 - COLO2'!$B:CD,81,FALSE),"N/A") -> 1 | DU12: =IFERROR(VLOOKUP($B12,'LOD 300 - COLO2'!$B:CG,84,FALSE),"N/A") -> 1 | DV12: =IFERROR(VLOOKUP($B12,'LOD 300 - COLO2'!$B:CJ,87,FALSE),"N/A") -> 1 | DW12: =IFERROR(VLOOKUP($B12,'LOD 300 - COLO2'!$B:CM,90,FALSE),"N/A") -> 1 | DX12: =IFERROR(VLOOKUP($B12,'LOD 300 - COLO2'!$B:CP,93,FALSE),"N/A") -> 1 | DY12: =IFERROR(VLOOKUP($B12,'LOD 300 - COLO2'!$B:CS,96,FALSE),"N/A") -> 1 | DZ12: =IFERROR(VLOOKUP($B12,'LOD 300 - COLO2'!$B:CV,99,FALSE),"N/A") -> 1 | EA12: =IFERROR(VLOOKUP($B12,'LOD 300 - COLO2'!$B:DB,105,FALSE),"N/A") -> 1 | EB12: =IFERROR(VLOOKUP($B12,'LOD 300 - COLO2'!$B:DB,105,FALSE),"N/A") -> 1 | EC12: =IFERROR(VLOOKUP($B12,'LOD 300 - COLO2'!$B:DE,108,FALSE),"N/A") -> 1 | ED12: =IFERROR(VLOOKUP($B12,'LOD 300 - COLO2'!$B:DH,111,FALSE),"N/A") -> 1 | EE12: =IFERROR(VLOOKUP($B12,'LOD 300 - COLO2'!$B:DK,114,FALSE),"N/A") -> 1 | EF12: =IFERROR(VLOOKUP($B12,'LOD 300 - COLO2'!$B:DN,117,FALSE),"N/A") -> 1 | EG12: =IFERROR(VLOOKUP($B12,'LOD 300 - COLO2'!$B:DQ,120,FALSE),"N/A") -> 1 | EH12: =IFERROR(__xludf.DUMMYFUNCTION("IFERROR( MAX(FILTER(CZ12:EG12, ISNUMBER(CZ12:EG12))), EG12 )"),1.0) -> 1 | EI12: =IFERROR(VLOOKUP($B12,'LOD 300 - COLO3'!$B:R,17,FALSE),"N/A") -> 0 | EJ12: =IFERROR(VLOOKUP($B12,'LOD 300 - COLO3'!$B:U,20,FALSE),"N/A") -> NEXT ROUND | EK12: =IFERROR(VLOOKUP($B12,'LOD 300 - COLO3'!$B:X,23,FALSE),"N/A") -> 1 | EL12: =IFERROR(VLOOKUP($B12,'LOD 300 - COLO3'!$B:AA,26,FALSE),"N/A") -> 1 | EM12: =IFERROR(VLOOKUP($B12,'LOD 300 - COLO3'!$B:AD,29,FALSE),"N/A") -> 1 | EN12: =IFERROR(VLOOKUP($B12,'LOD 300 - COLO3'!$B:AG,32,FALSE),"N/A") -> 1 | EO12: =IFERROR(VLOOKUP($B12,'LOD 300 - COLO3'!$B:AJ,35,FALSE),"N/A") -> 1 | EP12: =IFERROR(VLOOKUP($B12,'LOD 300 - COLO3'!$B:AM,38,FALSE),"N/A") -> 1 | EQ12: =IFERROR(VLOOKUP($B12,'LOD 300 - COLO3'!$B:AP,41,FALSE),"N/A") -> 1 | ER12: =IFERROR(VLOOKUP($B12,'LOD 300 - COLO3'!$B:AS,44,FALSE),"N/A") -> 1 | ES12: =IFERROR(VLOOKUP($B12,'LOD 300 - COLO3'!$B:AV,47,FALSE),"N/A") -> 1 | ET12: =IFERROR(VLOOKUP($B12,'LOD 300 - COLO3'!$B:AY,50,FALSE),"N/A") -> 1 | EU12: =IFERROR(VLOOKUP($B12,'LOD 300 - COLO3'!$B:BB,53,FALSE),"N/A") -> 1 | EV12: =IFERROR(VLOOKUP($B12,'LOD 300 - COLO3'!$B:BE,56,FALSE),"N/A") -> 1 | EW12: =IFERROR(VLOOKUP($B12,'LOD 300 - COLO3'!$B:BL,59,FALSE),"N/A") -> 1 | EX12: =IFERROR(VLOOKUP($B12,'LOD 300 - COLO3'!$B:BO,62,FALSE),"N/A") -> 1 | EY12: =IFERROR(__xludf.DUMMYFUNCTION("IFERROR( MAX(FILTER(EI12:EX12, ISNUMBER(EI12:EX12))), EX12 )"),1.0) -> 1 | EZ12: =IFERROR(VLOOKUP($B12,'LOD 300 - COLO4'!$B:BT,17,FALSE),"N/A") -> 0 | FA12: =IFERROR(__xludf.DUMMYFUNCTION("IFERROR( MAX(FILTER(EZ12, ISNUMBER(EZ12))), EZ12 )"),0.0) -> 0 | FB12: =IFERROR(VLOOKUP($B12,'LOD 300 - SITE'!$B:S,18,FALSE),"N/A") -> N/A | FC12: =IFERROR(VLOOKUP($B12,'LOD 300 - SITE'!$B:V,21,FALSE),"N/A") -> N/A | FD12: =IFERROR(VLOOKUP($B12,'LOD 300 - SITE'!$B:Y,24,FALSE),"N/A") -> N/A | FE12: =IFERROR(VLOOKUP($B12,'LOD 300 - SITE'!$B:AB,27,FALSE),"N/A") -> N/A | FF12: =IFERROR(VLOOKUP($B12,'LOD 300 - SITE'!$B:AE,30,FALSE),"N/A") -> N/A | FG12: =IFERROR(VLOOKUP($B12,'LOD 300 - SITE'!$B:AH,33,FALSE),"N/A") -> N/A | FH12: =IFERROR(VLOOKUP($B12,'LOD 300 - SITE'!$B:AK,36,FALSE),"N/A") -> N/A | FI12: =IFERROR(VLOOKUP($B12,'LOD 300 - SITE'!$B:AN,39,FALSE),"N/A") -> N/A | FJ12: =IFERROR(VLOOKUP($B12,'LOD 300 - SITE'!$B:AQ,42,FALSE),"N/A") -> N/A | FK12: =IFERROR(VLOOKUP($B12,'LOD 300 - SITE'!$B:AT,45,FALSE),"N/A") -> N/A | FL12: =IFERROR(VLOOKUP($B12,'LOD 300 - SITE'!$B:AW,48,FALSE),"N/A") -> N/A | FM12: =IFERROR(VLOOKUP($B12,'LOD 300 - SITE'!$B:AZ,51,FALSE),"N/A") -> N/A | FN12: =IFERROR(VLOOKUP($B12,'LOD 300 - SITE'!$B:BC,54,FALSE),"N/A") -> N/A | FO12: =IFERROR(VLOOKUP($B12,'LOD 300 - SITE'!$B:BF,57,FALSE),"N/A") -> N/A | FP12: =IFERROR(VLOOKUP($B12,'LOD 300 - SITE'!$B:BI,60,FALSE),"N/A") -> N/A | FQ12: =IFERROR(VLOOKUP($B12,'LOD 300 - SITE'!$B:BL,63,FALSE),"N/A") -> N/A | FR12: =IFERROR(VLOOKUP($B12,'LOD 300 - SITE'!$B:BO,66,FALSE),"N/A") -> N/A | FS12: =IFERROR(VLOOKUP($B12,'LOD 300 - SITE'!$B:BR,69,FALSE),"N/A") -> N/A | FT12: =IFERROR(VLOOKUP($B12,'LOD 300 - SITE'!$B:BU,72,FALSE),"N/A") -> N/A | FU12: =IFERROR(VLOOKUP($B12,'LOD 300 - SITE'!$B:BX,75,FALSE),"N/A") -> N/A | FV12: =IFERROR(VLOOKUP($B12,'LOD 300 - SITE'!$B:CA,78,FALSE),"N/A") -> N/A | FW12: =IFERROR(VLOOKUP($B12,'LOD 300 - SITE'!$B:CD,81,FALSE),"N/A") -> N/A | FX12: =IFERROR(VLOOKUP($B12,'LOD 300 - SITE'!$B:CG,84,FALSE),"N/A") -> N/A | FY12: =IFERROR(VLOOKUP($B12,'LOD 300 - SITE'!$B:CJ,87,FALSE),"N/A") -> N/A | FZ12: =IFERROR(VLOOKUP($B12,'LOD 300 - SITE'!$B:CM,90,FALSE),"N/A") -> N/A | GA12: =IFERROR(VLOOKUP($B12,'LOD 300 - SITE'!$B:CP,93,FALSE),"N/A") -> N/A | GB12: =IFERROR(VLOOKUP($B12,'LOD 300 - SITE'!$B:CS,96,FALSE),"N/A") -> N/A | GC12: =IFERROR(VLOOKUP($B12,'LOD 300 - SITE'!$B:CV,99,FALSE),"N/A") -> N/A | GD12: =IFERROR(VLOOKUP($B12,'LOD 300 - SITE'!$B:CY,102,FALSE),"N/A") -> N/A | GE12: =IFERROR(VLOOKUP($B12,'LOD 300 - SITE'!$B:DB,105,FALSE),"N/A") -> N/A | GF12: =IFERROR(VLOOKUP($B12,'LOD 300 - SITE'!$B:DE,108,FALSE),"N/A") -> N/A | GG12: =IFERROR(VLOOKUP($B12,'LOD 300 - SITE'!$B:DH,111,FALSE),"N/A") -> N/A | GH12: =IFERROR(VLOOKUP($B12,'LOD 300 - SITE'!$B:DK,114,FALSE),"N/A") -> N/A | GI12: =IFERROR(VLOOKUP($B12,'LOD 300 - SITE'!$B:DN,117,FALSE),"N/A") -> N/A | GJ12: =IFERROR(VLOOKUP($B12,'LOD 300 - SITE'!$B:DQ,120,FALSE),"N/A") -> N/A | GK12: =IFERROR(VLOOKUP($B12,'LOD 300 - SITE'!$B:DT,123,FALSE),"N/A") -> N/A | GL12: =IFERROR(VLOOKUP($B12,'LOD 300 - SITE'!$B:DW,126,FALSE),"N/A") -> N/A | GM12: =IFERROR(__xludf.DUMMYFUNCTION("IFERROR( MAX(FILTER(FB12:GL12, ISNUMBER(FB12:GL12))), GL12 )"),"N/A") -> N/A
A13: 15 | B13: CPQ11-ARCH-CHAI-SITE-R24.rvt | C13: CPQ11-ARCH-CHAI-SITE-R22.rvt | D13: SITE | E13: S-VALE | F13: 1104 | G13: SPBIM | H13: 1127 | I13: =IFERROR(VLOOKUP(C10:C152,'R22 RELATÓRIO ACC'!B:F,5,FALSE),"NOT PUBLISHED") -> V12 | J13: =IFERROR(VLOOKUP(C10:C152,'R22 RELATÓRIO ACC'!B:P,15,FALSE),"NOT PUBLISHED") -> 06/04/2026 | K13: =IFERROR(VLOOKUP(B10:B201,'RELATÓRIO ACC'!B:F,5,FALSE),"NOT PUBLISHED") -> V1 | L13: =IFERROR(VLOOKUP(B10:B201,'RELATÓRIO ACC'!B:P,15,FALSE),"NOT PUBLISHED") -> 15/05/2026 | M13: =IF(OR($D13="UTLS",$D13="GUAR",$D13="STIR",$D13="PUMP",$D13="SITE"), VLOOKUP($B13,'LOD 300 - SITE'!B:M,12,FALSE), VLOOKUP($B13,'LOD 300 - ADMN'!B:M,12,FALSE) ) -> V7 | N13: =IF(OR($D13="UTLS",$D13="GUAR",$D13="STIR",$D13="PUMP",$D13="SITE"), VLOOKUP($B13,'LOD 300 - SITE'!B:N,13,FALSE), VLOOKUP($B13,'LOD 300 - ADMN'!B:N,13,FALSE) ) -> 45897 | O13: =IF(OR($D13="UTLS",$D13="GUAR",$D13="STIR",$D13="PUMP",$D13="SITE"), VLOOKUP($B13,'LOD 300 - SITE'!B:O,14,FALSE), VLOOKUP($B13,'LOD 300 - ADMN'!B:O,14,FALSE) ) -> R22 | P13: =IF(OR($D13="C345",$D13="C12A",$D13="DATA"), VLOOKUP($B13,'LOD 300 - COLO3'!B:M,12,FALSE),"N/A") -> N/A | Q13: =IF(OR($D13="C345",$D13="C12A",$D13="DATA"), VLOOKUP($B13,'LOD 300 - COLO3'!B:N,13,FALSE),"N/A") -> N/A | R13: =IF(OR($D13="C345",$D13="C12A",$D13="DATA"), VLOOKUP($B13,'LOD 300 - COLO3'!B:O,14,FALSE),"N/A") -> N/A | S13: =IF(OR($D13="C345",$D13="C12A",$D13="DATA"), VLOOKUP($B13,'LOD 300 - COLO4'!B:M,12,FALSE),"N/A") -> N/A | T13: =IF(OR($D13="C345",$D13="C12A",$D13="DATA"), VLOOKUP($B13,'LOD 300 - COLO4'!B:T,13,FALSE),"N/A") -> N/A | U13: =IF(OR($D13="C345",$D13="C12A",$D13="DATA"), VLOOKUP($B13,'LOD 300 - COLO4'!B:U,17,FALSE),"N/A") -> N/A | V13: CICI | W13: =IFERROR(VLOOKUP($B13,'LOD 300 - ADMN'!$B:S,18,FALSE),"N/A") -> N/A | X13: =IFERROR(VLOOKUP($B13,'LOD 300 - ADMN'!$B:V,21,FALSE),"N/A") -> N/A | Y13: =IFERROR(VLOOKUP($B13,'LOD 300 - ADMN'!$B:Y,24,FALSE),"N/A") -> N/A | Z13: =IFERROR(VLOOKUP($B13,'LOD 300 - ADMN'!$B:AB,27,FALSE),"N/A") -> N/A | AA13: =IFERROR(VLOOKUP($B13,'LOD 300 - ADMN'!$B:AE,30,FALSE),"N/A") -> N/A | AB13: =IFERROR(VLOOKUP($B13,'LOD 300 - ADMN'!$B:AH,33,FALSE),"N/A") -> N/A | AC13: =IFERROR(VLOOKUP($B13,'LOD 300 - ADMN'!$B:AK,36,FALSE),"N/A") -> N/A | AD13: =IFERROR(VLOOKUP($B13,'LOD 300 - ADMN'!$B:AN,39,FALSE),"N/A") -> N/A | AE13: =IFERROR(VLOOKUP($B13,'LOD 300 - ADMN'!$B:AQ,42,FALSE),"N/A") -> N/A | AF13: =IFERROR(VLOOKUP($B13,'LOD 300 - ADMN'!$B:AT,45,FALSE),"N/A") -> N/A | AG13: =IFERROR(VLOOKUP($B13,'LOD 300 - ADMN'!$B:AW,48,FALSE),"N/A") -> N/A | AH13: =IFERROR(VLOOKUP($B13,'LOD 300 - ADMN'!$B:AZ,51,FALSE),"N/A") -> N/A | AI13: =IFERROR(VLOOKUP($B13,'LOD 300 - ADMN'!$B:BC,54,FALSE),"N/A") -> N/A | AJ13: =IFERROR(VLOOKUP($B13,'LOD 300 - ADMN'!$B:BF,57,FALSE),"N/A") -> N/A | AK13: =IFERROR(VLOOKUP($B13,'LOD 300 - ADMN'!$B:EP,60,FALSE),"N/A") -> N/A | AL13: =IFERROR(VLOOKUP($B13,'LOD 300 - ADMN'!$B:EQ,63,FALSE),"N/A") -> N/A | AM13: =IFERROR(VLOOKUP($B13,'LOD 300 - ADMN'!$B:BO,66,FALSE),"N/A") -> N/A | AN13: =IFERROR(VLOOKUP($B13,'LOD 300 - ADMN'!$B:BR,69,FALSE),"N/A") -> N/A | AO13: =IFERROR(VLOOKUP($B13,'LOD 300 - ADMN'!$B:BU,72,FALSE),"N/A") -> N/A | AP13: =IFERROR(VLOOKUP($B13,'LOD 300 - ADMN'!$B:BX,75,FALSE),"N/A") -> N/A | AQ13: =IFERROR(VLOOKUP($B13,'LOD 300 - ADMN'!$B:CA,78,FALSE),"N/A") -> N/A | AR13: =IFERROR(VLOOKUP($B13,'LOD 300 - ADMN'!$B:CD,81,FALSE),"N/A") -> N/A | AS13: =IFERROR(VLOOKUP($B13,'LOD 300 - ADMN'!$B:CG,84,FALSE),"N/A") -> N/A | AT13: =IFERROR(VLOOKUP($B13,'LOD 300 - ADMN'!$B:CJ,87,FALSE),"N/A") -> N/A | AU13: =IFERROR(VLOOKUP($B13,'LOD 300 - ADMN'!$B:CM,90,FALSE),"N/A") -> N/A | AV13: =IFERROR(VLOOKUP($B13,'LOD 300 - ADMN'!$B:CP,93,FALSE),"N/A") -> N/A | AW13: =IFERROR(VLOOKUP($B13,'LOD 300 - ADMN'!$B:CS,96,FALSE),"N/A") -> N/A | AX13: =IFERROR(VLOOKUP($B13,'LOD 300 - ADMN'!$B:CV,99,FALSE),"N/A") -> N/A | AY13: =IFERROR(VLOOKUP($B13,'LOD 300 - ADMN'!$B:CY,102,FALSE),"N/A") -> N/A | AZ13: =IFERROR(VLOOKUP($B13,'LOD 300 - ADMN'!$B:DB,105,FALSE),"N/A") -> N/A | BA13: =IFERROR(VLOOKUP($B13,'LOD 300 - ADMN'!$B:DE,108,FALSE),"N/A") -> N/A | BB13: =IFERROR(VLOOKUP($B13,'LOD 300 - ADMN'!$B:DH,111,FALSE),"N/A") -> N/A | BC13: =IFERROR(VLOOKUP($B13,'LOD 300 - ADMN'!$B:DK,114,FALSE),"N/A") -> N/A | BD13: =IFERROR(VLOOKUP($B13,'LOD 300 - ADMN'!$B:DN,117,FALSE),"N/A") -> N/A | BE13: =IFERROR(VLOOKUP($B13,'LOD 300 - ADMN'!$B:DQ,120,FALSE),"N/A") -> N/A | BF13: =IFERROR(VLOOKUP($B13,'LOD 300 - ADMN'!$B:DT,123,FALSE),"N/A") -> N/A | BG13: =IFERROR(VLOOKUP($B13,'LOD 300 - ADMN'!$B:DW,126,FALSE),"N/A") -> N/A | BH13: =IFERROR(VLOOKUP($B13,'LOD 300 - ADMN'!$B:DZ,129,FALSE),"N/A") -> N/A | BI13: =IFERROR(VLOOKUP($B13,'LOD 300 - ADMN'!$B:EC,132,FALSE),"N/A") -> N/A | BJ13: =IFERROR(__xludf.DUMMYFUNCTION("IFERROR( MAX(FILTER(X13:BI13, ISNUMBER(X13:BI13))), BI13 )"),"N/A") -> N/A | BK13: =IFERROR(VLOOKUP($B13,'LOD 300 - COLO1'!$B:S,18,FALSE),"N/A") -> N/A | BL13: =IFERROR(VLOOKUP($B13,'LOD 300 - COLO1'!$B:V,21,FALSE),"N/A") -> N/A | BM13: =IFERROR(VLOOKUP($B13,'LOD 300 - COLO1'!$B:Y,24,FALSE),"N/A") -> N/A | BN13: =IFERROR(VLOOKUP($B13,'LOD 300 - COLO1'!$B:AB,27,FALSE),"N/A") -> N/A | BO13: =IFERROR(VLOOKUP($B13,'LOD 300 - COLO1'!$B:AE,30,FALSE),"N/A") -> N/A | BP13: =IFERROR(VLOOKUP($B13,'LOD 300 - COLO1'!$B:AH,33,FALSE),"N/A") -> N/A | BQ13: =IFERROR(VLOOKUP($B13,'LOD 300 - COLO1'!$B:AK,36,FALSE),"N/A") -> N/A | BR13: =IFERROR(VLOOKUP($B13,'LOD 300 - COLO1'!$B:AN,39,FALSE),"N/A") -> N/A | BS13: =IFERROR(VLOOKUP($B13,'LOD 300 - COLO1'!$B:AQ,42,FALSE),"N/A") -> N/A | BT13: =IFERROR(VLOOKUP($B13,'LOD 300 - COLO1'!$B:AT,45,FALSE),"N/A") -> N/A | BU13: =IFERROR(VLOOKUP($B13,'LOD 300 - COLO1'!$B:AW,48,FALSE),"N/A") -> N/A | BV13: =IFERROR(VLOOKUP($B13,'LOD 300 - COLO1'!$B:AZ,51,FALSE),"N/A") -> N/A | BW13: =IFERROR(VLOOKUP($B13,'LOD 300 - COLO1'!$B:BC,54,FALSE),"N/A") -> N/A | BX13: =IFERROR(VLOOKUP($B13,'LOD 300 - COLO1'!$B:BF,57,FALSE),"N/A") -> N/A | BY13: =IFERROR(VLOOKUP($B13,'LOD 300 - COLO1'!$B:BI,60,FALSE),"N/A") -> N/A | BZ13: =IFERROR(VLOOKUP($B13,'LOD 300 - COLO1'!$B:BL,63,FALSE),"N/A") -> N/A | CA13: =IFERROR(VLOOKUP($B13,'LOD 300 - COLO1'!$B:BO,66,FALSE),"N/A") -> N/A | CB13: =IFERROR(VLOOKUP($B13,'LOD 300 - COLO1'!$B:BR,69,FALSE),"N/A") -> N/A | CC13: =IFERROR(VLOOKUP($B13,'LOD 300 - COLO1'!$B:BU,72,FALSE),"N/A") -> N/A | CD13: =IFERROR(VLOOKUP($B13,'LOD 300 - COLO1'!$B:BX,75,FALSE),"N/A") -> N/A | CE13: =IFERROR(VLOOKUP($B13,'LOD 300 - COLO1'!$B:CA,78,FALSE),"N/A") -> N/A | CF13: =IFERROR(VLOOKUP($B13,'LOD 300 - COLO1'!$B:CD,81,FALSE),"N/A") -> N/A | CG13: =IFERROR(VLOOKUP($B13,'LOD 300 - COLO1'!$B:CG,84,FALSE),"N/A") -> N/A | CH13: =IFERROR(VLOOKUP($B13,'LOD 300 - COLO1'!$B:CJ,87,FALSE),"N/A") -> N/A | CI13: =IFERROR(VLOOKUP($B13,'LOD 300 - COLO1'!$B:CM,90,FALSE),"N/A") -> N/A | CJ13: =IFERROR(VLOOKUP($B13,'LOD 300 - COLO1'!$B:CP,93,FALSE),"N/A") -> N/A | CK13: =IFERROR(VLOOKUP($B13,'LOD 300 - COLO1'!$B:CS,96,FALSE),"N/A") -> N/A | CL13: =IFERROR(VLOOKUP($B13,'LOD 300 - COLO1'!$B:CV,99,FALSE),"N/A") -> N/A | CM13: =IFERROR(VLOOKUP($B13,'LOD 300 - COLO1'!$B:CY,102,FALSE),"N/A") -> N/A | CN13: =IFERROR(VLOOKUP($B13,'LOD 300 - COLO1'!$B:DB,105,FALSE),"N/A") -> N/A | CO13: =IFERROR(VLOOKUP($B13,'LOD 300 - COLO1'!$B:EE,108,FALSE),"N/A") -> N/A | CP13: =IFERROR(VLOOKUP($B13,'LOD 300 - COLO1'!$B:EH,111,FALSE),"N/A") -> N/A | CQ13: =IFERROR(VLOOKUP($B13,'LOD 300 - COLO1'!$B:EK,114,FALSE),"N/A") -> N/A | CR13: =IFERROR(VLOOKUP($B13,'LOD 300 - COLO1'!$B:EN,117,FALSE),"N/A") -> N/A | CS13: =IFERROR(VLOOKUP($B13,'LOD 300 - COLO1'!$B:EQ,120,FALSE),"N/A") -> N/A | CT13: =IFERROR(VLOOKUP($B13,'LOD 300 - COLO1'!$B:ET,123,FALSE),"N/A") -> N/A | CU13: =IFERROR(VLOOKUP($B13,'LOD 300 - COLO1'!$B:EW,126,FALSE),"N/A") -> N/A | CV13: =IFERROR(VLOOKUP($B13,'LOD 300 - COLO1'!$B:EZ,129,FALSE),"N/A") -> N/A | CW13: =IFERROR(VLOOKUP($B13,'LOD 300 - COLO1'!$B:FC,132,FALSE),"N/A") -> N/A | CX13: =IFERROR(__xludf.DUMMYFUNCTION("IFERROR( MAX(FILTER(BK13:CW13, ISNUMBER(BK13:CW13))), CW13 )"),"N/A") -> N/A | CY13: =IFERROR(VLOOKUP($B13,'LOD 300 - COLO2'!$B:S,18,FALSE),"N/A") -> N/A | CZ13: =IFERROR(VLOOKUP($B13,'LOD 300 - COLO2'!$B:V,21,FALSE),"N/A") -> N/A | DA13: =IFERROR(VLOOKUP($B13,'LOD 300 - COLO2'!$B:Y,24,FALSE),"N/A") -> N/A | DB13: =IFERROR(VLOOKUP($B13,'LOD 300 - COLO2'!$B:AB,27,FALSE),"N/A") -> N/A | DC13: =IFERROR(VLOOKUP($B13,'LOD 300 - COLO2'!$B:AE,30,FALSE),"N/A") -> N/A | DD13: =IFERROR(VLOOKUP($B13,'LOD 300 - COLO2'!$B:AH,33,FALSE),"N/A") -> N/A | DE13: =IFERROR(VLOOKUP($B13,'LOD 300 - COLO2'!$B:AK,36,FALSE),"N/A") -> N/A | DF13: =IFERROR(VLOOKUP($B13,'LOD 300 - COLO2'!$B:AN,39,FALSE),"N/A") -> N/A | DG13: =IFERROR(VLOOKUP($B13,'LOD 300 - COLO2'!$B:AQ,42,FALSE),"N/A") -> N/A | DH13: =IFERROR(VLOOKUP($B13,'LOD 300 - COLO2'!$B:AT,45,FALSE),"N/A") -> N/A | DI13: =IFERROR(VLOOKUP($B13,'LOD 300 - COLO2'!$B:AW,48,FALSE),"N/A") -> N/A | DJ13: =IFERROR(VLOOKUP($B13,'LOD 300 - COLO2'!$B:AZ,51,FALSE),"N/A") -> N/A | DK13: =IFERROR(VLOOKUP($B13,'LOD 300 - COLO2'!$B:BC,54,FALSE),"N/A") -> N/A | DL13: =IFERROR(VLOOKUP($B13,'LOD 300 - COLO2'!$B:BF,57,FALSE),"N/A") -> N/A | DM13: =IFERROR(VLOOKUP($B13,'LOD 300 - COLO2'!$B:BI,60,FALSE),"N/A") -> N/A | DN13: =IFERROR(VLOOKUP($B13,'LOD 300 - COLO2'!$B:BL,63,FALSE),"N/A") -> N/A | DO13: =IFERROR(VLOOKUP($B13,'LOD 300 - COLO2'!$B:BO,66,FALSE),"N/A") -> N/A | DP13: =IFERROR(VLOOKUP($B13,'LOD 300 - COLO2'!$B:BR,69,FALSE),"N/A") -> N/A | DQ13: =IFERROR(VLOOKUP($B13,'LOD 300 - COLO2'!$B:BU,72,FALSE),"N/A") -> N/A | DR13: =IFERROR(VLOOKUP($B13,'LOD 300 - COLO2'!$B:BX,75,FALSE),"N/A") -> N/A | DS13: =IFERROR(VLOOKUP($B13,'LOD 300 - COLO2'!$B:CA,78,FALSE),"N/A") -> N/A | DT13: =IFERROR(VLOOKUP($B13,'LOD 300 - COLO2'!$B:CD,81,FALSE),"N/A") -> N/A | DU13: =IFERROR(VLOOKUP($B13,'LOD 300 - COLO2'!$B:CG,84,FALSE),"N/A") -> N/A | DV13: =IFERROR(VLOOKUP($B13,'LOD 300 - COLO2'!$B:CJ,87,FALSE),"N/A") -> N/A | DW13: =IFERROR(VLOOKUP($B13,'LOD 300 - COLO2'!$B:CM,90,FALSE),"N/A") -> N/A | DX13: =IFERROR(VLOOKUP($B13,'LOD 300 - COLO2'!$B:CP,93,FALSE),"N/A") -> N/A | DY13: =IFERROR(VLOOKUP($B13,'LOD 300 - COLO2'!$B:CS,96,FALSE),"N/A") -> N/A | DZ13: =IFERROR(VLOOKUP($B13,'LOD 300 - COLO2'!$B:CV,99,FALSE),"N/A") -> N/A | EA13: =IFERROR(VLOOKUP($B13,'LOD 300 - COLO2'!$B:DB,105,FALSE),"N/A") -> N/A | EB13: =IFERROR(VLOOKUP($B13,'LOD 300 - COLO2'!$B:DB,105,FALSE),"N/A") -> N/A | EC13: =IFERROR(VLOOKUP($B13,'LOD 300 - COLO2'!$B:DE,108,FALSE),"N/A") -> N/A | ED13: =IFERROR(VLOOKUP($B13,'LOD 300 - COLO2'!$B:DH,111,FALSE),"N/A") -> N/A | EE13: =IFERROR(VLOOKUP($B13,'LOD 300 - COLO2'!$B:DK,114,FALSE),"N/A") -> N/A | EF13: =IFERROR(VLOOKUP($B13,'LOD 300 - COLO2'!$B:DN,117,FALSE),"N/A") -> N/A | EG13: =IFERROR(VLOOKUP($B13,'LOD 300 - COLO2'!$B:DQ,120,FALSE),"N/A") -> N/A | EH13: =IFERROR(__xludf.DUMMYFUNCTION("IFERROR( MAX(FILTER(CZ13:EG13, ISNUMBER(CZ13:EG13))), EG13 )"),"N/A") -> N/A | EI13: =IFERROR(VLOOKUP($B13,'LOD 300 - COLO3'!$B:R,17,FALSE),"N/A") -> N/A | EJ13: =IFERROR(VLOOKUP($B13,'LOD 300 - COLO3'!$B:U,20,FALSE),"N/A") -> N/A | EK13: =IFERROR(VLOOKUP($B13,'LOD 300 - COLO3'!$B:X,23,FALSE),"N/A") -> N/A | EL13: =IFERROR(VLOOKUP($B13,'LOD 300 - COLO3'!$B:AA,26,FALSE),"N/A") -> N/A | EM13: =IFERROR(VLOOKUP($B13,'LOD 300 - COLO3'!$B:AD,29,FALSE),"N/A") -> N/A | EN13: =IFERROR(VLOOKUP($B13,'LOD 300 - COLO3'!$B:AG,32,FALSE),"N/A") -> N/A | EO13: =IFERROR(VLOOKUP($B13,'LOD 300 - COLO3'!$B:AJ,35,FALSE),"N/A") -> N/A | EP13: =IFERROR(VLOOKUP($B13,'LOD 300 - COLO3'!$B:AM,38,FALSE),"N/A") -> N/A | EQ13: =IFERROR(VLOOKUP($B13,'LOD 300 - COLO3'!$B:AP,41,FALSE),"N/A") -> N/A | ER13: =IFERROR(VLOOKUP($B13,'LOD 300 - COLO3'!$B:AS,44,FALSE),"N/A") -> N/A | ES13: =IFERROR(VLOOKUP($B13,'LOD 300 - COLO3'!$B:AV,47,FALSE),"N/A") -> N/A | ET13: =IFERROR(VLOOKUP($B13,'LOD 300 - COLO3'!$B:AY,50,FALSE),"N/A") -> N/A | EU13: =IFERROR(VLOOKUP($B13,'LOD 300 - COLO3'!$B:BB,53,FALSE),"N/A") -> N/A | EV13: =IFERROR(VLOOKUP($B13,'LOD 300 - COLO3'!$B:BE,56,FALSE),"N/A") -> N/A | EW13: =IFERROR(VLOOKUP($B13,'LOD 300 - COLO3'!$B:BL,59,FALSE),"N/A") -> N/A | EX13: =IFERROR(VLOOKUP($B13,'LOD 300 - COLO3'!$B:BO,62,FALSE),"N/A") -> N/A | EY13: =IFERROR(__xludf.DUMMYFUNCTION("IFERROR( MAX(FILTER(EI13:EX13, ISNUMBER(EI13:EX13))), EX13 )"),"N/A") -> N/A | EZ13: =IFERROR(VLOOKUP($B13,'LOD 300 - COLO4'!$B:BT,17,FALSE),"N/A") -> N/A | FA13: =IFERROR(__xludf.DUMMYFUNCTION("IFERROR( MAX(FILTER(EZ13, ISNUMBER(EZ13))), EZ13 )"),"N/A") -> N/A | FB13: =IFERROR(VLOOKUP($B13,'LOD 300 - SITE'!$B:S,18,FALSE),"N/A") -> NOT PUBLISHED | FC13: =IFERROR(VLOOKUP($B13,'LOD 300 - SITE'!$B:V,21,FALSE),"N/A") -> 1 | FD13: =IFERROR(VLOOKUP($B13,'LOD 300 - SITE'!$B:Y,24,FALSE),"N/A") -> 1 | FE13: =IFERROR(VLOOKUP($B13,'LOD 300 - SITE'!$B:AB,27,FALSE),"N/A") -> 1 | FF13: =IFERROR(VLOOKUP($B13,'LOD 300 - SITE'!$B:AE,30,FALSE),"N/A") -> 1 | FG13: =IFERROR(VLOOKUP($B13,'LOD 300 - SITE'!$B:AH,33,FALSE),"N/A") -> 1 | FH13: =IFERROR(VLOOKUP($B13,'LOD 300 - SITE'!$B:AK,36,FALSE),"N/A") -> 1 | FI13: =IFERROR(VLOOKUP($B13,'LOD 300 - SITE'!$B:AN,39,FALSE),"N/A") -> 1 | FJ13: =IFERROR(VLOOKUP($B13,'LOD 300 - SITE'!$B:AQ,42,FALSE),"N/A") -> 1 | FK13: =IFERROR(VLOOKUP($B13,'LOD 300 - SITE'!$B:AT,45,FALSE),"N/A") -> 1 | FL13: =IFERROR(VLOOKUP($B13,'LOD 300 - SITE'!$B:AW,48,FALSE),"N/A") -> 1 | FM13: =IFERROR(VLOOKUP($B13,'LOD 300 - SITE'!$B:AZ,51,FALSE),"N/A") -> 1 | FN13: =IFERROR(VLOOKUP($B13,'LOD 300 - SITE'!$B:BC,54,FALSE),"N/A") -> 1 | FO13: =IFERROR(VLOOKUP($B13,'LOD 300 - SITE'!$B:BF,57,FALSE),"N/A") -> 1 | FP13: =IFERROR(VLOOKUP($B13,'LOD 300 - SITE'!$B:BI,60,FALSE),"N/A") -> 1 | FQ13: =IFERROR(VLOOKUP($B13,'LOD 300 - SITE'!$B:BL,63,FALSE),"N/A") -> 1 | FR13: =IFERROR(VLOOKUP($B13,'LOD 300 - SITE'!$B:BO,66,FALSE),"N/A") -> 1 | FS13: =IFERROR(VLOOKUP($B13,'LOD 300 - SITE'!$B:BR,69,FALSE),"N/A") -> 1 | FT13: =IFERROR(VLOOKUP($B13,'LOD 300 - SITE'!$B:BU,72,FALSE),"N/A") -> 1 | FU13: =IFERROR(VLOOKUP($B13,'LOD 300 - SITE'!$B:BX,75,FALSE),"N/A") -> 1 | FV13: =IFERROR(VLOOKUP($B13,'LOD 300 - SITE'!$B:CA,78,FALSE),"N/A") -> 1 | FW13: =IFERROR(VLOOKUP($B13,'LOD 300 - SITE'!$B:CD,81,FALSE),"N/A") -> 1 | FX13: =IFERROR(VLOOKUP($B13,'LOD 300 - SITE'!$B:CG,84,FALSE),"N/A") -> 1 | FY13: =IFERROR(VLOOKUP($B13,'LOD 300 - SITE'!$B:CJ,87,FALSE),"N/A") -> 1 | FZ13: =IFERROR(VLOOKUP($B13,'LOD 300 - SITE'!$B:CM,90,FALSE),"N/A") -> 1 | GA13: =IFERROR(VLOOKUP($B13,'LOD 300 - SITE'!$B:CP,93,FALSE),"N/A") -> 1 | GB13: =IFERROR(VLOOKUP($B13,'LOD 300 - SITE'!$B:CS,96,FALSE),"N/A") -> 1 | GC13: =IFERROR(VLOOKUP($B13,'LOD 300 - SITE'!$B:CV,99,FALSE),"N/A") -> 1 | GD13: =IFERROR(VLOOKUP($B13,'LOD 300 - SITE'!$B:CY,102,FALSE),"N/A") -> 1 | GE13: =IFERROR(VLOOKUP($B13,'LOD 300 - SITE'!$B:DB,105,FALSE),"N/A") -> 1 | GF13: =IFERROR(VLOOKUP($B13,'LOD 300 - SITE'!$B:DE,108,FALSE),"N/A") -> 1 | GG13: =IFERROR(VLOOKUP($B13,'LOD 300 - SITE'!$B:DH,111,FALSE),"N/A") -> 1 | GH13: =IFERROR(VLOOKUP($B13,'LOD 300 - SITE'!$B:DK,114,FALSE),"N/A") -> 1 | GI13: =IFERROR(VLOOKUP($B13,'LOD 300 - SITE'!$B:DN,117,FALSE),"N/A") -> 1 | GJ13: =IFERROR(VLOOKUP($B13,'LOD 300 - SITE'!$B:DQ,120,FALSE),"N/A") -> 1 | GK13: =IFERROR(VLOOKUP($B13,'LOD 300 - SITE'!$B:DT,123,FALSE),"N/A") -> 1 | GL13: =IFERROR(VLOOKUP($B13,'LOD 300 - SITE'!$B:DW,126,FALSE),"N/A") -> 1 | GM13: =IFERROR(__xludf.DUMMYFUNCTION("IFERROR( MAX(FILTER(FB13:GL13, ISNUMBER(FB13:GL13))), GL13 )"),1.0) -> 1
A14: 16 | B14: CPQ11-ARCH-FURN-DATA-R24.rvt | C14: CPQ11-ARCH-FURN-DATA-R22.rvt | D14: DATA | E14: RACION/AL | F14: 1106 | G14: CONTRACTING | H14: 0 | I14: =IFERROR(VLOOKUP(C11:C153,'R22 RELATÓRIO ACC'!B:F,5,FALSE),"NOT PUBLISHED") -> NOT PUBLISHED | J14: =IFERROR(VLOOKUP(C11:C153,'R22 RELATÓRIO ACC'!B:P,15,FALSE),"NOT PUBLISHED") -> NOT PUBLISHED | K14: =IFERROR(VLOOKUP(B11:B202,'RELATÓRIO ACC'!B:F,5,FALSE),"NOT PUBLISHED") -> NOT PUBLISHED | L14: =IFERROR(VLOOKUP(B11:B202,'RELATÓRIO ACC'!B:P,15,FALSE),"NOT PUBLISHED") -> NOT PUBLISHED | M14: =IF(OR($D14="UTLS",$D14="GUAR",$D14="STIR",$D14="PUMP",$D14="SITE"), VLOOKUP($B14,'LOD 300 - SITE'!B:M,12,FALSE), VLOOKUP($B14,'LOD 300 - ADMN'!B:M,12,FALSE) ) -> NOT PUBLISHED | N14: =IF(OR($D14="UTLS",$D14="GUAR",$D14="STIR",$D14="PUMP",$D14="SITE"), VLOOKUP($B14,'LOD 300 - SITE'!B:N,13,FALSE), VLOOKUP($B14,'LOD 300 - ADMN'!B:N,13,FALSE) ) -> NOT PUBLISHED | O14: =IF(OR($D14="UTLS",$D14="GUAR",$D14="STIR",$D14="PUMP",$D14="SITE"), VLOOKUP($B14,'LOD 300 - SITE'!B:O,14,FALSE), VLOOKUP($B14,'LOD 300 - ADMN'!B:O,14,FALSE) ) -> NOT PUBLISHED | P14: =IF(OR($D14="C345",$D14="C12A",$D14="DATA"), VLOOKUP($B14,'LOD 300 - COLO3'!B:M,12,FALSE),"N/A") -> NOT PUBLISHED | Q14: =IF(OR($D14="C345",$D14="C12A",$D14="DATA"), VLOOKUP($B14,'LOD 300 - COLO3'!B:N,13,FALSE),"N/A") -> NOT PUBLISHED | R14: =IF(OR($D14="C345",$D14="C12A",$D14="DATA"), VLOOKUP($B14,'LOD 300 - COLO3'!B:O,14,FALSE),"N/A") -> NOT PUBLISHED | S14: =IF(OR($D14="C345",$D14="C12A",$D14="DATA"), VLOOKUP($B14,'LOD 300 - COLO4'!B:M,12,FALSE),"N/A") -> N/A | T14: =IF(OR($D14="C345",$D14="C12A",$D14="DATA"), VLOOKUP($B14,'LOD 300 - COLO4'!B:T,13,FALSE),"N/A") -> N/A | U14: =IF(OR($D14="C345",$D14="C12A",$D14="DATA"), VLOOKUP($B14,'LOD 300 - COLO4'!B:U,17,FALSE),"N/A") -> NOT PUBLISHED | W14: =IFERROR(VLOOKUP($B14,'LOD 300 - ADMN'!$B:S,18,FALSE),"N/A") -> NOT PUBLISHED | X14: =IFERROR(VLOOKUP($B14,'LOD 300 - ADMN'!$B:V,21,FALSE),"N/A") -> NOT PUBLISHED | Y14: =IFERROR(VLOOKUP($B14,'LOD 300 - ADMN'!$B:Y,24,FALSE),"N/A") -> NOT PUBLISHED | Z14: =IFERROR(VLOOKUP($B14,'LOD 300 - ADMN'!$B:AB,27,FALSE),"N/A") -> NOT PUBLISHED | AA14: =IFERROR(VLOOKUP($B14,'LOD 300 - ADMN'!$B:AE,30,FALSE),"N/A") -> NOT PUBLISHED | AB14: =IFERROR(VLOOKUP($B14,'LOD 300 - ADMN'!$B:AH,33,FALSE),"N/A") -> NOT PUBLISHED | AC14: =IFERROR(VLOOKUP($B14,'LOD 300 - ADMN'!$B:AK,36,FALSE),"N/A") -> NOT PUBLISHED | AD14: =IFERROR(VLOOKUP($B14,'LOD 300 - ADMN'!$B:AN,39,FALSE),"N/A") -> NOT PUBLISHED | AE14: =IFERROR(VLOOKUP($B14,'LOD 300 - ADMN'!$B:AQ,42,FALSE),"N/A") -> NOT PUBLISHED | AF14: =IFERROR(VLOOKUP($B14,'LOD 300 - ADMN'!$B:AT,45,FALSE),"N/A") -> NOT PUBLISHED | AG14: =IFERROR(VLOOKUP($B14,'LOD 300 - ADMN'!$B:AW,48,FALSE),"N/A") -> NOT PUBLISHED | AH14: =IFERROR(VLOOKUP($B14,'LOD 300 - ADMN'!$B:AZ,51,FALSE),"N/A") -> NOT PUBLISHED | AI14: =IFERROR(VLOOKUP($B14,'LOD 300 - ADMN'!$B:BC,54,FALSE),"N/A") -> NOT PUBLISHED | AJ14: =IFERROR(VLOOKUP($B14,'LOD 300 - ADMN'!$B:BF,57,FALSE),"N/A") -> NOT PUBLISHED | AK14: =IFERROR(VLOOKUP($B14,'LOD 300 - ADMN'!$B:EP,60,FALSE),"N/A") -> NOT PUBLISHED | AL14: =IFERROR(VLOOKUP($B14,'LOD 300 - ADMN'!$B:EQ,63,FALSE),"N/A") -> NOT PUBLISHED | AM14: =IFERROR(VLOOKUP($B14,'LOD 300 - ADMN'!$B:BO,66,FALSE),"N/A") -> NOT PUBLISHED | AN14: =IFERROR(VLOOKUP($B14,'LOD 300 - ADMN'!$B:BR,69,FALSE),"N/A") -> NOT PUBLISHED | AO14: =IFERROR(VLOOKUP($B14,'LOD 300 - ADMN'!$B:BU,72,FALSE),"N/A") -> NOT PUBLISHED | AP14: =IFERROR(VLOOKUP($B14,'LOD 300 - ADMN'!$B:BX,75,FALSE),"N/A") -> NOT PUBLISHED | AQ14: =IFERROR(VLOOKUP($B14,'LOD 300 - ADMN'!$B:CA,78,FALSE),"N/A") -> NOT PUBLISHED | AR14: =IFERROR(VLOOKUP($B14,'LOD 300 - ADMN'!$B:CD,81,FALSE),"N/A") -> NOT PUBLISHED | AS14: =IFERROR(VLOOKUP($B14,'LOD 300 - ADMN'!$B:CG,84,FALSE),"N/A") -> NOT PUBLISHED | AT14: =IFERROR(VLOOKUP($B14,'LOD 300 - ADMN'!$B:CJ,87,FALSE),"N/A") -> NOT PUBLISHED | AU14: =IFERROR(VLOOKUP($B14,'LOD 300 - ADMN'!$B:CM,90,FALSE),"N/A") -> NOT PUBLISHED | AV14: =IFERROR(VLOOKUP($B14,'LOD 300 - ADMN'!$B:CP,93,FALSE),"N/A") -> NOT PUBLISHED | AW14: =IFERROR(VLOOKUP($B14,'LOD 300 - ADMN'!$B:CS,96,FALSE),"N/A") -> NOT PUBLISHED | AX14: =IFERROR(VLOOKUP($B14,'LOD 300 - ADMN'!$B:CV,99,FALSE),"N/A") -> NOT PUBLISHED | AY14: =IFERROR(VLOOKUP($B14,'LOD 300 - ADMN'!$B:CY,102,FALSE),"N/A") -> NOT PUBLISHED | AZ14: =IFERROR(VLOOKUP($B14,'LOD 300 - ADMN'!$B:DB,105,FALSE),"N/A") -> NOT PUBLISHED | BA14: =IFERROR(VLOOKUP($B14,'LOD 300 - ADMN'!$B:DE,108,FALSE),"N/A") -> NOT PUBLISHED | BB14: =IFERROR(VLOOKUP($B14,'LOD 300 - ADMN'!$B:DH,111,FALSE),"N/A") -> NOT PUBLISHED | BC14: =IFERROR(VLOOKUP($B14,'LOD 300 - ADMN'!$B:DK,114,FALSE),"N/A") -> NOT PUBLISHED | BD14: =IFERROR(VLOOKUP($B14,'LOD 300 - ADMN'!$B:DN,117,FALSE),"N/A") -> NOT PUBLISHED | BE14: =IFERROR(VLOOKUP($B14,'LOD 300 - ADMN'!$B:DQ,120,FALSE),"N/A") -> NOT PUBLISHED | BF14: =IFERROR(VLOOKUP($B14,'LOD 300 - ADMN'!$B:DT,123,FALSE),"N/A") -> NOT PUBLISHED | BG14: =IFERROR(VLOOKUP($B14,'LOD 300 - ADMN'!$B:DW,126,FALSE),"N/A") -> NOT PUBLISHED | BH14: =IFERROR(VLOOKUP($B14,'LOD 300 - ADMN'!$B:DZ,129,FALSE),"N/A") -> NOT PUBLISHED | BJ14: =IFERROR(__xludf.DUMMYFUNCTION("IFERROR( MAX(FILTER(X14:BH14, ISNUMBER(X14:BH14))), BH14 )"),"NOT PUBLISHED") -> NOT PUBLISHED | BK14: =IFERROR(VLOOKUP($B14,'LOD 300 - COLO1'!$B:S,18,FALSE),"N/A") -> NOT PUBLISHED | BL14: =IFERROR(VLOOKUP($B14,'LOD 300 - COLO1'!$B:V,21,FALSE),"N/A") -> NOT PUBLISHED | BM14: =IFERROR(VLOOKUP($B14,'LOD 300 - COLO1'!$B:Y,24,FALSE),"N/A") -> NOT PUBLISHED | BN14: =IFERROR(VLOOKUP($B14,'LOD 300 - COLO1'!$B:AB,27,FALSE),"N/A") -> NOT PUBLISHED | BO14: =IFERROR(VLOOKUP($B14,'LOD 300 - COLO1'!$B:AE,30,FALSE),"N/A") -> NOT PUBLISHED | BP14: =IFERROR(VLOOKUP($B14,'LOD 300 - COLO1'!$B:AH,33,FALSE),"N/A") -> NOT PUBLISHED | BQ14: =IFERROR(VLOOKUP($B14,'LOD 300 - COLO1'!$B:AK,36,FALSE),"N/A") -> NOT PUBLISHED | BR14: =IFERROR(VLOOKUP($B14,'LOD 300 - COLO1'!$B:AN,39,FALSE),"N/A") -> NOT PUBLISHED | BS14: =IFERROR(VLOOKUP($B14,'LOD 300 - COLO1'!$B:AQ,42,FALSE),"N/A") -> NOT PUBLISHED | BT14: =IFERROR(VLOOKUP($B14,'LOD 300 - COLO1'!$B:AT,45,FALSE),"N/A") -> NOT PUBLISHED | BU14: =IFERROR(VLOOKUP($B14,'LOD 300 - COLO1'!$B:AW,48,FALSE),"N/A") -> NOT PUBLISHED | BV14: =IFERROR(VLOOKUP($B14,'LOD 300 - COLO1'!$B:AZ,51,FALSE),"N/A") -> NOT PUBLISHED | BW14: =IFERROR(VLOOKUP($B14,'LOD 300 - COLO1'!$B:BC,54,FALSE),"N/A") -> NOT PUBLISHED | BX14: =IFERROR(VLOOKUP($B14,'LOD 300 - COLO1'!$B:BF,57,FALSE),"N/A") -> NOT PUBLISHED | BY14: =IFERROR(VLOOKUP($B14,'LOD 300 - COLO1'!$B:BI,60,FALSE),"N/A") -> NOT PUBLISHED | BZ14: =IFERROR(VLOOKUP($B14,'LOD 300 - COLO1'!$B:BL,63,FALSE),"N/A") -> NOT PUBLISHED | CA14: =IFERROR(VLOOKUP($B14,'LOD 300 - COLO1'!$B:BO,66,FALSE),"N/A") -> NOT PUBLISHED | CB14: =IFERROR(VLOOKUP($B14,'LOD 300 - COLO1'!$B:BR,69,FALSE),"N/A") -> NOT PUBLISHED | CC14: =IFERROR(VLOOKUP($B14,'LOD 300 - COLO1'!$B:BU,72,FALSE),"N/A") -> NOT PUBLISHED | CD14: =IFERROR(VLOOKUP($B14,'LOD 300 - COLO1'!$B:BX,75,FALSE),"N/A") -> NOT PUBLISHED | CE14: =IFERROR(VLOOKUP($B14,'LOD 300 - COLO1'!$B:CA,78,FALSE),"N/A") -> NOT PUBLISHED | CF14: =IFERROR(VLOOKUP($B14,'LOD 300 - COLO1'!$B:CD,81,FALSE),"N/A") -> NOT PUBLISHED | CG14: =IFERROR(VLOOKUP($B14,'LOD 300 - COLO1'!$B:CG,84,FALSE),"N/A") -> NOT PUBLISHED | CH14: =IFERROR(VLOOKUP($B14,'LOD 300 - COLO1'!$B:CJ,87,FALSE),"N/A") -> NOT PUBLISHED | CI14: =IFERROR(VLOOKUP($B14,'LOD 300 - COLO1'!$B:CM,90,FALSE),"N/A") -> NOT PUBLISHED | CJ14: =IFERROR(VLOOKUP($B14,'LOD 300 - COLO1'!$B:CP,93,FALSE),"N/A") -> NOT PUBLISHED | CK14: =IFERROR(VLOOKUP($B14,'LOD 300 - COLO1'!$B:CS,96,FALSE),"N/A") -> NOT PUBLISHED | CL14: =IFERROR(VLOOKUP($B14,'LOD 300 - COLO1'!$B:CV,99,FALSE),"N/A") -> NOT PUBLISHED | CM14: =IFERROR(VLOOKUP($B14,'LOD 300 - COLO1'!$B:CY,102,FALSE),"N/A") -> NOT PUBLISHED | CN14: =IFERROR(VLOOKUP($B14,'LOD 300 - COLO1'!$B:DB,105,FALSE),"N/A") -> NOT PUBLISHED | CO14: =IFERROR(VLOOKUP($B14,'LOD 300 - COLO1'!$B:EE,108,FALSE),"N/A") -> NOT PUBLISHED | CP14: =IFERROR(VLOOKUP($B14,'LOD 300 - COLO1'!$B:EH,111,FALSE),"N/A") -> NOT PUBLISHED | CQ14: =IFERROR(VLOOKUP($B14,'LOD 300 - COLO1'!$B:EK,114,FALSE),"N/A") -> NOT PUBLISHED | CR14: =IFERROR(VLOOKUP($B14,'LOD 300 - COLO1'!$B:EN,117,FALSE),"N/A") -> NOT PUBLISHED | CS14: =IFERROR(VLOOKUP($B14,'LOD 300 - COLO1'!$B:EQ,120,FALSE),"N/A") -> NOT PUBLISHED | CT14: =IFERROR(VLOOKUP($B14,'LOD 300 - COLO1'!$B:ET,123,FALSE),"N/A") -> NOT PUBLISHED | CU14: =IFERROR(VLOOKUP($B14,'LOD 300 - COLO1'!$B:EW,126,FALSE),"N/A") -> NOT PUBLISHED | CV14: =IFERROR(VLOOKUP($B14,'LOD 300 - COLO1'!$B:EZ,129,FALSE),"N/A") -> NOT PUBLISHED | CX14: =IFERROR(__xludf.DUMMYFUNCTION("IFERROR( MAX(FILTER(BK14:CV14, ISNUMBER(BK14:CV14))), CV14 )"),"NOT PUBLISHED") -> NOT PUBLISHED | CY14: =IFERROR(VLOOKUP($B14,'LOD 300 - COLO2'!$B:S,18,FALSE),"N/A") -> NOT PUBLISHED | CZ14: =IFERROR(VLOOKUP($B14,'LOD 300 - COLO2'!$B:V,21,FALSE),"N/A") -> NOT PUBLISHED | DA14: =IFERROR(VLOOKUP($B14,'LOD 300 - COLO2'!$B:Y,24,FALSE),"N/A") -> NOT PUBLISHED | DB14: =IFERROR(VLOOKUP($B14,'LOD 300 - COLO2'!$B:AB,27,FALSE),"N/A") -> NOT PUBLISHED | DC14: =IFERROR(VLOOKUP($B14,'LOD 300 - COLO2'!$B:AE,30,FALSE),"N/A") -> NOT PUBLISHED | DD14: =IFERROR(VLOOKUP($B14,'LOD 300 - COLO2'!$B:AH,33,FALSE),"N/A") -> NOT PUBLISHED | DE14: =IFERROR(VLOOKUP($B14,'LOD 300 - COLO2'!$B:AK,36,FALSE),"N/A") -> NOT PUBLISHED | DF14: =IFERROR(VLOOKUP($B14,'LOD 300 - COLO2'!$B:AN,39,FALSE),"N/A") -> NOT PUBLISHED | DG14: =IFERROR(VLOOKUP($B14,'LOD 300 - COLO2'!$B:AQ,42,FALSE),"N/A") -> NOT PUBLISHED | DH14: =IFERROR(VLOOKUP($B14,'LOD 300 - COLO2'!$B:AT,45,FALSE),"N/A") -> NOT PUBLISHED | DI14: =IFERROR(VLOOKUP($B14,'LOD 300 - COLO2'!$B:AW,48,FALSE),"N/A") -> NOT PUBLISHED | DJ14: =IFERROR(VLOOKUP($B14,'LOD 300 - COLO2'!$B:AZ,51,FALSE),"N/A") -> NOT PUBLISHED | DK14: =IFERROR(VLOOKUP($B14,'LOD 300 - COLO2'!$B:BC,54,FALSE),"N/A") -> NOT PUBLISHED | DL14: =IFERROR(VLOOKUP($B14,'LOD 300 - COLO2'!$B:BF,57,FALSE),"N/A") -> NOT PUBLISHED | DM14: =IFERROR(VLOOKUP($B14,'LOD 300 - COLO2'!$B:BI,60,FALSE),"N/A") -> NOT PUBLISHED | DN14: =IFERROR(VLOOKUP($B14,'LOD 300 - COLO2'!$B:BL,63,FALSE),"N/A") -> NOT PUBLISHED | DO14: =IFERROR(VLOOKUP($B14,'LOD 300 - COLO2'!$B:BO,66,FALSE),"N/A") -> NOT PUBLISHED | DP14: =IFERROR(VLOOKUP($B14,'LOD 300 - COLO2'!$B:BR,69,FALSE),"N/A") -> NOT PUBLISHED | DQ14: =IFERROR(VLOOKUP($B14,'LOD 300 - COLO2'!$B:BU,72,FALSE),"N/A") -> NOT PUBLISHED | DR14: =IFERROR(VLOOKUP($B14,'LOD 300 - COLO2'!$B:BX,75,FALSE),"N/A") -> NOT PUBLISHED | DS14: =IFERROR(VLOOKUP($B14,'LOD 300 - COLO2'!$B:CA,78,FALSE),"N/A") -> NOT PUBLISHED | DT14: =IFERROR(VLOOKUP($B14,'LOD 300 - COLO2'!$B:CD,81,FALSE),"N/A") -> NOT PUBLISHED | DU14: =IFERROR(VLOOKUP($B14,'LOD 300 - COLO2'!$B:CG,84,FALSE),"N/A") -> NOT PUBLISHED | DV14: =IFERROR(VLOOKUP($B14,'LOD 300 - COLO2'!$B:CJ,87,FALSE),"N/A") -> NOT PUBLISHED | DW14: =IFERROR(VLOOKUP($B14,'LOD 300 - COLO2'!$B:CM,90,FALSE),"N/A") -> NOT PUBLISHED | DX14: =IFERROR(VLOOKUP($B14,'LOD 300 - COLO2'!$B:CP,93,FALSE),"N/A") -> NOT PUBLISHED | DY14: =IFERROR(VLOOKUP($B14,'LOD 300 - COLO2'!$B:CS,96,FALSE),"N/A") -> NOT PUBLISHED | DZ14: =IFERROR(VLOOKUP($B14,'LOD 300 - COLO2'!$B:CV,99,FALSE),"N/A") -> NOT PUBLISHED | EA14: =IFERROR(VLOOKUP($B14,'LOD 300 - COLO2'!$B:DB,105,FALSE),"N/A") -> NOT PUBLISHED | EB14: =IFERROR(VLOOKUP($B14,'LOD 300 - COLO2'!$B:DB,105,FALSE),"N/A") -> NOT PUBLISHED | EC14: =IFERROR(VLOOKUP($B14,'LOD 300 - COLO2'!$B:DE,108,FALSE),"N/A") -> NOT PUBLISHED | ED14: =IFERROR(VLOOKUP($B14,'LOD 300 - COLO2'!$B:DH,111,FALSE),"N/A") -> NOT PUBLISHED | EE14: =IFERROR(VLOOKUP($B14,'LOD 300 - COLO2'!$B:DK,114,FALSE),"N/A") -> NOT PUBLISHED | EF14: =IFERROR(VLOOKUP($B14,'LOD 300 - COLO2'!$B:DN,117,FALSE),"N/A") -> NOT PUBLISHED | EH14: =IFERROR(__xludf.DUMMYFUNCTION("IFERROR( MAX(FILTER(CZ14:EF14, ISNUMBER(CZ14:EF14))), EF14 )"),"NOT PUBLISHED") -> NOT PUBLISHED | EI14: =IFERROR(VLOOKUP($B14,'LOD 300 - COLO3'!$B:R,17,FALSE),"N/A") -> NOT PUBLISHED | EJ14: =IFERROR(VLOOKUP($B14,'LOD 300 - COLO3'!$B:U,20,FALSE),"N/A") -> NOT PUBLISHED | EK14: =IFERROR(VLOOKUP($B14,'LOD 300 - COLO3'!$B:X,23,FALSE),"N/A") -> NOT PUBLISHED | EL14: =IFERROR(VLOOKUP($B14,'LOD 300 - COLO3'!$B:AA,26,FALSE),"N/A") -> NOT PUBLISHED | EM14: =IFERROR(VLOOKUP($B14,'LOD 300 - COLO3'!$B:AD,29,FALSE),"N/A") -> NOT PUBLISHED | EN14: =IFERROR(VLOOKUP($B14,'LOD 300 - COLO3'!$B:AG,32,FALSE),"N/A") -> NOT PUBLISHED | EO14: =IFERROR(VLOOKUP($B14,'LOD 300 - COLO3'!$B:AJ,35,FALSE),"N/A") -> NOT PUBLISHED | EP14: =IFERROR(VLOOKUP($B14,'LOD 300 - COLO3'!$B:AM,38,FALSE),"N/A") -> NOT PUBLISHED | EQ14: =IFERROR(VLOOKUP($B14,'LOD 300 - COLO3'!$B:AP,41,FALSE),"N/A") -> NOT PUBLISHED | ER14: =IFERROR(VLOOKUP($B14,'LOD 300 - COLO3'!$B:AS,44,FALSE),"N/A") -> NOT PUBLISHED | ES14: =IFERROR(VLOOKUP($B14,'LOD 300 - COLO3'!$B:AV,47,FALSE),"N/A") -> NOT PUBLISHED | ET14: =IFERROR(VLOOKUP($B14,'LOD 300 - COLO3'!$B:AY,50,FALSE),"N/A") -> NOT PUBLISHED | EU14: =IFERROR(VLOOKUP($B14,'LOD 300 - COLO3'!$B:BB,53,FALSE),"N/A") -> NOT PUBLISHED | EV14: =IFERROR(VLOOKUP($B14,'LOD 300 - COLO3'!$B:BE,56,FALSE),"N/A") -> NOT PUBLISHED | EW14: =IFERROR(VLOOKUP($B14,'LOD 300 - COLO3'!$B:BL,59,FALSE),"N/A") -> NOT PUBLISHED | EY14: =IFERROR(__xludf.DUMMYFUNCTION("IFERROR( MAX(FILTER(EI14:EW14, ISNUMBER(EI14:EW14))), EW14 )"),"NOT PUBLISHED") -> NOT PUBLISHED | EZ14: =IFERROR(VLOOKUP($B14,'LOD 300 - COLO4'!$B:BT,17,FALSE),"N/A") -> NOT PUBLISHED | FA14: =IFERROR(__xludf.DUMMYFUNCTION("IFERROR( MAX(FILTER(EZ14, ISNUMBER(EZ14))), EZ14 )"),"NOT PUBLISHED") -> NOT PUBLISHED | FB14: =IFERROR(VLOOKUP($B14,'LOD 300 - SITE'!$B:S,18,FALSE),"N/A") -> N/A | FC14: =IFERROR(VLOOKUP($B14,'LOD 300 - SITE'!$B:V,21,FALSE),"N/A") -> N/A | FD14: =IFERROR(VLOOKUP($B14,'LOD 300 - SITE'!$B:Y,24,FALSE),"N/A") -> N/A | FE14: =IFERROR(VLOOKUP($B14,'LOD 300 - SITE'!$B:AB,27,FALSE),"N/A") -> N/A | FF14: =IFERROR(VLOOKUP($B14,'LOD 300 - SITE'!$B:AE,30,FALSE),"N/A") -> N/A | FG14: =IFERROR(VLOOKUP($B14,'LOD 300 - SITE'!$B:AH,33,FALSE),"N/A") -> N/A | FH14: =IFERROR(VLOOKUP($B14,'LOD 300 - SITE'!$B:AK,36,FALSE),"N/A") -> N/A | FI14: =IFERROR(VLOOKUP($B14,'LOD 300 - SITE'!$B:AN,39,FALSE),"N/A") -> N/A | FJ14: =IFERROR(VLOOKUP($B14,'LOD 300 - SITE'!$B:AQ,42,FALSE),"N/A") -> N/A | FK14: =IFERROR(VLOOKUP($B14,'LOD 300 - SITE'!$B:AT,45,FALSE),"N/A") -> N/A | FL14: =IFERROR(VLOOKUP($B14,'LOD 300 - SITE'!$B:AW,48,FALSE),"N/A") -> N/A | FM14: =IFERROR(VLOOKUP($B14,'LOD 300 - SITE'!$B:AZ,51,FALSE),"N/A") -> N/A | FN14: =IFERROR(VLOOKUP($B14,'LOD 300 - SITE'!$B:BC,54,FALSE),"N/A") -> N/A | FO14: =IFERROR(VLOOKUP($B14,'LOD 300 - SITE'!$B:BF,57,FALSE),"N/A") -> N/A | FP14: =IFERROR(VLOOKUP($B14,'LOD 300 - SITE'!$B:BI,60,FALSE),"N/A") -> N/A | FQ14: =IFERROR(VLOOKUP($B14,'LOD 300 - SITE'!$B:BL,63,FALSE),"N/A") -> N/A | FR14: =IFERROR(VLOOKUP($B14,'LOD 300 - SITE'!$B:BO,66,FALSE),"N/A") -> N/A | FS14: =IFERROR(VLOOKUP($B14,'LOD 300 - SITE'!$B:BR,69,FALSE),"N/A") -> N/A | FT14: =IFERROR(VLOOKUP($B14,'LOD 300 - SITE'!$B:BU,72,FALSE),"N/A") -> N/A | FU14: =IFERROR(VLOOKUP($B14,'LOD 300 - SITE'!$B:BX,75,FALSE),"N/A") -> N/A | FV14: =IFERROR(VLOOKUP($B14,'LOD 300 - SITE'!$B:CA,78,FALSE),"N/A") -> N/A | FW14: =IFERROR(VLOOKUP($B14,'LOD 300 - SITE'!$B:CD,81,FALSE),"N/A") -> N/A | FX14: =IFERROR(VLOOKUP($B14,'LOD 300 - SITE'!$B:CG,84,FALSE),"N/A") -> N/A | FY14: =IFERROR(VLOOKUP($B14,'LOD 300 - SITE'!$B:CJ,87,FALSE),"N/A") -> N/A | FZ14: =IFERROR(VLOOKUP($B14,'LOD 300 - SITE'!$B:CM,90,FALSE),"N/A") -> N/A | GA14: =IFERROR(VLOOKUP($B14,'LOD 300 - SITE'!$B:CP,93,FALSE),"N/A") -> N/A | GB14: =IFERROR(VLOOKUP($B14,'LOD 300 - SITE'!$B:CS,96,FALSE),"N/A") -> N/A | GC14: =IFERROR(VLOOKUP($B14,'LOD 300 - SITE'!$B:CV,99,FALSE),"N/A") -> N/A | GD14: =IFERROR(VLOOKUP($B14,'LOD 300 - SITE'!$B:CY,102,FALSE),"N/A") -> N/A | GE14: =IFERROR(VLOOKUP($B14,'LOD 300 - SITE'!$B:DB,105,FALSE),"N/A") -> N/A | GF14: =IFERROR(VLOOKUP($B14,'LOD 300 - SITE'!$B:DE,108,FALSE),"N/A") -> N/A | GG14: =IFERROR(VLOOKUP($B14,'LOD 300 - SITE'!$B:DH,111,FALSE),"N/A") -> N/A | GH14: =IFERROR(VLOOKUP($B14,'LOD 300 - SITE'!$B:DK,114,FALSE),"N/A") -> N/A | GI14: =IFERROR(VLOOKUP($B14,'LOD 300 - SITE'!$B:DN,117,FALSE),"N/A") -> N/A | GJ14: =IFERROR(VLOOKUP($B14,'LOD 300 - SITE'!$B:DQ,120,FALSE),"N/A") -> N/A | GK14: =IFERROR(VLOOKUP($B14,'LOD 300 - SITE'!$B:DT,123,FALSE),"N/A") -> N/A | GM14: =IFERROR(__xludf.DUMMYFUNCTION("IFERROR( MAX(FILTER(FB14:GK14, ISNUMBER(FB14:GK14))), GK14 )"),"N/A") -> N/A
A15: 18 | B15: CPQ11-ARCH-WTRP-DATA-R24.rvt | C15: CPQ11-ARCH-WTRP-DATA-R22.rvt | D15: DATA | E15: ITS | F15: 1107 | G15: RBV | H15: 0 | I15: =IFERROR(VLOOKUP(C12:C154,'R22 RELATÓRIO ACC'!B:F,5,FALSE),"NOT PUBLISHED") -> NOT PUBLISHED | J15: =IFERROR(VLOOKUP(C12:C154,'R22 RELATÓRIO ACC'!B:P,15,FALSE),"NOT PUBLISHED") -> NOT PUBLISHED | K15: =IFERROR(VLOOKUP(B13:B204,'RELATÓRIO ACC'!B:F,5,FALSE),"NOT PUBLISHED") -> NOT PUBLISHED | L15: =IFERROR(VLOOKUP(B13:B204,'RELATÓRIO ACC'!B:P,15,FALSE),"NOT PUBLISHED") -> NOT PUBLISHED | M15: =IF(OR($D15="UTLS",$D15="GUAR",$D15="STIR",$D15="PUMP",$D15="SITE"), VLOOKUP($B15,'LOD 300 - SITE'!B:M,12,FALSE), VLOOKUP($B15,'LOD 300 - ADMN'!B:M,12,FALSE) ) -> NOT PUBLISHED | N15: =IF(OR($D15="UTLS",$D15="GUAR",$D15="STIR",$D15="PUMP",$D15="SITE"), VLOOKUP($B15,'LOD 300 - SITE'!B:N,13,FALSE), VLOOKUP($B15,'LOD 300 - ADMN'!B:N,13,FALSE) ) -> NOT PUBLISHED | O15: =IF(OR($D15="UTLS",$D15="GUAR",$D15="STIR",$D15="PUMP",$D15="SITE"), VLOOKUP($B15,'LOD 300 - SITE'!B:O,14,FALSE), VLOOKUP($B15,'LOD 300 - ADMN'!B:O,14,FALSE) ) -> NOT PUBLISHED | P15: =IF(OR($D15="C345",$D15="C12A",$D15="DATA"), VLOOKUP($B15,'LOD 300 - COLO3'!B:M,12,FALSE),"N/A") -> NOT PUBLISHED | Q15: =IF(OR($D15="C345",$D15="C12A",$D15="DATA"), VLOOKUP($B15,'LOD 300 - COLO3'!B:N,13,FALSE),"N/A") -> NOT PUBLISHED | R15: =IF(OR($D15="C345",$D15="C12A",$D15="DATA"), VLOOKUP($B15,'LOD 300 - COLO3'!B:O,14,FALSE),"N/A") -> NOT PUBLISHED | S15: =IF(OR($D15="C345",$D15="C12A",$D15="DATA"), VLOOKUP($B15,'LOD 300 - COLO4'!B:M,12,FALSE),"N/A") -> N/A | T15: =IF(OR($D15="C345",$D15="C12A",$D15="DATA"), VLOOKUP($B15,'LOD 300 - COLO4'!B:T,13,FALSE),"N/A") -> N/A | U15: =IF(OR($D15="C345",$D15="C12A",$D15="DATA"), VLOOKUP($B15,'LOD 300 - COLO4'!B:U,17,FALSE),"N/A") -> NOT PUBLISHED | W15: =IFERROR(VLOOKUP($B15,'LOD 300 - ADMN'!$B:S,18,FALSE),"N/A") -> NOT PUBLISHED | X15: =IFERROR(VLOOKUP($B15,'LOD 300 - ADMN'!$B:V,21,FALSE),"N/A") -> NOT PUBLISHED | Y15: =IFERROR(VLOOKUP($B15,'LOD 300 - ADMN'!$B:Y,24,FALSE),"N/A") -> NOT PUBLISHED | Z15: =IFERROR(VLOOKUP($B15,'LOD 300 - ADMN'!$B:AB,27,FALSE),"N/A") -> NOT PUBLISHED | AA15: =IFERROR(VLOOKUP($B15,'LOD 300 - ADMN'!$B:AE,30,FALSE),"N/A") -> NOT PUBLISHED | AB15: =IFERROR(VLOOKUP($B15,'LOD 300 - ADMN'!$B:AH,33,FALSE),"N/A") -> NOT PUBLISHED | AC15: =IFERROR(VLOOKUP($B15,'LOD 300 - ADMN'!$B:AK,36,FALSE),"N/A") -> NOT PUBLISHED | AD15: =IFERROR(VLOOKUP($B15,'LOD 300 - ADMN'!$B:AN,39,FALSE),"N/A") -> NOT PUBLISHED | AE15: =IFERROR(VLOOKUP($B15,'LOD 300 - ADMN'!$B:AQ,42,FALSE),"N/A") -> NOT PUBLISHED | AF15: =IFERROR(VLOOKUP($B15,'LOD 300 - ADMN'!$B:AT,45,FALSE),"N/A") -> NOT PUBLISHED | AG15: =IFERROR(VLOOKUP($B15,'LOD 300 - ADMN'!$B:AW,48,FALSE),"N/A") -> NOT PUBLISHED | AH15: =IFERROR(VLOOKUP($B15,'LOD 300 - ADMN'!$B:AZ,51,FALSE),"N/A") -> NOT PUBLISHED | AI15: =IFERROR(VLOOKUP($B15,'LOD 300 - ADMN'!$B:BC,54,FALSE),"N/A") -> NOT PUBLISHED | AJ15: =IFERROR(VLOOKUP($B15,'LOD 300 - ADMN'!$B:BF,57,FALSE),"N/A") -> NOT PUBLISHED | AK15: =IFERROR(VLOOKUP($B15,'LOD 300 - ADMN'!$B:EP,60,FALSE),"N/A") -> NOT PUBLISHED | AL15: =IFERROR(VLOOKUP($B15,'LOD 300 - ADMN'!$B:EQ,63,FALSE),"N/A") -> NOT PUBLISHED | AM15: =IFERROR(VLOOKUP($B15,'LOD 300 - ADMN'!$B:BO,66,FALSE),"N/A") -> NOT PUBLISHED | AN15: =IFERROR(VLOOKUP($B15,'LOD 300 - ADMN'!$B:BR,69,FALSE),"N/A") -> NOT PUBLISHED | AO15: =IFERROR(VLOOKUP($B15,'LOD 300 - ADMN'!$B:BU,72,FALSE),"N/A") -> NOT PUBLISHED | AP15: =IFERROR(VLOOKUP($B15,'LOD 300 - ADMN'!$B:BX,75,FALSE),"N/A") -> NOT PUBLISHED | AQ15: =IFERROR(VLOOKUP($B15,'LOD 300 - ADMN'!$B:CA,78,FALSE),"N/A") -> NOT PUBLISHED | AR15: =IFERROR(VLOOKUP($B15,'LOD 300 - ADMN'!$B:CD,81,FALSE),"N/A") -> NOT PUBLISHED | AS15: =IFERROR(VLOOKUP($B15,'LOD 300 - ADMN'!$B:CG,84,FALSE),"N/A") -> NOT PUBLISHED | AT15: =IFERROR(VLOOKUP($B15,'LOD 300 - ADMN'!$B:CJ,87,FALSE),"N/A") -> NOT PUBLISHED | AU15: =IFERROR(VLOOKUP($B15,'LOD 300 - ADMN'!$B:CM,90,FALSE),"N/A") -> NOT PUBLISHED | AV15: =IFERROR(VLOOKUP($B15,'LOD 300 - ADMN'!$B:CP,93,FALSE),"N/A") -> NOT PUBLISHED | AW15: =IFERROR(VLOOKUP($B15,'LOD 300 - ADMN'!$B:CS,96,FALSE),"N/A") -> NOT PUBLISHED | AX15: =IFERROR(VLOOKUP($B15,'LOD 300 - ADMN'!$B:CV,99,FALSE),"N/A") -> NOT PUBLISHED | AY15: =IFERROR(VLOOKUP($B15,'LOD 300 - ADMN'!$B:CY,102,FALSE),"N/A") -> NOT PUBLISHED | AZ15: =IFERROR(VLOOKUP($B15,'LOD 300 - ADMN'!$B:DB,105,FALSE),"N/A") -> NOT PUBLISHED | BA15: =IFERROR(VLOOKUP($B15,'LOD 300 - ADMN'!$B:DE,108,FALSE),"N/A") -> NOT PUBLISHED | BB15: =IFERROR(VLOOKUP($B15,'LOD 300 - ADMN'!$B:DH,111,FALSE),"N/A") -> NOT PUBLISHED | BC15: =IFERROR(VLOOKUP($B15,'LOD 300 - ADMN'!$B:DK,114,FALSE),"N/A") -> NOT PUBLISHED | BD15: =IFERROR(VLOOKUP($B15,'LOD 300 - ADMN'!$B:DN,117,FALSE),"N/A") -> NOT PUBLISHED | BE15: =IFERROR(VLOOKUP($B15,'LOD 300 - ADMN'!$B:DQ,120,FALSE),"N/A") -> NOT PUBLISHED | BF15: =IFERROR(VLOOKUP($B15,'LOD 300 - ADMN'!$B:DT,123,FALSE),"N/A") -> NOT PUBLISHED | BG15: =IFERROR(VLOOKUP($B15,'LOD 300 - ADMN'!$B:DW,126,FALSE),"N/A") -> NOT PUBLISHED | BH15: =IFERROR(VLOOKUP($B15,'LOD 300 - ADMN'!$B:DZ,129,FALSE),"N/A") -> NOT PUBLISHED | BJ15: =IFERROR(__xludf.DUMMYFUNCTION("IFERROR( MAX(FILTER(X15:BH15, ISNUMBER(X15:BH15))), BH15 )"),"NOT PUBLISHED") -> NOT PUBLISHED | BK15: =IFERROR(VLOOKUP($B15,'LOD 300 - COLO1'!$B:S,18,FALSE),"N/A") -> NOT PUBLISHED | BL15: =IFERROR(VLOOKUP($B15,'LOD 300 - COLO1'!$B:V,21,FALSE),"N/A") -> NOT PUBLISHED | BM15: =IFERROR(VLOOKUP($B15,'LOD 300 - COLO1'!$B:Y,24,FALSE),"N/A") -> NOT PUBLISHED | BN15: =IFERROR(VLOOKUP($B15,'LOD 300 - COLO1'!$B:AB,27,FALSE),"N/A") -> NOT PUBLISHED | BO15: =IFERROR(VLOOKUP($B15,'LOD 300 - COLO1'!$B:AE,30,FALSE),"N/A") -> NOT PUBLISHED | BP15: =IFERROR(VLOOKUP($B15,'LOD 300 - COLO1'!$B:AH,33,FALSE),"N/A") -> NOT PUBLISHED | BQ15: =IFERROR(VLOOKUP($B15,'LOD 300 - COLO1'!$B:AK,36,FALSE),"N/A") -> NOT PUBLISHED | BR15: =IFERROR(VLOOKUP($B15,'LOD 300 - COLO1'!$B:AN,39,FALSE),"N/A") -> NOT PUBLISHED | BS15: =IFERROR(VLOOKUP($B15,'LOD 300 - COLO1'!$B:AQ,42,FALSE),"N/A") -> NOT PUBLISHED | BT15: =IFERROR(VLOOKUP($B15,'LOD 300 - COLO1'!$B:AT,45,FALSE),"N/A") -> NOT PUBLISHED | BU15: =IFERROR(VLOOKUP($B15,'LOD 300 - COLO1'!$B:AW,48,FALSE),"N/A") -> NOT PUBLISHED | BV15: =IFERROR(VLOOKUP($B15,'LOD 300 - COLO1'!$B:AZ,51,FALSE),"N/A") -> NOT PUBLISHED | BW15: =IFERROR(VLOOKUP($B15,'LOD 300 - COLO1'!$B:BC,54,FALSE),"N/A") -> NOT PUBLISHED | BX15: =IFERROR(VLOOKUP($B15,'LOD 300 - COLO1'!$B:BF,57,FALSE),"N/A") -> NOT PUBLISHED | BY15: =IFERROR(VLOOKUP($B15,'LOD 300 - COLO1'!$B:BI,60,FALSE),"N/A") -> NOT PUBLISHED | BZ15: =IFERROR(VLOOKUP($B15,'LOD 300 - COLO1'!$B:BL,63,FALSE),"N/A") -> NOT PUBLISHED | CA15: =IFERROR(VLOOKUP($B15,'LOD 300 - COLO1'!$B:BO,66,FALSE),"N/A") -> NOT PUBLISHED | CB15: =IFERROR(VLOOKUP($B15,'LOD 300 - COLO1'!$B:BR,69,FALSE),"N/A") -> NOT PUBLISHED | CC15: =IFERROR(VLOOKUP($B15,'LOD 300 - COLO1'!$B:BU,72,FALSE),"N/A") -> NOT PUBLISHED | CD15: =IFERROR(VLOOKUP($B15,'LOD 300 - COLO1'!$B:BX,75,FALSE),"N/A") -> NOT PUBLISHED | CE15: =IFERROR(VLOOKUP($B15,'LOD 300 - COLO1'!$B:CA,78,FALSE),"N/A") -> NOT PUBLISHED | CF15: =IFERROR(VLOOKUP($B15,'LOD 300 - COLO1'!$B:CD,81,FALSE),"N/A") -> NOT PUBLISHED | CG15: =IFERROR(VLOOKUP($B15,'LOD 300 - COLO1'!$B:CG,84,FALSE),"N/A") -> NOT PUBLISHED | CH15: =IFERROR(VLOOKUP($B15,'LOD 300 - COLO1'!$B:CJ,87,FALSE),"N/A") -> NOT PUBLISHED | CI15: =IFERROR(VLOOKUP($B15,'LOD 300 - COLO1'!$B:CM,90,FALSE),"N/A") -> NOT PUBLISHED | CJ15: =IFERROR(VLOOKUP($B15,'LOD 300 - COLO1'!$B:CP,93,FALSE),"N/A") -> NOT PUBLISHED | CK15: =IFERROR(VLOOKUP($B15,'LOD 300 - COLO1'!$B:CS,96,FALSE),"N/A") -> NOT PUBLISHED | CL15: =IFERROR(VLOOKUP($B15,'LOD 300 - COLO1'!$B:CV,99,FALSE),"N/A") -> NOT PUBLISHED | CM15: =IFERROR(VLOOKUP($B15,'LOD 300 - COLO1'!$B:CY,102,FALSE),"N/A") -> NOT PUBLISHED | CN15: =IFERROR(VLOOKUP($B15,'LOD 300 - COLO1'!$B:DB,105,FALSE),"N/A") -> NOT PUBLISHED | CO15: =IFERROR(VLOOKUP($B15,'LOD 300 - COLO1'!$B:EE,108,FALSE),"N/A") -> NOT PUBLISHED | CP15: =IFERROR(VLOOKUP($B15,'LOD 300 - COLO1'!$B:EH,111,FALSE),"N/A") -> NOT PUBLISHED | CQ15: =IFERROR(VLOOKUP($B15,'LOD 300 - COLO1'!$B:EK,114,FALSE),"N/A") -> NOT PUBLISHED | CR15: =IFERROR(VLOOKUP($B15,'LOD 300 - COLO1'!$B:EN,117,FALSE),"N/A") -> NOT PUBLISHED | CS15: =IFERROR(VLOOKUP($B15,'LOD 300 - COLO1'!$B:EQ,120,FALSE),"N/A") -> NOT PUBLISHED | CT15: =IFERROR(VLOOKUP($B15,'LOD 300 - COLO1'!$B:ET,123,FALSE),"N/A") -> NOT PUBLISHED | CU15: =IFERROR(VLOOKUP($B15,'LOD 300 - COLO1'!$B:EW,126,FALSE),"N/A") -> NOT PUBLISHED | CV15: =IFERROR(VLOOKUP($B15,'LOD 300 - COLO1'!$B:EZ,129,FALSE),"N/A") -> NOT PUBLISHED | CX15: =IFERROR(__xludf.DUMMYFUNCTION("IFERROR( MAX(FILTER(BK15:CV15, ISNUMBER(BK15:CV15))), CV15 )"),"NOT PUBLISHED") -> NOT PUBLISHED | CY15: =IFERROR(VLOOKUP($B15,'LOD 300 - COLO2'!$B:S,18,FALSE),"N/A") -> NOT PUBLISHED | CZ15: =IFERROR(VLOOKUP($B15,'LOD 300 - COLO2'!$B:V,21,FALSE),"N/A") -> NOT PUBLISHED | DA15: =IFERROR(VLOOKUP($B15,'LOD 300 - COLO2'!$B:Y,24,FALSE),"N/A") -> NOT PUBLISHED | DB15: =IFERROR(VLOOKUP($B15,'LOD 300 - COLO2'!$B:AB,27,FALSE),"N/A") -> NOT PUBLISHED | DC15: =IFERROR(VLOOKUP($B15,'LOD 300 - COLO2'!$B:AE,30,FALSE),"N/A") -> NOT PUBLISHED | DD15: =IFERROR(VLOOKUP($B15,'LOD 300 - COLO2'!$B:AH,33,FALSE),"N/A") -> NOT PUBLISHED | DE15: =IFERROR(VLOOKUP($B15,'LOD 300 - COLO2'!$B:AK,36,FALSE),"N/A") -> NOT PUBLISHED | DF15: =IFERROR(VLOOKUP($B15,'LOD 300 - COLO2'!$B:AN,39,FALSE),"N/A") -> NOT PUBLISHED | DG15: =IFERROR(VLOOKUP($B15,'LOD 300 - COLO2'!$B:AQ,42,FALSE),"N/A") -> NOT PUBLISHED | DH15: =IFERROR(VLOOKUP($B15,'LOD 300 - COLO2'!$B:AT,45,FALSE),"N/A") -> NOT PUBLISHED | DI15: =IFERROR(VLOOKUP($B15,'LOD 300 - COLO2'!$B:AW,48,FALSE),"N/A") -> NOT PUBLISHED | DJ15: =IFERROR(VLOOKUP($B15,'LOD 300 - COLO2'!$B:AZ,51,FALSE),"N/A") -> NOT PUBLISHED | DK15: =IFERROR(VLOOKUP($B15,'LOD 300 - COLO2'!$B:BC,54,FALSE),"N/A") -> NOT PUBLISHED | DL15: =IFERROR(VLOOKUP($B15,'LOD 300 - COLO2'!$B:BF,57,FALSE),"N/A") -> NOT PUBLISHED | DM15: =IFERROR(VLOOKUP($B15,'LOD 300 - COLO2'!$B:BI,60,FALSE),"N/A") -> NOT PUBLISHED | DN15: =IFERROR(VLOOKUP($B15,'LOD 300 - COLO2'!$B:BL,63,FALSE),"N/A") -> NOT PUBLISHED | DO15: =IFERROR(VLOOKUP($B15,'LOD 300 - COLO2'!$B:BO,66,FALSE),"N/A") -> NOT PUBLISHED | DP15: =IFERROR(VLOOKUP($B15,'LOD 300 - COLO2'!$B:BR,69,FALSE),"N/A") -> NOT PUBLISHED | DQ15: =IFERROR(VLOOKUP($B15,'LOD 300 - COLO2'!$B:BU,72,FALSE),"N/A") -> NOT PUBLISHED | DR15: =IFERROR(VLOOKUP($B15,'LOD 300 - COLO2'!$B:BX,75,FALSE),"N/A") -> NOT PUBLISHED | DS15: =IFERROR(VLOOKUP($B15,'LOD 300 - COLO2'!$B:CA,78,FALSE),"N/A") -> NOT PUBLISHED | DT15: =IFERROR(VLOOKUP($B15,'LOD 300 - COLO2'!$B:CD,81,FALSE),"N/A") -> NOT PUBLISHED | DU15: =IFERROR(VLOOKUP($B15,'LOD 300 - COLO2'!$B:CG,84,FALSE),"N/A") -> NOT PUBLISHED | DV15: =IFERROR(VLOOKUP($B15,'LOD 300 - COLO2'!$B:CJ,87,FALSE),"N/A") -> NOT PUBLISHED | DW15: =IFERROR(VLOOKUP($B15,'LOD 300 - COLO2'!$B:CM,90,FALSE),"N/A") -> NOT PUBLISHED | DX15: =IFERROR(VLOOKUP($B15,'LOD 300 - COLO2'!$B:CP,93,FALSE),"N/A") -> NOT PUBLISHED | DY15: =IFERROR(VLOOKUP($B15,'LOD 300 - COLO2'!$B:CS,96,FALSE),"N/A") -> NOT PUBLISHED | DZ15: =IFERROR(VLOOKUP($B15,'LOD 300 - COLO2'!$B:CV,99,FALSE),"N/A") -> NOT PUBLISHED | EA15: =IFERROR(VLOOKUP($B15,'LOD 300 - COLO2'!$B:DB,105,FALSE),"N/A") -> NOT PUBLISHED | EB15: =IFERROR(VLOOKUP($B15,'LOD 300 - COLO2'!$B:DB,105,FALSE),"N/A") -> NOT PUBLISHED | EC15: =IFERROR(VLOOKUP($B15,'LOD 300 - COLO2'!$B:DE,108,FALSE),"N/A") -> NOT PUBLISHED | ED15: =IFERROR(VLOOKUP($B15,'LOD 300 - COLO2'!$B:DH,111,FALSE),"N/A") -> NOT PUBLISHED | EE15: =IFERROR(VLOOKUP($B15,'LOD 300 - COLO2'!$B:DK,114,FALSE),"N/A") -> NOT PUBLISHED | EF15: =IFERROR(VLOOKUP($B15,'LOD 300 - COLO2'!$B:DN,117,FALSE),"N/A") -> NOT PUBLISHED | EH15: =IFERROR(__xludf.DUMMYFUNCTION("IFERROR( MAX(FILTER(CZ15:EF15, ISNUMBER(CZ15:EF15))), EF15 )"),"NOT PUBLISHED") -> NOT PUBLISHED | EI15: =IFERROR(VLOOKUP($B15,'LOD 300 - COLO3'!$B:R,17,FALSE),"N/A") -> NOT PUBLISHED | EJ15: =IFERROR(VLOOKUP($B15,'LOD 300 - COLO3'!$B:U,20,FALSE),"N/A") -> NOT PUBLISHED | EK15: =IFERROR(VLOOKUP($B15,'LOD 300 - COLO3'!$B:X,23,FALSE),"N/A") -> NOT PUBLISHED | EL15: =IFERROR(VLOOKUP($B15,'LOD 300 - COLO3'!$B:AA,26,FALSE),"N/A") -> NOT PUBLISHED | EM15: =IFERROR(VLOOKUP($B15,'LOD 300 - COLO3'!$B:AD,29,FALSE),"N/A") -> NOT PUBLISHED | EN15: =IFERROR(VLOOKUP($B15,'LOD 300 - COLO3'!$B:AG,32,FALSE),"N/A") -> NOT PUBLISHED | EO15: =IFERROR(VLOOKUP($B15,'LOD 300 - COLO3'!$B:AJ,35,FALSE),"N/A") -> NOT PUBLISHED | EP15: =IFERROR(VLOOKUP($B15,'LOD 300 - COLO3'!$B:AM,38,FALSE),"N/A") -> NOT PUBLISHED | EQ15: =IFERROR(VLOOKUP($B15,'LOD 300 - COLO3'!$B:AP,41,FALSE),"N/A") -> NOT PUBLISHED | ER15: =IFERROR(VLOOKUP($B15,'LOD 300 - COLO3'!$B:AS,44,FALSE),"N/A") -> NOT PUBLISHED | ES15: =IFERROR(VLOOKUP($B15,'LOD 300 - COLO3'!$B:AV,47,FALSE),"N/A") -> NOT PUBLISHED | ET15: =IFERROR(VLOOKUP($B15,'LOD 300 - COLO3'!$B:AY,50,FALSE),"N/A") -> NOT PUBLISHED | EU15: =IFERROR(VLOOKUP($B15,'LOD 300 - COLO3'!$B:BB,53,FALSE),"N/A") -> NOT PUBLISHED | EV15: =IFERROR(VLOOKUP($B15,'LOD 300 - COLO3'!$B:BE,56,FALSE),"N/A") -> NOT PUBLISHED | EW15: =IFERROR(VLOOKUP($B15,'LOD 300 - COLO3'!$B:BL,59,FALSE),"N/A") -> NOT PUBLISHED | EY15: =IFERROR(__xludf.DUMMYFUNCTION("IFERROR( MAX(FILTER(EI15:EW15, ISNUMBER(EI15:EW15))), EW15 )"),"NOT PUBLISHED") -> NOT PUBLISHED | EZ15: =IFERROR(VLOOKUP($B15,'LOD 300 - COLO4'!$B:BT,17,FALSE),"N/A") -> NOT PUBLISHED | FA15: =IFERROR(__xludf.DUMMYFUNCTION("IFERROR( MAX(FILTER(EZ15, ISNUMBER(EZ15))), EZ15 )"),"NOT PUBLISHED") -> NOT PUBLISHED | FB15: =IFERROR(VLOOKUP($B15,'LOD 300 - SITE'!$B:S,18,FALSE),"N/A") -> N/A | FC15: =IFERROR(VLOOKUP($B15,'LOD 300 - SITE'!$B:V,21,FALSE),"N/A") -> N/A | FD15: =IFERROR(VLOOKUP($B15,'LOD 300 - SITE'!$B:Y,24,FALSE),"N/A") -> N/A | FE15: =IFERROR(VLOOKUP($B15,'LOD 300 - SITE'!$B:AB,27,FALSE),"N/A") -> N/A | FF15: =IFERROR(VLOOKUP($B15,'LOD 300 - SITE'!$B:AE,30,FALSE),"N/A") -> N/A | FG15: =IFERROR(VLOOKUP($B15,'LOD 300 - SITE'!$B:AH,33,FALSE),"N/A") -> N/A | FH15: =IFERROR(VLOOKUP($B15,'LOD 300 - SITE'!$B:AK,36,FALSE),"N/A") -> N/A | FI15: =IFERROR(VLOOKUP($B15,'LOD 300 - SITE'!$B:AN,39,FALSE),"N/A") -> N/A | FJ15: =IFERROR(VLOOKUP($B15,'LOD 300 - SITE'!$B:AQ,42,FALSE),"N/A") -> N/A | FK15: =IFERROR(VLOOKUP($B15,'LOD 300 - SITE'!$B:AT,45,FALSE),"N/A") -> N/A | FL15: =IFERROR(VLOOKUP($B15,'LOD 300 - SITE'!$B:AW,48,FALSE),"N/A") -> N/A | FM15: =IFERROR(VLOOKUP($B15,'LOD 300 - SITE'!$B:AZ,51,FALSE),"N/A") -> N/A | FN15: =IFERROR(VLOOKUP($B15,'LOD 300 - SITE'!$B:BC,54,FALSE),"N/A") -> N/A | FO15: =IFERROR(VLOOKUP($B15,'LOD 300 - SITE'!$B:BF,57,FALSE),"N/A") -> N/A | FP15: =IFERROR(VLOOKUP($B15,'LOD 300 - SITE'!$B:BI,60,FALSE),"N/A") -> N/A | FQ15: =IFERROR(VLOOKUP($B15,'LOD 300 - SITE'!$B:BL,63,FALSE),"N/A") -> N/A | FR15: =IFERROR(VLOOKUP($B15,'LOD 300 - SITE'!$B:BO,66,FALSE),"N/A") -> N/A | FS15: =IFERROR(VLOOKUP($B15,'LOD 300 - SITE'!$B:BR,69,FALSE),"N/A") -> N/A | FT15: =IFERROR(VLOOKUP($B15,'LOD 300 - SITE'!$B:BU,72,FALSE),"N/A") -> N/A | FU15: =IFERROR(VLOOKUP($B15,'LOD 300 - SITE'!$B:BX,75,FALSE),"N/A") -> N/A | FV15: =IFERROR(VLOOKUP($B15,'LOD 300 - SITE'!$B:CA,78,FALSE),"N/A") -> N/A | FW15: =IFERROR(VLOOKUP($B15,'LOD 300 - SITE'!$B:CD,81,FALSE),"N/A") -> N/A | FX15: =IFERROR(VLOOKUP($B15,'LOD 300 - SITE'!$B:CG,84,FALSE),"N/A") -> N/A | FY15: =IFERROR(VLOOKUP($B15,'LOD 300 - SITE'!$B:CJ,87,FALSE),"N/A") -> N/A | FZ15: =IFERROR(VLOOKUP($B15,'LOD 300 - SITE'!$B:CM,90,FALSE),"N/A") -> N/A | GA15: =IFERROR(VLOOKUP($B15,'LOD 300 - SITE'!$B:CP,93,FALSE),"N/A") -> N/A | GB15: =IFERROR(VLOOKUP($B15,'LOD 300 - SITE'!$B:CS,96,FALSE),"N/A") -> N/A | GC15: =IFERROR(VLOOKUP($B15,'LOD 300 - SITE'!$B:CV,99,FALSE),"N/A") -> N/A | GD15: =IFERROR(VLOOKUP($B15,'LOD 300 - SITE'!$B:CY,102,FALSE),"N/A") -> N/A | GE15: =IFERROR(VLOOKUP($B15,'LOD 300 - SITE'!$B:DB,105,FALSE),"N/A") -> N/A | GF15: =IFERROR(VLOOKUP($B15,'LOD 300 - SITE'!$B:DE,108,FALSE),"N/A") -> N/A | GG15: =IFERROR(VLOOKUP($B15,'LOD 300 - SITE'!$B:DH,111,FALSE),"N/A") -> N/A | GH15: =IFERROR(VLOOKUP($B15,'LOD 300 - SITE'!$B:DK,114,FALSE),"N/A") -> N/A | GI15: =IFERROR(VLOOKUP($B15,'LOD 300 - SITE'!$B:DN,117,FALSE),"N/A") -> N/A | GJ15: =IFERROR(VLOOKUP($B15,'LOD 300 - SITE'!$B:DQ,120,FALSE),"N/A") -> N/A | GK15: =IFERROR(VLOOKUP($B15,'LOD 300 - SITE'!$B:DT,123,FALSE),"N/A") -> N/A | GM15: =IFERROR(__xludf.DUMMYFUNCTION("IFERROR( MAX(FILTER(FB15:GK15, ISNUMBER(FB15:GK15))), GK15 )"),"N/A") -> N/A
A16: 19 | B16: CPQ11-ARCH-WTRP-SITE-R24.rvt | C16: CPQ11-ARCH-WTRP-SITE-R22.rvt | D16: SITE | E16: ITS | F16: 1107 | G16: RBV | H16: 0 | I16: =IFERROR(VLOOKUP(C13:C155,'R22 RELATÓRIO ACC'!B:F,5,FALSE),"NOT PUBLISHED") -> NOT PUBLISHED | J16: =IFERROR(VLOOKUP(C13:C155,'R22 RELATÓRIO ACC'!B:P,15,FALSE),"NOT PUBLISHED") -> NOT PUBLISHED | K16: =IFERROR(VLOOKUP(B14:B205,'RELATÓRIO ACC'!B:F,5,FALSE),"NOT PUBLISHED") -> NOT PUBLISHED | L16: =IFERROR(VLOOKUP(B14:B205,'RELATÓRIO ACC'!B:P,15,FALSE),"NOT PUBLISHED") -> NOT PUBLISHED | M16: =IF(OR($D16="UTLS",$D16="GUAR",$D16="STIR",$D16="PUMP",$D16="SITE"), VLOOKUP($B16,'LOD 300 - SITE'!B:M,12,FALSE), VLOOKUP($B16,'LOD 300 - ADMN'!B:M,12,FALSE) ) -> NOT PUBLISHED | N16: =IF(OR($D16="UTLS",$D16="GUAR",$D16="STIR",$D16="PUMP",$D16="SITE"), VLOOKUP($B16,'LOD 300 - SITE'!B:N,13,FALSE), VLOOKUP($B16,'LOD 300 - ADMN'!B:N,13,FALSE) ) -> NOT PUBLISHED | O16: =IF(OR($D16="UTLS",$D16="GUAR",$D16="STIR",$D16="PUMP",$D16="SITE"), VLOOKUP($B16,'LOD 300 - SITE'!B:O,14,FALSE), VLOOKUP($B16,'LOD 300 - ADMN'!B:O,14,FALSE) ) | P16: =IF(OR($D16="C345",$D16="C12A",$D16="DATA"), VLOOKUP($B16,'LOD 300 - COLO3'!B:M,12,FALSE),"N/A") -> N/A | Q16: =IF(OR($D16="C345",$D16="C12A",$D16="DATA"), VLOOKUP($B16,'LOD 300 - COLO3'!B:N,13,FALSE),"N/A") -> N/A | R16: =IF(OR($D16="C345",$D16="C12A",$D16="DATA"), VLOOKUP($B16,'LOD 300 - COLO3'!B:O,14,FALSE),"N/A") -> N/A | S16: =IF(OR($D16="C345",$D16="C12A",$D16="DATA"), VLOOKUP($B16,'LOD 300 - COLO4'!B:M,12,FALSE),"N/A") -> N/A | T16: =IF(OR($D16="C345",$D16="C12A",$D16="DATA"), VLOOKUP($B16,'LOD 300 - COLO4'!B:T,13,FALSE),"N/A") -> N/A | U16: =IF(OR($D16="C345",$D16="C12A",$D16="DATA"), VLOOKUP($B16,'LOD 300 - COLO4'!B:U,17,FALSE),"N/A") -> N/A | W16: =IFERROR(VLOOKUP($B16,'LOD 300 - ADMN'!$B:S,18,FALSE),"N/A") -> N/A | X16: =IFERROR(VLOOKUP($B16,'LOD 300 - ADMN'!$B:V,21,FALSE),"N/A") -> N/A | Y16: =IFERROR(VLOOKUP($B16,'LOD 300 - ADMN'!$B:Y,24,FALSE),"N/A") -> N/A | Z16: =IFERROR(VLOOKUP($B16,'LOD 300 - ADMN'!$B:AB,27,FALSE),"N/A") -> N/A | AA16: =IFERROR(VLOOKUP($B16,'LOD 300 - ADMN'!$B:AE,30,FALSE),"N/A") -> N/A | AB16: =IFERROR(VLOOKUP($B16,'LOD 300 - ADMN'!$B:AH,33,FALSE),"N/A") -> N/A | AC16: =IFERROR(VLOOKUP($B16,'LOD 300 - ADMN'!$B:AK,36,FALSE),"N/A") -> N/A | AD16: =IFERROR(VLOOKUP($B16,'LOD 300 - ADMN'!$B:AN,39,FALSE),"N/A") -> N/A | AE16: =IFERROR(VLOOKUP($B16,'LOD 300 - ADMN'!$B:AQ,42,FALSE),"N/A") -> N/A | AF16: =IFERROR(VLOOKUP($B16,'LOD 300 - ADMN'!$B:AT,45,FALSE),"N/A") -> N/A | AG16: =IFERROR(VLOOKUP($B16,'LOD 300 - ADMN'!$B:AW,48,FALSE),"N/A") -> N/A | AH16: =IFERROR(VLOOKUP($B16,'LOD 300 - ADMN'!$B:AZ,51,FALSE),"N/A") -> N/A | AI16: =IFERROR(VLOOKUP($B16,'LOD 300 - ADMN'!$B:BC,54,FALSE),"N/A") -> N/A | AJ16: =IFERROR(VLOOKUP($B16,'LOD 300 - ADMN'!$B:BF,57,FALSE),"N/A") -> N/A | AK16: =IFERROR(VLOOKUP($B16,'LOD 300 - ADMN'!$B:EP,60,FALSE),"N/A") -> N/A | AL16: =IFERROR(VLOOKUP($B16,'LOD 300 - ADMN'!$B:EQ,63,FALSE),"N/A") -> N/A | AM16: =IFERROR(VLOOKUP($B16,'LOD 300 - ADMN'!$B:BO,66,FALSE),"N/A") -> N/A | AN16: =IFERROR(VLOOKUP($B16,'LOD 300 - ADMN'!$B:BR,69,FALSE),"N/A") -> N/A | AO16: =IFERROR(VLOOKUP($B16,'LOD 300 - ADMN'!$B:BU,72,FALSE),"N/A") -> N/A | AP16: =IFERROR(VLOOKUP($B16,'LOD 300 - ADMN'!$B:BX,75,FALSE),"N/A") -> N/A | AQ16: =IFERROR(VLOOKUP($B16,'LOD 300 - ADMN'!$B:CA,78,FALSE),"N/A") -> N/A | AR16: =IFERROR(VLOOKUP($B16,'LOD 300 - ADMN'!$B:CD,81,FALSE),"N/A") -> N/A | AS16: =IFERROR(VLOOKUP($B16,'LOD 300 - ADMN'!$B:CG,84,FALSE),"N/A") -> N/A | AT16: =IFERROR(VLOOKUP($B16,'LOD 300 - ADMN'!$B:CJ,87,FALSE),"N/A") -> N/A | AU16: =IFERROR(VLOOKUP($B16,'LOD 300 - ADMN'!$B:CM,90,FALSE),"N/A") -> N/A | AV16: =IFERROR(VLOOKUP($B16,'LOD 300 - ADMN'!$B:CP,93,FALSE),"N/A") -> N/A | AW16: =IFERROR(VLOOKUP($B16,'LOD 300 - ADMN'!$B:CS,96,FALSE),"N/A") -> N/A | AX16: =IFERROR(VLOOKUP($B16,'LOD 300 - ADMN'!$B:CV,99,FALSE),"N/A") -> N/A | AY16: =IFERROR(VLOOKUP($B16,'LOD 300 - ADMN'!$B:CY,102,FALSE),"N/A") -> N/A | AZ16: =IFERROR(VLOOKUP($B16,'LOD 300 - ADMN'!$B:DB,105,FALSE),"N/A") -> N/A | BA16: =IFERROR(VLOOKUP($B16,'LOD 300 - ADMN'!$B:DE,108,FALSE),"N/A") -> N/A | BB16: =IFERROR(VLOOKUP($B16,'LOD 300 - ADMN'!$B:DH,111,FALSE),"N/A") -> N/A | BC16: =IFERROR(VLOOKUP($B16,'LOD 300 - ADMN'!$B:DK,114,FALSE),"N/A") -> N/A | BD16: =IFERROR(VLOOKUP($B16,'LOD 300 - ADMN'!$B:DN,117,FALSE),"N/A") -> N/A | BE16: =IFERROR(VLOOKUP($B16,'LOD 300 - ADMN'!$B:DQ,120,FALSE),"N/A") -> N/A | BF16: =IFERROR(VLOOKUP($B16,'LOD 300 - ADMN'!$B:DT,123,FALSE),"N/A") -> N/A | BG16: =IFERROR(VLOOKUP($B16,'LOD 300 - ADMN'!$B:DW,126,FALSE),"N/A") -> N/A | BH16: =IFERROR(VLOOKUP($B16,'LOD 300 - ADMN'!$B:DZ,129,FALSE),"N/A") -> N/A | BJ16: =IFERROR(__xludf.DUMMYFUNCTION("IFERROR( MAX(FILTER(X16:BH16, ISNUMBER(X16:BH16))), BH16 )"),"N/A") -> N/A | BK16: =IFERROR(VLOOKUP($B16,'LOD 300 - COLO1'!$B:S,18,FALSE),"N/A") -> N/A | BL16: =IFERROR(VLOOKUP($B16,'LOD 300 - COLO1'!$B:V,21,FALSE),"N/A") -> N/A | BM16: =IFERROR(VLOOKUP($B16,'LOD 300 - COLO1'!$B:Y,24,FALSE),"N/A") -> N/A | BN16: =IFERROR(VLOOKUP($B16,'LOD 300 - COLO1'!$B:AB,27,FALSE),"N/A") -> N/A | BO16: =IFERROR(VLOOKUP($B16,'LOD 300 - COLO1'!$B:AE,30,FALSE),"N/A") -> N/A | BP16: =IFERROR(VLOOKUP($B16,'LOD 300 - COLO1'!$B:AH,33,FALSE),"N/A") -> N/A | BQ16: =IFERROR(VLOOKUP($B16,'LOD 300 - COLO1'!$B:AK,36,FALSE),"N/A") -> N/A | BR16: =IFERROR(VLOOKUP($B16,'LOD 300 - COLO1'!$B:AN,39,FALSE),"N/A") -> N/A | BS16: =IFERROR(VLOOKUP($B16,'LOD 300 - COLO1'!$B:AQ,42,FALSE),"N/A") -> N/A | BT16: =IFERROR(VLOOKUP($B16,'LOD 300 - COLO1'!$B:AT,45,FALSE),"N/A") -> N/A | BU16: =IFERROR(VLOOKUP($B16,'LOD 300 - COLO1'!$B:AW,48,FALSE),"N/A") -> N/A | BV16: =IFERROR(VLOOKUP($B16,'LOD 300 - COLO1'!$B:AZ,51,FALSE),"N/A") -> N/A | BW16: =IFERROR(VLOOKUP($B16,'LOD 300 - COLO1'!$B:BC,54,FALSE),"N/A") -> N/A | BX16: =IFERROR(VLOOKUP($B16,'LOD 300 - COLO1'!$B:BF,57,FALSE),"N/A") -> N/A | BY16: =IFERROR(VLOOKUP($B16,'LOD 300 - COLO1'!$B:BI,60,FALSE),"N/A") -> N/A | BZ16: =IFERROR(VLOOKUP($B16,'LOD 300 - COLO1'!$B:BL,63,FALSE),"N/A") -> N/A | CA16: =IFERROR(VLOOKUP($B16,'LOD 300 - COLO1'!$B:BO,66,FALSE),"N/A") -> N/A | CB16: =IFERROR(VLOOKUP($B16,'LOD 300 - COLO1'!$B:BR,69,FALSE),"N/A") -> N/A | CC16: =IFERROR(VLOOKUP($B16,'LOD 300 - COLO1'!$B:BU,72,FALSE),"N/A") -> N/A | CD16: =IFERROR(VLOOKUP($B16,'LOD 300 - COLO1'!$B:BX,75,FALSE),"N/A") -> N/A | CE16: =IFERROR(VLOOKUP($B16,'LOD 300 - COLO1'!$B:CA,78,FALSE),"N/A") -> N/A | CF16: =IFERROR(VLOOKUP($B16,'LOD 300 - COLO1'!$B:CD,81,FALSE),"N/A") -> N/A | CG16: =IFERROR(VLOOKUP($B16,'LOD 300 - COLO1'!$B:CG,84,FALSE),"N/A") -> N/A | CH16: =IFERROR(VLOOKUP($B16,'LOD 300 - COLO1'!$B:CJ,87,FALSE),"N/A") -> N/A | CI16: =IFERROR(VLOOKUP($B16,'LOD 300 - COLO1'!$B:CM,90,FALSE),"N/A") -> N/A | CJ16: =IFERROR(VLOOKUP($B16,'LOD 300 - COLO1'!$B:CP,93,FALSE),"N/A") -> N/A | CK16: =IFERROR(VLOOKUP($B16,'LOD 300 - COLO1'!$B:CS,96,FALSE),"N/A") -> N/A | CL16: =IFERROR(VLOOKUP($B16,'LOD 300 - COLO1'!$B:CV,99,FALSE),"N/A") -> N/A | CM16: =IFERROR(VLOOKUP($B16,'LOD 300 - COLO1'!$B:CY,102,FALSE),"N/A") -> N/A | CN16: =IFERROR(VLOOKUP($B16,'LOD 300 - COLO1'!$B:DB,105,FALSE),"N/A") -> N/A | CO16: =IFERROR(VLOOKUP($B16,'LOD 300 - COLO1'!$B:EE,108,FALSE),"N/A") -> N/A | CP16: =IFERROR(VLOOKUP($B16,'LOD 300 - COLO1'!$B:EH,111,FALSE),"N/A") -> N/A | CQ16: =IFERROR(VLOOKUP($B16,'LOD 300 - COLO1'!$B:EK,114,FALSE),"N/A") -> N/A | CR16: =IFERROR(VLOOKUP($B16,'LOD 300 - COLO1'!$B:EN,117,FALSE),"N/A") -> N/A | CS16: =IFERROR(VLOOKUP($B16,'LOD 300 - COLO1'!$B:EQ,120,FALSE),"N/A") -> N/A | CT16: =IFERROR(VLOOKUP($B16,'LOD 300 - COLO1'!$B:ET,123,FALSE),"N/A") -> N/A | CU16: =IFERROR(VLOOKUP($B16,'LOD 300 - COLO1'!$B:EW,126,FALSE),"N/A") -> N/A | CV16: =IFERROR(VLOOKUP($B16,'LOD 300 - COLO1'!$B:EZ,129,FALSE),"N/A") -> N/A | CX16: =IFERROR(__xludf.DUMMYFUNCTION("IFERROR( MAX(FILTER(BK16:CV16, ISNUMBER(BK16:CV16))), CV16 )"),"N/A") -> N/A | CY16: =IFERROR(VLOOKUP($B16,'LOD 300 - COLO2'!$B:S,18,FALSE),"N/A") -> N/A | CZ16: =IFERROR(VLOOKUP($B16,'LOD 300 - COLO2'!$B:V,21,FALSE),"N/A") -> N/A | DA16: =IFERROR(VLOOKUP($B16,'LOD 300 - COLO2'!$B:Y,24,FALSE),"N/A") -> N/A | DB16: =IFERROR(VLOOKUP($B16,'LOD 300 - COLO2'!$B:AB,27,FALSE),"N/A") -> N/A | DC16: =IFERROR(VLOOKUP($B16,'LOD 300 - COLO2'!$B:AE,30,FALSE),"N/A") -> N/A | DD16: =IFERROR(VLOOKUP($B16,'LOD 300 - COLO2'!$B:AH,33,FALSE),"N/A") -> N/A | DE16: =IFERROR(VLOOKUP($B16,'LOD 300 - COLO2'!$B:AK,36,FALSE),"N/A") -> N/A | DF16: =IFERROR(VLOOKUP($B16,'LOD 300 - COLO2'!$B:AN,39,FALSE),"N/A") -> N/A | DG16: =IFERROR(VLOOKUP($B16,'LOD 300 - COLO2'!$B:AQ,42,FALSE),"N/A") -> N/A | DH16: =IFERROR(VLOOKUP($B16,'LOD 300 - COLO2'!$B:AT,45,FALSE),"N/A") -> N/A | DI16: =IFERROR(VLOOKUP($B16,'LOD 300 - COLO2'!$B:AW,48,FALSE),"N/A") -> N/A | DJ16: =IFERROR(VLOOKUP($B16,'LOD 300 - COLO2'!$B:AZ,51,FALSE),"N/A") -> N/A | DK16: =IFERROR(VLOOKUP($B16,'LOD 300 - COLO2'!$B:BC,54,FALSE),"N/A") -> N/A | DL16: =IFERROR(VLOOKUP($B16,'LOD 300 - COLO2'!$B:BF,57,FALSE),"N/A") -> N/A | DM16: =IFERROR(VLOOKUP($B16,'LOD 300 - COLO2'!$B:BI,60,FALSE),"N/A") -> N/A | DN16: =IFERROR(VLOOKUP($B16,'LOD 300 - COLO2'!$B:BL,63,FALSE),"N/A") -> N/A | DO16: =IFERROR(VLOOKUP($B16,'LOD 300 - COLO2'!$B:BO,66,FALSE),"N/A") -> N/A | DP16: =IFERROR(VLOOKUP($B16,'LOD 300 - COLO2'!$B:BR,69,FALSE),"N/A") -> N/A | DQ16: =IFERROR(VLOOKUP($B16,'LOD 300 - COLO2'!$B:BU,72,FALSE),"N/A") -> N/A | DR16: =IFERROR(VLOOKUP($B16,'LOD 300 - COLO2'!$B:BX,75,FALSE),"N/A") -> N/A | DS16: =IFERROR(VLOOKUP($B16,'LOD 300 - COLO2'!$B:CA,78,FALSE),"N/A") -> N/A | DT16: =IFERROR(VLOOKUP($B16,'LOD 300 - COLO2'!$B:CD,81,FALSE),"N/A") -> N/A | DU16: =IFERROR(VLOOKUP($B16,'LOD 300 - COLO2'!$B:CG,84,FALSE),"N/A") -> N/A | DV16: =IFERROR(VLOOKUP($B16,'LOD 300 - COLO2'!$B:CJ,87,FALSE),"N/A") -> N/A | DW16: =IFERROR(VLOOKUP($B16,'LOD 300 - COLO2'!$B:CM,90,FALSE),"N/A") -> N/A | DX16: =IFERROR(VLOOKUP($B16,'LOD 300 - COLO2'!$B:CP,93,FALSE),"N/A") -> N/A | DY16: =IFERROR(VLOOKUP($B16,'LOD 300 - COLO2'!$B:CS,96,FALSE),"N/A") -> N/A | DZ16: =IFERROR(VLOOKUP($B16,'LOD 300 - COLO2'!$B:CV,99,FALSE),"N/A") -> N/A | EA16: =IFERROR(VLOOKUP($B16,'LOD 300 - COLO2'!$B:DB,105,FALSE),"N/A") -> N/A | EB16: =IFERROR(VLOOKUP($B16,'LOD 300 - COLO2'!$B:DB,105,FALSE),"N/A") -> N/A | EC16: =IFERROR(VLOOKUP($B16,'LOD 300 - COLO2'!$B:DE,108,FALSE),"N/A") -> N/A | ED16: =IFERROR(VLOOKUP($B16,'LOD 300 - COLO2'!$B:DH,111,FALSE),"N/A") -> N/A | EE16: =IFERROR(VLOOKUP($B16,'LOD 300 - COLO2'!$B:DK,114,FALSE),"N/A") -> N/A | EF16: =IFERROR(VLOOKUP($B16,'LOD 300 - COLO2'!$B:DN,117,FALSE),"N/A") -> N/A | EH16: =IFERROR(__xludf.DUMMYFUNCTION("IFERROR( MAX(FILTER(CZ16:EF16, ISNUMBER(CZ16:EF16))), EF16 )"),"N/A") -> N/A | EI16: =IFERROR(VLOOKUP($B16,'LOD 300 - COLO3'!$B:R,17,FALSE),"N/A") -> N/A | EJ16: =IFERROR(VLOOKUP($B16,'LOD 300 - COLO3'!$B:U,20,FALSE),"N/A") -> N/A | EK16: =IFERROR(VLOOKUP($B16,'LOD 300 - COLO3'!$B:X,23,FALSE),"N/A") -> N/A | EL16: =IFERROR(VLOOKUP($B16,'LOD 300 - COLO3'!$B:AA,26,FALSE),"N/A") -> N/A | EM16: =IFERROR(VLOOKUP($B16,'LOD 300 - COLO3'!$B:AD,29,FALSE),"N/A") -> N/A | EN16: =IFERROR(VLOOKUP($B16,'LOD 300 - COLO3'!$B:AG,32,FALSE),"N/A") -> N/A | EO16: =IFERROR(VLOOKUP($B16,'LOD 300 - COLO3'!$B:AJ,35,FALSE),"N/A") -> N/A | EP16: =IFERROR(VLOOKUP($B16,'LOD 300 - COLO3'!$B:AM,38,FALSE),"N/A") -> N/A | EQ16: =IFERROR(VLOOKUP($B16,'LOD 300 - COLO3'!$B:AP,41,FALSE),"N/A") -> N/A | ER16: =IFERROR(VLOOKUP($B16,'LOD 300 - COLO3'!$B:AS,44,FALSE),"N/A") -> N/A | ES16: =IFERROR(VLOOKUP($B16,'LOD 300 - COLO3'!$B:AV,47,FALSE),"N/A") -> N/A | ET16: =IFERROR(VLOOKUP($B16,'LOD 300 - COLO3'!$B:AY,50,FALSE),"N/A") -> N/A | EU16: =IFERROR(VLOOKUP($B16,'LOD 300 - COLO3'!$B:BB,53,FALSE),"N/A") -> N/A | EV16: =IFERROR(VLOOKUP($B16,'LOD 300 - COLO3'!$B:BE,56,FALSE),"N/A") -> N/A | EW16: =IFERROR(VLOOKUP($B16,'LOD 300 - COLO3'!$B:BL,59,FALSE),"N/A") -> N/A | EY16: =IFERROR(__xludf.DUMMYFUNCTION("IFERROR( MAX(FILTER(EI16:EW16, ISNUMBER(EI16:EW16))), EW16 )"),"N/A") -> N/A | EZ16: =IFERROR(VLOOKUP($B16,'LOD 300 - COLO4'!$B:BT,17,FALSE),"N/A") -> N/A | FA16: =IFERROR(__xludf.DUMMYFUNCTION("IFERROR( MAX(FILTER(EZ16, ISNUMBER(EZ16))), EZ16 )"),"N/A") -> N/A | FB16: =IFERROR(VLOOKUP($B16,'LOD 300 - SITE'!$B:S,18,FALSE),"N/A") -> NOT PUBLISHED | FC16: =IFERROR(VLOOKUP($B16,'LOD 300 - SITE'!$B:V,21,FALSE),"N/A") -> NOT PUBLISHED | FD16: =IFERROR(VLOOKUP($B16,'LOD 300 - SITE'!$B:Y,24,FALSE),"N/A") -> NOT PUBLISHED | FE16: =IFERROR(VLOOKUP($B16,'LOD 300 - SITE'!$B:AB,27,FALSE),"N/A") -> NOT PUBLISHED | FF16: =IFERROR(VLOOKUP($B16,'LOD 300 - SITE'!$B:AE,30,FALSE),"N/A") -> NOT PUBLISHED | FG16: =IFERROR(VLOOKUP($B16,'LOD 300 - SITE'!$B:AH,33,FALSE),"N/A") -> NOT PUBLISHED | FH16: =IFERROR(VLOOKUP($B16,'LOD 300 - SITE'!$B:AK,36,FALSE),"N/A") -> NOT PUBLISHED | FI16: =IFERROR(VLOOKUP($B16,'LOD 300 - SITE'!$B:AN,39,FALSE),"N/A") -> NOT PUBLISHED | FJ16: =IFERROR(VLOOKUP($B16,'LOD 300 - SITE'!$B:AQ,42,FALSE),"N/A") -> NOT PUBLISHED | FK16: =IFERROR(VLOOKUP($B16,'LOD 300 - SITE'!$B:AT,45,FALSE),"N/A") -> NOT PUBLISHED | FL16: =IFERROR(VLOOKUP($B16,'LOD 300 - SITE'!$B:AW,48,FALSE),"N/A") -> NOT PUBLISHED | FM16: =IFERROR(VLOOKUP($B16,'LOD 300 - SITE'!$B:AZ,51,FALSE),"N/A") -> NOT PUBLISHED | FN16: =IFERROR(VLOOKUP($B16,'LOD 300 - SITE'!$B:BC,54,FALSE),"N/A") -> NOT PUBLISHED | FO16: =IFERROR(VLOOKUP($B16,'LOD 300 - SITE'!$B:BF,57,FALSE),"N/A") -> NOT PUBLISHED | FP16: =IFERROR(VLOOKUP($B16,'LOD 300 - SITE'!$B:BI,60,FALSE),"N/A") -> NOT PUBLISHED | FQ16: =IFERROR(VLOOKUP($B16,'LOD 300 - SITE'!$B:BL,63,FALSE),"N/A") -> NOT PUBLISHED | FR16: =IFERROR(VLOOKUP($B16,'LOD 300 - SITE'!$B:BO,66,FALSE),"N/A") -> NOT PUBLISHED | FS16: =IFERROR(VLOOKUP($B16,'LOD 300 - SITE'!$B:BR,69,FALSE),"N/A") -> NOT PUBLISHED | FT16: =IFERROR(VLOOKUP($B16,'LOD 300 - SITE'!$B:BU,72,FALSE),"N/A") -> NOT PUBLISHED | FU16: =IFERROR(VLOOKUP($B16,'LOD 300 - SITE'!$B:BX,75,FALSE),"N/A") -> NOT PUBLISHED | FV16: =IFERROR(VLOOKUP($B16,'LOD 300 - SITE'!$B:CA,78,FALSE),"N/A") -> NOT PUBLISHED | FW16: =IFERROR(VLOOKUP($B16,'LOD 300 - SITE'!$B:CD,81,FALSE),"N/A") -> NOT PUBLISHED | FX16: =IFERROR(VLOOKUP($B16,'LOD 300 - SITE'!$B:CG,84,FALSE),"N/A") -> NOT PUBLISHED | FY16: =IFERROR(VLOOKUP($B16,'LOD 300 - SITE'!$B:CJ,87,FALSE),"N/A") -> NOT PUBLISHED | FZ16: =IFERROR(VLOOKUP($B16,'LOD 300 - SITE'!$B:CM,90,FALSE),"N/A") -> NOT PUBLISHED | GA16: =IFERROR(VLOOKUP($B16,'LOD 300 - SITE'!$B:CP,93,FALSE),"N/A") -> NOT PUBLISHED | GB16: =IFERROR(VLOOKUP($B16,'LOD 300 - SITE'!$B:CS,96,FALSE),"N/A") -> NOT PUBLISHED | GC16: =IFERROR(VLOOKUP($B16,'LOD 300 - SITE'!$B:CV,99,FALSE),"N/A") -> NOT PUBLISHED | GD16: =IFERROR(VLOOKUP($B16,'LOD 300 - SITE'!$B:CY,102,FALSE),"N/A") -> NOT PUBLISHED | GE16: =IFERROR(VLOOKUP($B16,'LOD 300 - SITE'!$B:DB,105,FALSE),"N/A") -> NOT PUBLISHED | GF16: =IFERROR(VLOOKUP($B16,'LOD 300 - SITE'!$B:DE,108,FALSE),"N/A") -> NOT PUBLISHED | GG16: =IFERROR(VLOOKUP($B16,'LOD 300 - SITE'!$B:DH,111,FALSE),"N/A") -> NOT PUBLISHED | GH16: =IFERROR(VLOOKUP($B16,'LOD 300 - SITE'!$B:DK,114,FALSE),"N/A") -> NOT PUBLISHED | GI16: =IFERROR(VLOOKUP($B16,'LOD 300 - SITE'!$B:DN,117,FALSE),"N/A") -> NOT PUBLISHED | GJ16: =IFERROR(VLOOKUP($B16,'LOD 300 - SITE'!$B:DQ,120,FALSE),"N/A") -> NOT PUBLISHED | GK16: =IFERROR(VLOOKUP($B16,'LOD 300 - SITE'!$B:DT,123,FALSE),"N/A") -> NOT PUBLISHED | GM16: =IFERROR(__xludf.DUMMYFUNCTION("IFERROR( MAX(FILTER(FB16:GK16, ISNUMBER(FB16:GK16))), GK16 )"),"NOT PUBLISHED") -> NOT PUBLISHED
