Workbook
Name HT: 'LOD 400 - CONTROL'!$HF$74

Sheet LOD 400 - CONTROL
D1: SPECIFIC AUDIT CONTROL | LOD 400
B2: META DO DIA 17/07 | Y2: ADMN | BH2: COLO1 | CQ2: COLO2 | DZ2: COLO3 | EQ2: COLO4 | ES2: SITE | GA2: UTLS
B3: FILE NAME (R24) | C3: FILE NAME (R22) | D3: AREA | E3: TRADE COMPANY | F3: CODE | G3: BIM COMPANY | H3: CODE | I3: ACC VERSION (R22) | J3: ACC FILE DATE (R22) | K3: ACC VERSION (R24) | L3: ACC FILE DATE (R24) | M3: VERSION ADMN/COL1/COL2/ SITE | N3: FILE DATE ADMN/COL1/COL2/SITE | O3: RVT TYPE APROVAL (ADMN/COL1/COL2/SITE) | P3: VERSION COL3 | Q3: FILE DATE COL3 | R3: RVT TYPE APROVAL (COL3) | S3: VERSION COL4 | T3: FILE DATE COL4 | U3: RVT TYPE APROVAL (COL3) | V3: UTLS VERSION | W3: UTLS FILE DATE | X3: RVT TYPE APROVAL (UTLS) | Y3: R1 - APPROVAL (%) | Z3: R2 - APPROVAL (%) | AA3: R3 - APPROVAL (%) | AB3: R4 - APPROVAL (%) | AC3: R5 - APPROVAL (%) | AD3: R6 - APPROVAL (%) | AE3: R7 - APPROVAL (%) | AF3: R8 - APPROVAL (%) | AG3: R9 - APPROVAL (%) | AH3: R10 - APPROVAL (%) | AI3: R11 - APPROVAL (%) | AJ3: R12 - APPROVAL (%) | AK3: R13 - APPROVAL (%) | AL3: R14 - APPROVAL (%) | AM3: R15 - APPROVAL (%) | AN3: R16 - APPROVAL (%) | AO3: R17 - APPROVAL (%) | AP3: R18 - APPROVAL (%) | AQ3: R19 - APPROVAL (%) | AR3: R20 - APPROVAL (%) | AS3: R21 - APPROVAL (%) | AT3: R22 - APPROVAL (%) | AU3: R23 - APPROVAL (%) | AV3: R24 - APPROVAL (%) | AW3: R25 - APPROVAL (%) | AX3: R26 - APPROVAL (%) | AY3: R27 - APPROVAL (%) | AZ3: R28 - APPROVAL (%) | BA3: R29 - APPROVAL (%) | BB3: R30 - APPROVAL (%) | BC3: R31 - APPROVAL (%) | BD3: R32 - APPROVAL (%) | BE3: R33 - APPROVAL (%) | BF3: R34 - APPROVAL (%) | BG3: GERAL | BH3: R1 - APPROVAL (%) | BI3: R2 - APPROVAL (%) | BJ3: R3 - APPROVAL (%) | BK3: R4 - APPROVAL (%) | BL3: R5 - APPROVAL (%) | BM3: R6 - APPROVAL (%) | BN3: R7 - APPROVAL (%) | BO3: R8 - APPROVAL (%) | BP3: R9 - APPROVAL (%) | BQ3: R10 - APPROVAL (%) | BR3: R11 - APPROVAL (%) | BS3: R12 - APPROVAL (%) | BT3: R13 - APPROVAL (%) | BU3: R14 - APPROVAL (%) | BV3: R15 - APPROVAL (%) | BW3: R16 - APPROVAL (%) | BX3: R17 - APPROVAL (%) | BY3: R18 - APPROVAL (%) | BZ3: R19 - APPROVAL (%) | CA3: R20 - APPROVAL (%) | CB3: R21 - APPROVAL (%) | CC3: R22 - APPROVAL (%) | CD3: R23 - APPROVAL (%) | CE3: R24 - APPROVAL (%) | CF3: R25 - APPROVAL (%) | CG3: R26 - APPROVAL (%) | CH3: R27 - APPROVAL (%) | CI3: R28 - APPROVAL (%) | CJ3: R29 - APPROVAL (%) | CK3: R30 - APPROVAL (%) | CL3: R31 - APPROVAL (%) | CM3: R32 - APPROVAL (%) | CN3: R33 - APPROVAL (%) | CO3: R34 - APPROVAL (%) | CP3: GERAL | CQ3: R1 - APPROVAL (%) | CR3: R2 - APPROVAL (%) | CS3: R3 - APPROVAL (%) | CT3: R4 - APPROVAL (%) | CU3: R5 - APPROVAL (%) | CV3: R6 - APPROVAL (%) | CW3: R7 - APPROVAL (%) | CX3: R8 - APPROVAL (%) | CY3: R9 - APPROVAL (%) | CZ3: R10 - APPROVAL (%) | DA3: R11 - APPROVAL (%) | DB3: R12 - APPROVAL (%) | DC3: R13 - APPROVAL (%) | DD3: R14 - APPROVAL (%) | DE3: R15 - APPROVAL (%) | DF3: R16 - APPROVAL (%) | DG3: R17 - APPROVAL (%) | DH3: R18 - APPROVAL (%) | DI3: R19 - APPROVAL (%) | DJ3: R20 - APPROVAL (%) | DK3: R21 - APPROVAL (%) | DL3: R22- APPROVAL (%) | DM3: R23 - APPROVAL (%) | DN3: R24 - APPROVAL (%) | DO3: R25 - APPROVAL (%) | DP3: R26 - APPROVAL (%) | DQ3: R27 - APPROVAL (%) | DR3: R28 - APPROVAL (%) | DS3: R29 - APPROVAL (%) | DT3: R30 - APPROVAL (%) | DU3: R31 - APPROVAL (%) | DV3: R32 - APPROVAL (%) | DW3: R33 - APPROVAL (%) | DX3: R34 - APPROVAL (%) | DY3: GERAL | DZ3: R1 - APPROVAL (%) | EA3: R2 - APPROVAL (%) | EB3: R3 - APPROVAL (%) | EC3: R4 - APPROVAL (%) | ED3: R5 - APPROVAL (%) | EE3: R6 - APPROVAL (%) | EF3: R7 - APPROVAL (%) | EG3: R8 - APPROVAL (%) | EH3: R9 - APPROVAL (%) | EI3: R10 - APPROVAL (%) | EJ3: R11 - APPROVAL (%) | EK3: R12 - APPROVAL (%) | EL3: R13 - APPROVAL (%) | EM3: R14 - APPROVAL (%) | EN3: R15 - APPROVAL (%) | EO3: R16 - APPROVAL (%) | EP3: GERAL | EQ3: R1 - APPROVAL (%) | ER3: GERAL | ES3: R1 - APPROVAL (%) | ET3: R2 - APPROVAL (%) | EU3: R3 - APPROVAL (%) | EV3: R4 - APPROVAL (%) | EW3: R5 - APPROVAL (%) | EX3: R6 - APPROVAL (%) | EY3: R7 - APPROVAL (%) | EZ3: R8 - APPROVAL (%) | FA3: R9 - APPROVAL (%) | FB3: R10 - APPROVAL (%) | FC3: R11 - APPROVAL (%) | FD3: R12 - APPROVAL (%) | FE3: R13 - APPROVAL (%) | FF3: R14 - APPROVAL (%) | FG3: R15 - APPROVAL (%) | FH3: R16 - APPROVAL (%) | FI3: R17 - APPROVAL (%) | FJ3: R18 - APPROVAL (%) | FK3: R19 - APPROVAL (%) | FL3: R20 - APPROVAL (%) | FM3: R21 - APPROVAL (%) | FN3: R22 - APPROVAL (%) | FO3: R23 - APPROVAL (%) | FP3: R24 - APPROVAL (%) | FQ3: R25 - APPROVAL (%) | FR3: R26 - APPROVAL (%) | FS3: R27 - APPROVAL (%) | FT3: R28 - APPROVAL (%) | FU3: R29 - APPROVAL (%) | FV3: R30 - APPROVAL (%) | FW3: R31 - APPROVAL (%) | FX3: R32 - APPROVAL (%) | FY3: R33 - APPROVAL (%) | FZ3: GERAL | GA3: R1 - APPROVAL (%) | GB3: R2 - APPROVAL (%) | GC3: R3 - APPROVAL (%) | GD3: R4 - APPROVAL (%) | GE3: R5 - APPROVAL (%) | GF3: R6 - APPROVAL (%) | GG3: R7 - APPROVAL (%) | GH3: R8 - APPROVAL (%) | GI3: R9 - APPROVAL (%) | GJ3: R10 - APPROVAL (%) | GK3: R11 - APPROVAL (%) | GL3: R12 - APPROVAL (%) | GM3: R13 - APPROVAL (%) | GN3: R14 - APPROVAL (%) | GO3: R15 - APPROVAL (%) | GP3: R16 - APPROVAL (%) | GQ3: R17 - APPROVAL (%) | GR3: R18 - APPROVAL (%) | GS3: R19- APPROVAL (%) | GT3: R20- APPROVAL (%) | GU3: R21- APPROVAL (%) | GV3: R22- APPROVAL (%) | GW3: R23- APPROVAL (%) | GX3: R24- APPROVAL (%) | GY3: R25- APPROVAL (%) | GZ3: R26- APPROVAL (%) | HA3: R27- APPROVAL (%) | HB3: R28- APPROVAL (%) | HC3: R29- APPROVAL (%) | HD3: R30- APPROVAL (%) | HE3: GERAL
A4: 1 | B4: ARCH | ARCHITECTURE
A5: 2 | B5: CPQ11-ARCH-ARCH-DATA-R24.rvt | C5: CPQ11-ARCH-ARCH-DATA-R22.rvt | D5: =MID(B5,17,4) -> DATA | E5: ARE ARQUITETURA | F5: 1130 | G5: ARE ARQUITETURA | H5: 1130 | I5: =IFERROR(VLOOKUP($C2:C108,'R22 RELATÓRIO ACC'!B:F,5,FALSE),"NOT PUBLISHED") -> V29 | J5: =IFERROR(VLOOKUP($C2:C108,'R22 RELATÓRIO ACC'!B:P,15,FALSE),"NOT PUBLISHED") -> 13/04/2026 | K5: =IFERROR(VLOOKUP($B2:B108,'RELATÓRIO ACC'!B:F,5,FALSE),"NOT PUBLISHED") -> V3 | L5: =IFERROR(VLOOKUP($B2:B108,'RELATÓRIO ACC'!B:P,15,FALSE),"NOT PUBLISHED") -> 03/06/2026 | M5: =IF(OR($D5="UTLS",$D5="GUAR",$D5="STIR",$D5="PUMP",$D5="SITE"), VLOOKUP($B5,'LOD 400 - SITE'!B:M,12,FALSE), VLOOKUP($B5,'LOD 400 - ADMN'!B:M,12,FALSE) ) -> V3 | N5: =IF(OR($D5="UTLS",$D5="GUAR",$D5="STIR",$D5="PUMP",$D5="SITE"), VLOOKUP($B5,'LOD 400 - SITE'!B:N,13,FALSE), VLOOKUP($B5,'LOD 400 - ADMN'!B:N,13,FALSE) ) -> 46176 | O5: =IF(OR($D5="UTLS",$D5="GUAR",$D5="STIR",$D5="PUMP",$D5="SITE"), VLOOKUP($B5,'LOD 400 - SITE'!B:O,14,FALSE), VLOOKUP($B5,'LOD 400 - ADMN'!B:O,14,FALSE) ) -> R24 | P5: =IF(OR($D5="C345",$D5="C12A",$D5="DATA"), VLOOKUP($B5,'LOD 400 - COLO3'!B:M,12,FALSE),"N/A") -> V3 | Q5: =IF(OR($D5="C345",$D5="C12A",$D5="DATA"), VLOOKUP($B5,'LOD 400 - COLO3'!B:N,13,FALSE),"N/A") -> 46176 | R5: =IF(OR($D5="C345",$D5="C12A",$D5="DATA"), VLOOKUP($B5,'LOD 400 - COLO3'!B:O,14,FALSE),"N/A") -> R24 | S5: =IF(OR($D5="C345",$D5="C12A",$D5="DATA"), VLOOKUP($B5,'LOD 400 - COLO4'!B:N,12,FALSE),"N/A") -> N/A | T5: =IF(OR($D5="C345",$D5="C12A",$D5="DATA"), VLOOKUP($B5,'LOD 400 - COLO4'!B:N,13,FALSE),"N/A") -> N/A | U5: =IF(OR($D5="C345",$D5="C12A",$D5="DATA"), VLOOKUP($B5,'LOD 400 - COLO4'!B:N,13,FALSE),"N/A") -> N/A | V5: =IF(OR($D5="UTLS",$D5="GUAR",$D5="STIR",$D5="PUMP",$D5="SITE"), VLOOKUP($B5,'LOD 400 - UTLS'!B:M,12,FALSE),"N/A") -> N/A | W5: =IF(OR($D5="UTLS",$D5="GUAR",$D5="STIR",$D5="PUMP",$D5="SITE"), VLOOKUP($B5,'LOD 400 - UTLS'!B:N,13,FALSE),"N/A") -> N/A | X5: =IF(OR($D5="UTLS",$D5="GUAR",$D5="STIR",$D5="PUMP",$D5="SITE"), VLOOKUP($B5,'LOD 400 - UTLS'!B:O,14,FALSE),"N/A") -> N/A | Y5: =IFERROR(VLOOKUP($B5,'LOD 400 - ADMN'!B:S,18,FALSE),"N/A") -> OUTDATED | Z5: =IFERROR(VLOOKUP($B5,'LOD 400 - ADMN'!B:V,21,FALSE),"N/A") -> OUTDATED | AA5: =IFERROR(VLOOKUP($B5,'LOD 400 - ADMN'!$B:Y,24,FALSE),"N/A") -> 0.08 | AB5: =IFERROR(VLOOKUP($B5,'LOD 400 - ADMN'!$B:AB,27,FALSE),"N/A") -> OUTDATED | AC5: =IFERROR(VLOOKUP($B5,'LOD 400 - ADMN'!$B:AE,30,FALSE),"N/A") -> NEXT ROUND | AD5: =IFERROR(VLOOKUP($B5,'LOD 400 - ADMN'!$B:AH,33,FALSE),"N/A") -> 0.56 | AE5: =IFERROR(VLOOKUP($B5,'LOD 400 - ADMN'!$B:AK,36,FALSE),"N/A") -> OUTDATED | AF5: =IFERROR(VLOOKUP($B5,'LOD 400 - ADMN'!$B:AN,39,FALSE),"N/A") -> NEXT ROUND | AG5: =IFERROR(VLOOKUP($B5,'LOD 400 - ADMN'!$B:AQ,42,FALSE),"N/A") -> 0.74 | AH5: =IFERROR(VLOOKUP($B5,'LOD 400 - ADMN'!$B:AT,45,FALSE),"N/A") -> NEXT ROUND | AI5: =IFERROR(VLOOKUP($B5,'LOD 400 - ADMN'!$B:AW,48,FALSE),"N/A") -> IMPROPER | AJ5: =IFERROR(VLOOKUP($B5,'LOD 400 - ADMN'!$B:AZ,51,FALSE),"N/A") -> IMPROPER | AK5: =IFERROR(VLOOKUP($B5,'LOD 400 - ADMN'!$B:BC,54,FALSE),"N/A") -> NEXT ROUND | AL5: =IFERROR(VLOOKUP($B5,'LOD 400 - ADMN'!$B:BF,57,FALSE),"N/A") -> IMPROPER | AM5: =IFERROR(VLOOKUP($B5,'LOD 400 - ADMN'!$B:BI,60,FALSE),"N/A") -> OUTDATED | AN5: =IFERROR(VLOOKUP($B5,'LOD 400 - ADMN'!$B:BL,63,FALSE),"N/A") -> OUTDATED | AO5: =IFERROR(VLOOKUP($B5,'LOD 400 - ADMN'!$B:BO,66,FALSE),"N/A") -> OUTDATED | AP5: =IFERROR(VLOOKUP($B5,'LOD 400 - ADMN'!$B:BR,69,FALSE),"N/A") -> 0.72 | AQ5: =IFERROR(VLOOKUP($B5,'LOD 400 - ADMN'!$B:BU,72,FALSE),"N/A") -> OUTDATED | AR5: =IFERROR(VLOOKUP($B5,'LOD 400 - ADMN'!$B:BX,75,FALSE),"N/A") -> OUTDATED | AS5: =IFERROR(VLOOKUP($B5,'LOD 400 - ADMN'!$B:CA,78,FALSE),"N/A") -> 0.64 | AT5: =IFERROR(VLOOKUP($B5,'LOD 400 - ADMN'!$B:CD,81,FALSE),"N/A") -> OUTDATED | AU5: =IFERROR(VLOOKUP($B5,'LOD 400 - ADMN'!$B:CG,84,FALSE),"N/A") -> OUTDATED | AV5: =IFERROR(VLOOKUP($B5,'LOD 400 - ADMN'!$B:CJ,87,FALSE),"N/A") -> OUTDATED | AW5: =IFERROR(VLOOKUP($B5,'LOD 400 - ADMN'!$B:CM,90,FALSE),"N/A") -> OUTDATED | AX5: =IFERROR(VLOOKUP($B5,'LOD 400 - ADMN'!$B:CP,93,FALSE),"N/A") -> NEXT ROUND | AY5: =IFERROR(VLOOKUP($B5,'LOD 400 - ADMN'!$B:CS,96,FALSE),"N/A") -> NEXT ROUND | AZ5: =IFERROR(VLOOKUP($B5,'LOD 400 - ADMN'!$B:CV,99,FALSE),"N/A") -> 0.81 | BA5: =IFERROR(VLOOKUP($B5,'LOD 400 - ADMN'!$B:CY,102,FALSE),"N/A") -> OUTDATED | BB5: =IFERROR(VLOOKUP($B5,'LOD 400 - ADMN'!$B:DB,105,FALSE),"N/A") -> OUTDATED | BC5: =IFERROR(VLOOKUP($B5,'LOD 400 - ADMN'!$B:DE,108,FALSE),"N/A") -> OUTDATED | BD5: =IFERROR(VLOOKUP($B5,'LOD 400 - ADMN'!$B:DH,111,FALSE),"N/A") -> OUTDATED | BE5: =IFERROR(VLOOKUP($B5,'LOD 400 - ADMN'!$B:DK,114,FALSE),"N/A") -> OUTDATED | BF5: =IFERROR(VLOOKUP($B5,'LOD 400 - ADMN'!$B:DN,117,FALSE),"N/A") -> OUTDATED | BG5: =IFERROR(__xludf.DUMMYFUNCTION("IFERROR( MAX(FILTER(Y5:BF5, ISNUMBER(Y5:BF5))), BF5 )"),0.81) -> 0.81 | BH5: =IFERROR(VLOOKUP($B5,'LOD 400 - COLO1'!B:S,18,FALSE),"N/A") -> OUTDATED | BI5: =IFERROR(VLOOKUP($B5,'LOD 400 - COLO1'!B:V,21,FALSE),"N/A") -> OUTDATED | BJ5: =IFERROR(VLOOKUP($B5,'LOD 400 - COLO1'!$B:Y,24,FALSE),"N/A") -> 0.62 | BK5: =IFERROR(VLOOKUP($B5,'LOD 400 - COLO1'!$B:AB,27,FALSE),"N/A") -> OUTDATED | BL5: =IFERROR(VLOOKUP($B5,'LOD 400 - COLO1'!$B:AE,30,FALSE),"N/A") -> NEXT ROUND | BM5: =IFERROR(VLOOKUP($B5,'LOD 400 - COLO1'!$B:AH,33,FALSE),"N/A") -> 0.81 | BN5: =IFERROR(VLOOKUP($B5,'LOD 400 - COLO1'!$B:AK,36,FALSE),"N/A") -> OUTDATED | BO5: =IFERROR(VLOOKUP($B5,'LOD 400 - COLO1'!$B:AN,39,FALSE),"N/A") -> NEXT ROUND | BP5: =IFERROR(VLOOKUP($B5,'LOD 400 - COLO1'!$B:AQ,42,FALSE),"N/A") -> 0.9 | BQ5: =IFERROR(VLOOKUP($B5,'LOD 400 - COLO1'!$B:AT,45,FALSE),"N/A") -> NEXT ROUND | BR5: =IFERROR(VLOOKUP($B5,'LOD 400 - COLO1'!$B:AW,48,FALSE),"N/A") -> IMPROPER | BS5: =IFERROR(VLOOKUP($B5,'LOD 400 - COLO1'!$B:AZ,51,FALSE),"N/A") -> IMPROPER | BT5: =IFERROR(VLOOKUP($B5,'LOD 400 - COLO1'!$B:BC,54,FALSE),"N/A") -> NEXT ROUND | BU5: =IFERROR(VLOOKUP($B5,'LOD 400 - COLO1'!$B:BF,57,FALSE),"N/A") -> IMPROPER | BV5: =IFERROR(VLOOKUP($B5,'LOD 400 - COLO1'!$B:BI,60,FALSE),"N/A") -> OUTDATED | BW5: =IFERROR(VLOOKUP($B5,'LOD 400 - COLO1'!$B:BL,63,FALSE),"N/A") -> OUTDATED | BX5: =IFERROR(VLOOKUP($B5,'LOD 400 - COLO1'!$B:BO,66,FALSE),"N/A") -> OUTDATED | BY5: =IFERROR(VLOOKUP($B5,'LOD 400 - COLO1'!$B:BR,69,FALSE),"N/A") -> 0.87 | BZ5: =IFERROR(VLOOKUP($B5,'LOD 400 - COLO1'!$B:BU,72,FALSE),"N/A") -> OUTDATED | CA5: =IFERROR(VLOOKUP($B5,'LOD 400 - COLO1'!$B:BX,75,FALSE),"N/A") -> OUTDATED | CB5: =IFERROR(VLOOKUP($B5,'LOD 400 - COLO1'!$B:CA,78,FALSE),"N/A") -> 0.77 | CC5: =IFERROR(VLOOKUP($B5,'LOD 400 - COLO1'!$B:CD,81,FALSE),"N/A") -> OUTDATED | CD5: =IFERROR(VLOOKUP($B5,'LOD 400 - COLO1'!$B:CG,84,FALSE),"N/A") -> OUTDATED | CE5: =IFERROR(VLOOKUP($B5,'LOD 400 - COLO1'!$B:CJ,87,FALSE),"N/A") -> OUTDATED | CF5: =IFERROR(VLOOKUP($B5,'LOD 400 - COLO1'!$B:CM,90,FALSE),"N/A") -> OUTDATED | CG5: =IFERROR(VLOOKUP($B5,'LOD 400 - COLO1'!$B:CP,93,FALSE),"N/A") -> NEXT ROUND | CH5: =IFERROR(VLOOKUP($B5,'LOD 400 - COLO1'!$B:CS,96,FALSE),"N/A") -> NEXT ROUND | CI5: =IFERROR(VLOOKUP($B5,'LOD 400 - COLO1'!$B:CV,99,FALSE),"N/A") -> 1 | CJ5: =IFERROR(VLOOKUP($B5,'LOD 400 - COLO1'!$B:CY,102,FALSE),"N/A") -> 1 | CK5: =IFERROR(VLOOKUP($B5,'LOD 400 - COLO1'!$B:DB,105,FALSE),"N/A") -> 1 | CL5: =IFERROR(VLOOKUP($B5,'LOD 400 - COLO1'!$B:DE,108,FALSE),"N/A") -> 1 | CM5: =IFERROR(VLOOKUP($B5,'LOD 400 - COLO1'!$B:DH,111,FALSE),"N/A") -> 1 | CN5: =IFERROR(VLOOKUP($B5,'LOD 400 - COLO1'!$B:DK,114,FALSE),"N/A") -> 1 | CO5: =IFERROR(VLOOKUP($B5,'LOD 400 - COLO1'!$B:DN,117,FALSE),"N/A") -> 1 | CP5: =IFERROR(__xludf.DUMMYFUNCTION("IFERROR( MAX(FILTER(BH5:CO5, ISNUMBER(BH5:CO5))), CO5 )"),1.0) -> 1 | CQ5: =IFERROR(VLOOKUP($B5,'LOD 400 - COLO2'!B:S,18,FALSE),"N/A") -> OUTDATED | CR5: =IFERROR(VLOOKUP($B5,'LOD 400 - COLO2'!B:V,21,FALSE),"N/A") -> OUTDATED | CS5: =IFERROR(VLOOKUP($B5,'LOD 400 - COLO2'!$B:Y,24,FALSE),"N/A") -> 0.43 | CT5: =IFERROR(VLOOKUP($B5,'LOD 400 - COLO2'!$B:DQ,27,FALSE),"N/A") -> OUTDATED | CU5: =IFERROR(VLOOKUP($B5,'LOD 400 - COLO2'!$B:AE,30,FALSE),"N/A") -> NEXT ROUND | CV5: =IFERROR(VLOOKUP($B5,'LOD 400 - COLO2'!$B:AH,33,FALSE),"N/A") -> 0.69 | CW5: =IFERROR(VLOOKUP($B5,'LOD 400 - COLO2'!$B:AK,36,FALSE),"N/A") -> OUTDATED | CX5: =IFERROR(VLOOKUP($B5,'LOD 400 - COLO2'!$B:AN,39,FALSE),"N/A") -> NEXT ROUND | CY5: =IFERROR(VLOOKUP($B5,'LOD 400 - COLO2'!$B:AQ,42,FALSE),"N/A") -> 0.86 | CZ5: =IFERROR(VLOOKUP($B5,'LOD 400 - COLO2'!$B:AT,45,FALSE),"N/A") -> NEXT ROUND | DA5: =IFERROR(VLOOKUP($B5,'LOD 400 - COLO2'!$B:AW,48,FALSE),"N/A") -> IMPROPER | DB5: =IFERROR(VLOOKUP($B5,'LOD 400 - COLO2'!$B:AZ,51,FALSE),"N/A") -> IMPROPER | DC5: =IFERROR(VLOOKUP($B5,'LOD 400 - COLO2'!$B:BC,54,FALSE),"N/A") -> NEXT ROUND | DD5: =IFERROR(VLOOKUP($B5,'LOD 400 - COLO2'!$B:BF,57,FALSE),"N/A") -> IMPROPER | DE5: =IFERROR(VLOOKUP($B5,'LOD 400 - COLO2'!$B:BI,60,FALSE),"N/A") -> OUTDATED | DF5: =IFERROR(VLOOKUP($B5,'LOD 400 - COLO2'!$B:BL,63,FALSE),"N/A") -> OUTDATED | DG5: =IFERROR(VLOOKUP($B5,'LOD 400 - COLO2'!$B:BO,66,FALSE),"N/A") -> OUTDATED | DH5: =IFERROR(VLOOKUP($B5,'LOD 400 - COLO2'!$B:BR,69,FALSE),"N/A") -> NEXT ROUND | DI5: =IFERROR(VLOOKUP($B5,'LOD 400 - COLO2'!$B:BU,72,FALSE),"N/A") -> 0.81 | DJ5: =IFERROR(VLOOKUP($B5,'LOD 400 - COLO2'!$B:BX,75,FALSE),"N/A") -> OUTDATED | DK5: =IFERROR(VLOOKUP($B5,'LOD 400 - COLO2'!$B:CA,78,FALSE),"N/A") -> 0.74 | DL5: =IFERROR(VLOOKUP($B5,'LOD 400 - COLO2'!$B:CD,81,FALSE),"N/A") -> OUTDATED | DM5: =IFERROR(VLOOKUP($B5,'LOD 400 - COLO2'!$B:CG,84,FALSE),"N/A") -> OUTDATED | DN5: =IFERROR(VLOOKUP($B5,'LOD 400 - COLO2'!$B:CJ,87,FALSE),"N/A") -> OUTDATED | DO5: =IFERROR(VLOOKUP($B5,'LOD 400 - COLO2'!$B:CM,90,FALSE),"N/A") -> OUTDATED | DP5: =IFERROR(VLOOKUP($B5,'LOD 400 - COLO2'!$B:CP,93,FALSE),"N/A") -> NEXT ROUND | DQ5: =IFERROR(VLOOKUP($B5,'LOD 400 - COLO2'!$B:CS,96,FALSE),"N/A") -> NEXT ROUND | DR5: =IFERROR(VLOOKUP($B5,'LOD 400 - COLO2'!$B:CV,99,FALSE),"N/A") -> NEXT ROUND | DS5: =IFERROR(VLOOKUP($B5,'LOD 400 - COLO2'!$B:CY,102,FALSE),"N/A") -> 1 | DT5: =IFERROR(VLOOKUP($B5,'LOD 400 - COLO2'!$B:DB,105,FALSE),"N/A") -> 1 | DU5: =IFERROR(VLOOKUP($B5,'LOD 400 - COLO2'!$B:DE,108,FALSE),"N/A") -> 1 | DV5: =IFERROR(VLOOKUP($B5,'LOD 400 - COLO2'!$B:DH,111,FALSE),"N/A") -> 1 | DW5: =IFERROR(VLOOKUP($B5,'LOD 400 - COLO2'!$B:DK,114,FALSE),"N/A") -> 1 | DX5: =IFERROR(VLOOKUP($B5,'LOD 400 - COLO2'!$B:DN,117,FALSE),"N/A") -> 1 | DY5: =IFERROR(__xludf.DUMMYFUNCTION("IFERROR( MAX(FILTER(CQ5:DW5, ISNUMBER(CQ5:DW5))), DW5 )"),1.0) -> 1 | DZ5: =IFERROR(VLOOKUP($B5,'LOD 400 - COLO3'!B:S,18,FALSE),"N/A") -> 0 | EA5: =IFERROR(VLOOKUP($B5,'LOD 400 - COLO3'!B:V,21,FALSE),"N/A") -> 0.74 | EB5: =IFERROR(VLOOKUP($B5,'LOD 400 - COLO3'!B:Y,24,FALSE),"N/A") -> 0.79 | EC5: =IFERROR(VLOOKUP($B5,'LOD 400 - COLO3'!B:AB,27,FALSE),"N/A") -> OUTDATED | ED5: =IFERROR(VLOOKUP($B5,'LOD 400 - COLO3'!B:AE,30,FALSE),"N/A") -> OUTDATED | EE5: =IFERROR(VLOOKUP($B5,'LOD 400 - COLO3'!B:AH,33,FALSE),"N/A") -> OUTDATED | EF5: =IFERROR(VLOOKUP($B5,'LOD 400 - COLO3'!B:AK,36,FALSE),"N/A") -> OUTDATED | EG5: =IFERROR(VLOOKUP($B5,'LOD 400 - COLO3'!B:AN,39,FALSE),"N/A") -> NEXT ROUND | EH5: =IFERROR(VLOOKUP($B5,'LOD 400 - COLO3'!B:AQ,42,FALSE),"N/A") -> NEXT ROUND | EI5: =IFERROR(VLOOKUP($B5,'LOD 400 - COLO3'!B:AT,45,FALSE),"N/A") -> NEXT ROUND | EJ5: =IFERROR(VLOOKUP($B5,'LOD 400 - COLO3'!B:AW,48,FALSE),"N/A") -> 1 | EK5: =IFERROR(VLOOKUP($B5,'LOD 400 - COLO3'!B:AZ,51,FALSE),"N/A") -> 1 | EL5: =IFERROR(VLOOKUP($B5,'LOD 400 - COLO3'!B:BC,54,FALSE),"N/A") -> 1 | EM5: =IFERROR(VLOOKUP($B5,'LOD 400 - COLO3'!B:BF,57,FALSE),"N/A") -> 1 | EN5: =IFERROR(VLOOKUP($B5,'LOD 400 - COLO3'!B:BI,60,FALSE),"N/A") -> 1 | EO5: =IFERROR(VLOOKUP($B5,'LOD 400 - COLO3'!B:BL,63,FALSE),"N/A") -> 1 | EP5: =IFERROR(__xludf.DUMMYFUNCTION("IFERROR( MAX(FILTER(DZ5:EO5, ISNUMBER(DZ5:EO5))), EO5 )"),1.0) -> 1 | EQ5: =IFERROR(VLOOKUP($B5,'LOD 400 - COLO4'!B:S,18,FALSE),"N/A") -> 0 | ER5: =IFERROR(__xludf.DUMMYFUNCTION("IFERROR( MAX(FILTER(EQ5, ISNUMBER(EQ5))), EQ5 )"),0.0) -> 0 | ES5: =IFERROR(VLOOKUP($B5,'LOD 400 - SITE'!B:S,18,FALSE),"N/A") -> N/A | ET5: =IFERROR(VLOOKUP($B5,'LOD 400 - SITE'!B:V,21,FALSE),"N/A") -> N/A | EU5: =IFERROR(VLOOKUP($B5,'LOD 400 - SITE'!$B:Y,24,FALSE),"N/A") -> N/A | EV5: =IFERROR(VLOOKUP($B5,'LOD 400 - SITE'!$B:AB,27,FALSE),"N/A") -> N/A | EW5: =IFERROR(VLOOKUP($B5,'LOD 400 - SITE'!$B:AE,30,FALSE),"N/A") -> N/A | EX5: =IFERROR(VLOOKUP($B5,'LOD 400 - SITE'!$B:AH,33,FALSE),"N/A") -> N/A | EY5: =IFERROR(VLOOKUP($B5,'LOD 400 - SITE'!$B:AK,36,FALSE),"N/A") -> N/A | EZ5: =IFERROR(VLOOKUP($B5,'LOD 400 - SITE'!$B:AN,39,FALSE),"N/A") -> N/A | FA5: =IFERROR(VLOOKUP($B5,'LOD 400 - SITE'!$B:AQ,42,FALSE),"N/A") -> N/A | FB5: =IFERROR(VLOOKUP($B5,'LOD 400 - SITE'!$B:AT,45,FALSE),"N/A") -> N/A | FC5: =IFERROR(VLOOKUP($B5,'LOD 400 - SITE'!$B:AW,48,FALSE),"N/A") -> N/A | FD5: =IFERROR(VLOOKUP($B5,'LOD 400 - SITE'!$B:AZ,51,FALSE),"N/A") -> N/A | FE5: =IFERROR(VLOOKUP($B5,'LOD 400 - SITE'!$B:BC,54,FALSE),"N/A") -> N/A | FF5: =IFERROR(VLOOKUP($B5,'LOD 400 - SITE'!$B:BF,57,FALSE),"N/A") -> N/A | FG5: =IFERROR(VLOOKUP($B5,'LOD 400 - SITE'!$B:BI,60,FALSE),"N/A") -> N/A | FH5: =IFERROR(VLOOKUP($B5,'LOD 400 - SITE'!$B:BL,63,FALSE),"N/A") -> N/A | FI5: =IFERROR(VLOOKUP($B5,'LOD 400 - SITE'!$B:BO,66,FALSE),"N/A") -> N/A | FJ5: =IFERROR(VLOOKUP($B5,'LOD 400 - SITE'!$B:BR,69,FALSE),"N/A") -> N/A | FK5: =IFERROR(VLOOKUP($B5,'LOD 400 - SITE'!$B:BU,72,FALSE),"N/A") -> N/A | FL5: =IFERROR(VLOOKUP($B5,'LOD 400 - SITE'!$B:BX,75,FALSE),"N/A") -> N/A | FM5: =IFERROR(VLOOKUP($B5,'LOD 400 - SITE'!$B:CA,78,FALSE),"N/A") -> N/A | FN5: =IFERROR(VLOOKUP($B5,'LOD 400 - SITE'!$B:CD,81,FALSE),"N/A") -> N/A | FO5: =IFERROR(VLOOKUP($B5,'LOD 400 - SITE'!$B:CG,84,FALSE),"N/A") -> N/A | FP5: =IFERROR(VLOOKUP($B5,'LOD 400 - SITE'!$B:CJ,87,FALSE),"N/A") -> N/A | FQ5: =IFERROR(VLOOKUP($B5,'LOD 400 - SITE'!$B:CM,90,FALSE),"N/A") -> N/A | FR5: =IFERROR(VLOOKUP($B5,'LOD 400 - SITE'!$B:CP,93,FALSE),"N/A") -> N/A | FS5: =IFERROR(VLOOKUP($B5,'LOD 400 - SITE'!$B:CS,96,FALSE),"N/A") -> N/A | FT5: =IFERROR(VLOOKUP($B5,'LOD 400 - SITE'!$B:CV,99,FALSE),"N/A") -> N/A | FU5: =IFERROR(VLOOKUP($B5,'LOD 400 - SITE'!$B:CY,102,FALSE),"N/A") -> N/A | FV5: =IFERROR(VLOOKUP($B5,'LOD 400 - SITE'!$B:DB,105,FALSE),"N/A") -> N/A | FW5: =IFERROR(VLOOKUP($B5,'LOD 400 - SITE'!$B:DE,108,FALSE),"N/A") -> N/A | FX5: =IFERROR(VLOOKUP($B5,'LOD 400 - SITE'!$B:DH,111,FALSE),"N/A") -> N/A | FY5: =IFERROR(VLOOKUP($B5,'LOD 400 - SITE'!$B:DK,114,FALSE),"N/A") -> N/A | FZ5: =IFERROR(__xludf.DUMMYFUNCTION("IFERROR( MAX(FILTER(ES5:FY5, ISNUMBER(ES5:FY5))), FY5 )"),"N/A") -> N/A | GA5: =IFERROR(VLOOKUP($B5,'LOD 400 - UTLS'!B:S,18,FALSE),"N/A") -> N/A | GB5: =IFERROR(VLOOKUP($B5,'LOD 400 - UTLS'!B:V,21,FALSE),"N/A") -> N/A | GC5: =IFERROR(VLOOKUP($B5,'LOD 400 - UTLS'!B:Y,24,FALSE),"N/A") -> N/A | GD5: =IFERROR(VLOOKUP($B5,'LOD 400 - UTLS'!$B:AB,27,FALSE),"N/A") -> N/A | GE5: =IFERROR(VLOOKUP($B5,'LOD 400 - UTLS'!$B:AE,30,FALSE),"N/A") -> N/A | GF5: =IFERROR(VLOOKUP($B5,'LOD 400 - UTLS'!$B:AH,33,FALSE),"N/A") -> N/A | GG5: =IFERROR(VLOOKUP($B5,'LOD 400 - UTLS'!$B:AK,36,FALSE),"N/A") -> N/A | GH5: =IFERROR(VLOOKUP($B5,'LOD 400 - UTLS'!$B:AN,39,FALSE),"N/A") -> N/A | GI5: =IFERROR(VLOOKUP($B5,'LOD 400 - UTLS'!$B:AQ,42,FALSE),"N/A") -> N/A | GJ5: =IFERROR(VLOOKUP($B5,'LOD 400 - UTLS'!$B:AT,45,FALSE),"N/A") -> N/A | GK5: =IFERROR(VLOOKUP($B5,'LOD 400 - UTLS'!$B:AW,48,FALSE),"N/A") -> N/A | GL5: =IFERROR(VLOOKUP($B5,'LOD 400 - UTLS'!$B:AZ,51,FALSE),"N/A") -> N/A | GM5: =IFERROR(VLOOKUP($B5,'LOD 400 - UTLS'!$B:BC,54,FALSE),"N/A") -> N/A | GN5: =IFERROR(VLOOKUP($B5,'LOD 400 - UTLS'!$B:BF,57,FALSE),"N/A") -> N/A | GO5: =IFERROR(VLOOKUP($B5,'LOD 400 - UTLS'!$B:BI,60,FALSE),"N/A") -> N/A | GP5: =IFERROR(VLOOKUP($B5,'LOD 400 - UTLS'!$B:BL,63,FALSE),"N/A") -> N/A | GQ5: =IFERROR(VLOOKUP($B5,'LOD 400 - UTLS'!$B:BO,66,FALSE),"N/A") -> N/A | GR5: =IFERROR(VLOOKUP($B5,'LOD 400 - UTLS'!$B:BR,69,FALSE),"N/A") -> N/A | GS5: =IFERROR(VLOOKUP($B5,'LOD 400 - UTLS'!$B:BU,72,FALSE),"N/A") -> N/A | GT5: =IFERROR(VLOOKUP($B5,'LOD 400 - UTLS'!$B:BX,75,FALSE),"N/A") -> N/A | GU5: =IFERROR(VLOOKUP($B5,'LOD 400 - UTLS'!$B:CA,78,FALSE),"N/A") -> N/A | GV5: =IFERROR(VLOOKUP($B5,'LOD 400 - UTLS'!$B:CD,81,FALSE),"N/A") -> N/A | GW5: =IFERROR(VLOOKUP($B5,'LOD 400 - UTLS'!$B:CG,84,FALSE),"N/A") -> N/A | GX5: =IFERROR(VLOOKUP($B5,'LOD 400 - UTLS'!$B:CJ,87,FALSE),"N/A") -> N/A | GY5: =IFERROR(VLOOKUP($B5,'LOD 400 - UTLS'!$B:CM,90,FALSE),"N/A") -> N/A | GZ5: =IFERROR(VLOOKUP($B5,'LOD 400 - UTLS'!$B:CP,93,FALSE),"N/A") -> N/A | HA5: =IFERROR(VLOOKUP($B5,'LOD 400 - UTLS'!$B:CS,96,FALSE),"N/A") -> N/A | HB5: =IFERROR(VLOOKUP($B5,'LOD 400 - UTLS'!$B:CV,99,FALSE),"N/A") -> N/A | HC5: =IFERROR(VLOOKUP($B5,'LOD 400 - UTLS'!$B:CY,102,FALSE),"N/A") -> N/A | HD5: =IFERROR(VLOOKUP($B5,'LOD 400 - UTLS'!$B:DB,105,FALSE),"N/A") -> N/A | HE5: =IFERROR(__xludf.DUMMYFUNCTION("IFERROR( MAX(FILTER(GA5:HD5, ISNUMBER(GA5:HD5))), HD5 )"),"N/A") -> N/A
A6: 3 | B6: CPQ11-ARCH-ARCH-SITE-R24.rvt | C6: CPQ11-ARCH-ARCH-SITE-R22.rvt | D6: =MID(B6,17,4) -> SITE | E6: ARE ARQUITETURA | F6: 1130 | G6: ARE ARQUITETURA | H6: 1130 | I6: =IFERROR(VLOOKUP($C3:C108,'R22 RELATÓRIO ACC'!B:F,5,FALSE),"NOT PUBLISHED") -> V28 | J6: =IFERROR(VLOOKUP($C3:C108,'R22 RELATÓRIO ACC'!B:P,15,FALSE),"NOT PUBLISHED") -> 17/04/2026 | K6: =IFERROR(VLOOKUP($B3:B108,'RELATÓRIO ACC'!B:F,5,FALSE),"NOT PUBLISHED") -> V4 | L6: =IFERROR(VLOOKUP($B3:B108,'RELATÓRIO ACC'!B:P,15,FALSE),"NOT PUBLISHED") -> 15/07/2026 | M6: =IF(OR($D6="UTLS",$D6="GUAR",$D6="STIR",$D6="PUMP",$D6="SITE"), VLOOKUP($B6,'LOD 400 - SITE'!B:M,12,FALSE), VLOOKUP($B6,'LOD 400 - ADMN'!B:M,12,FALSE) ) -> V4 | N6: =IF(OR($D6="UTLS",$D6="GUAR",$D6="STIR",$D6="PUMP",$D6="SITE"), VLOOKUP($B6,'LOD 400 - SITE'!B:N,13,FALSE), VLOOKUP($B6,'LOD 400 - ADMN'!B:N,13,FALSE) ) -> 46218 | O6: =IF(OR($D6="UTLS",$D6="GUAR",$D6="STIR",$D6="PUMP",$D6="SITE"), VLOOKUP($B6,'LOD 400 - SITE'!B:O,14,FALSE), VLOOKUP($B6,'LOD 400 - ADMN'!B:O,14,FALSE) ) -> R24 | P6: =IF(OR($D6="C345",$D6="C12A",$D6="DATA"), VLOOKUP($B6,'LOD 400 - COLO3'!B:M,12,FALSE),"N/A") -> N/A | Q6: =IF(OR($D6="C345",$D6="C12A",$D6="DATA"), VLOOKUP($B6,'LOD 400 - COLO3'!B:N,13,FALSE),"N/A") -> N/A | R6: =IF(OR($D6="C345",$D6="C12A",$D6="DATA"), VLOOKUP($B6,'LOD 400 - COLO3'!B:O,14,FALSE),"N/A") -> N/A | S6: =IF(OR($D6="C345",$D6="C12A",$D6="DATA"), VLOOKUP($B6,'LOD 400 - COLO4'!B:N,12,FALSE),"N/A") -> N/A | T6: =IF(OR($D6="C345",$D6="C12A",$D6="DATA"), VLOOKUP($B6,'LOD 400 - COLO4'!B:N,13,FALSE),"N/A") -> N/A | U6: =IF(OR($D6="C345",$D6="C12A",$D6="DATA"), VLOOKUP($B6,'LOD 400 - COLO4'!B:N,13,FALSE),"N/A") -> N/A | V6: =IF(OR($D6="UTLS",$D6="GUAR",$D6="STIR",$D6="PUMP",$D6="SITE"), VLOOKUP($B6,'LOD 400 - UTLS'!B:M,12,FALSE),"N/A") -> V3 | W6: =IF(OR($D6="UTLS",$D6="GUAR",$D6="STIR",$D6="PUMP",$D6="SITE"), VLOOKUP($B6,'LOD 400 - UTLS'!B:N,13,FALSE),"N/A") -> 46176 | X6: =IF(OR($D6="UTLS",$D6="GUAR",$D6="STIR",$D6="PUMP",$D6="SITE"), VLOOKUP($B6,'LOD 400 - UTLS'!B:O,14,FALSE),"N/A") -> R24 | Y6: =IFERROR(VLOOKUP($B6,'LOD 400 - ADMN'!B:S,18,FALSE),"N/A") -> N/A | Z6: =IFERROR(VLOOKUP($B6,'LOD 400 - ADMN'!B:V,21,FALSE),"N/A") -> N/A | AA6: =IFERROR(VLOOKUP($B6,'LOD 400 - ADMN'!$B:Y,24,FALSE),"N/A") -> N/A | AB6: =IFERROR(VLOOKUP($B6,'LOD 400 - ADMN'!$B:AB,27,FALSE),"N/A") -> N/A | AC6: =IFERROR(VLOOKUP($B6,'LOD 400 - ADMN'!$B:AE,30,FALSE),"N/A") -> N/A | AD6: =IFERROR(VLOOKUP($B6,'LOD 400 - ADMN'!$B:AH,33,FALSE),"N/A") -> N/A | AE6: =IFERROR(VLOOKUP($B6,'LOD 400 - ADMN'!$B:AK,36,FALSE),"N/A") -> N/A | AF6: =IFERROR(VLOOKUP($B6,'LOD 400 - ADMN'!$B:AN,39,FALSE),"N/A") -> N/A | AG6: =IFERROR(VLOOKUP($B6,'LOD 400 - ADMN'!$B:AQ,42,FALSE),"N/A") -> N/A | AH6: =IFERROR(VLOOKUP($B6,'LOD 400 - ADMN'!$B:AT,45,FALSE),"N/A") -> N/A | AI6: =IFERROR(VLOOKUP($B6,'LOD 400 - ADMN'!$B:AW,48,FALSE),"N/A") -> N/A | AJ6: =IFERROR(VLOOKUP($B6,'LOD 400 - ADMN'!$B:AZ,51,FALSE),"N/A") -> N/A | AK6: =IFERROR(VLOOKUP($B6,'LOD 400 - ADMN'!$B:BC,54,FALSE),"N/A") -> N/A | AL6: =IFERROR(VLOOKUP($B6,'LOD 400 - ADMN'!$B:BF,57,FALSE),"N/A") -> N/A | AM6: =IFERROR(VLOOKUP($B6,'LOD 400 - ADMN'!$B:BI,60,FALSE),"N/A") -> N/A | AN6: =IFERROR(VLOOKUP($B6,'LOD 400 - ADMN'!$B:BL,63,FALSE),"N/A") -> N/A | AO6: =IFERROR(VLOOKUP($B6,'LOD 400 - ADMN'!$B:BO,66,FALSE),"N/A") -> N/A | AP6: =IFERROR(VLOOKUP($B6,'LOD 400 - ADMN'!$B:BR,69,FALSE),"N/A") -> N/A | AQ6: =IFERROR(VLOOKUP($B6,'LOD 400 - ADMN'!$B:BU,72,FALSE),"N/A") -> N/A | AR6: =IFERROR(VLOOKUP($B6,'LOD 400 - ADMN'!$B:BX,75,FALSE),"N/A") -> N/A | AS6: =IFERROR(VLOOKUP($B6,'LOD 400 - ADMN'!$B:CA,78,FALSE),"N/A") -> N/A | AT6: =IFERROR(VLOOKUP($B6,'LOD 400 - ADMN'!$B:CD,81,FALSE),"N/A") -> N/A | AU6: =IFERROR(VLOOKUP($B6,'LOD 400 - ADMN'!$B:CG,84,FALSE),"N/A") -> N/A | AV6: =IFERROR(VLOOKUP($B6,'LOD 400 - ADMN'!$B:CJ,87,FALSE),"N/A") -> N/A | AW6: =IFERROR(VLOOKUP($B6,'LOD 400 - ADMN'!$B:CM,90,FALSE),"N/A") -> N/A | AX6: =IFERROR(VLOOKUP($B6,'LOD 400 - ADMN'!$B:CP,93,FALSE),"N/A") -> N/A | AY6: =IFERROR(VLOOKUP($B6,'LOD 400 - ADMN'!$B:CS,96,FALSE),"N/A") -> N/A | AZ6: =IFERROR(VLOOKUP($B6,'LOD 400 - ADMN'!$B:CV,99,FALSE),"N/A") -> N/A | BA6: =IFERROR(VLOOKUP($B6,'LOD 400 - ADMN'!$B:CY,102,FALSE),"N/A") -> N/A | BB6: =IFERROR(VLOOKUP($B6,'LOD 400 - ADMN'!$B:DB,105,FALSE),"N/A") -> N/A | BC6: =IFERROR(VLOOKUP($B6,'LOD 400 - ADMN'!$B:DE,108,FALSE),"N/A") -> N/A | BD6: =IFERROR(VLOOKUP($B6,'LOD 400 - ADMN'!$B:DH,111,FALSE),"N/A") -> N/A | BE6: =IFERROR(VLOOKUP($B6,'LOD 400 - ADMN'!$B:DK,114,FALSE),"N/A") -> N/A | BF6: =IFERROR(VLOOKUP($B6,'LOD 400 - ADMN'!$B:DN,117,FALSE),"N/A") -> N/A | BG6: =IFERROR(__xludf.DUMMYFUNCTION("IFERROR( MAX(FILTER(Y6:BF6, ISNUMBER(Y6:BF6))), BF6 )"),"N/A") -> N/A | BH6: =IFERROR(VLOOKUP($B6,'LOD 400 - COLO1'!B:S,18,FALSE),"N/A") -> N/A | BI6: =IFERROR(VLOOKUP($B6,'LOD 400 - COLO1'!B:V,21,FALSE),"N/A") -> N/A | BJ6: =IFERROR(VLOOKUP($B6,'LOD 400 - COLO1'!$B:Y,24,FALSE),"N/A") -> N/A | BK6: =IFERROR(VLOOKUP($B6,'LOD 400 - COLO1'!$B:AB,27,FALSE),"N/A") -> N/A | BL6: =IFERROR(VLOOKUP($B6,'LOD 400 - COLO1'!$B:AE,30,FALSE),"N/A") -> N/A | BM6: =IFERROR(VLOOKUP($B6,'LOD 400 - COLO1'!$B:AH,33,FALSE),"N/A") -> N/A | BN6: =IFERROR(VLOOKUP($B6,'LOD 400 - COLO1'!$B:AK,36,FALSE),"N/A") -> N/A | BO6: =IFERROR(VLOOKUP($B6,'LOD 400 - COLO1'!$B:AN,39,FALSE),"N/A") -> N/A | BP6: =IFERROR(VLOOKUP($B6,'LOD 400 - COLO1'!$B:AQ,42,FALSE),"N/A") -> N/A | BQ6: =IFERROR(VLOOKUP($B6,'LOD 400 - COLO1'!$B:AT,45,FALSE),"N/A") -> N/A | BR6: =IFERROR(VLOOKUP($B6,'LOD 400 - COLO1'!$B:AW,48,FALSE),"N/A") -> N/A | BS6: =IFERROR(VLOOKUP($B6,'LOD 400 - COLO1'!$B:AZ,51,FALSE),"N/A") -> N/A | BT6: =IFERROR(VLOOKUP($B6,'LOD 400 - COLO1'!$B:BC,54,FALSE),"N/A") -> N/A | BU6: =IFERROR(VLOOKUP($B6,'LOD 400 - COLO1'!$B:BF,57,FALSE),"N/A") -> N/A | BV6: =IFERROR(VLOOKUP($B6,'LOD 400 - COLO1'!$B:BI,60,FALSE),"N/A") -> N/A | BW6: =IFERROR(VLOOKUP($B6,'LOD 400 - COLO1'!$B:BL,63,FALSE),"N/A") -> N/A | BX6: =IFERROR(VLOOKUP($B6,'LOD 400 - COLO1'!$B:BO,66,FALSE),"N/A") -> N/A | BY6: =IFERROR(VLOOKUP($B6,'LOD 400 - COLO1'!$B:BR,69,FALSE),"N/A") -> N/A | BZ6: =IFERROR(VLOOKUP($B6,'LOD 400 - COLO1'!$B:BU,72,FALSE),"N/A") -> N/A | CA6: =IFERROR(VLOOKUP($B6,'LOD 400 - COLO1'!$B:BX,75,FALSE),"N/A") -> N/A | CB6: =IFERROR(VLOOKUP($B6,'LOD 400 - COLO1'!$B:CA,78,FALSE),"N/A") -> N/A | CC6: =IFERROR(VLOOKUP($B6,'LOD 400 - COLO1'!$B:CD,81,FALSE),"N/A") -> N/A | CD6: =IFERROR(VLOOKUP($B6,'LOD 400 - COLO1'!$B:CG,84,FALSE),"N/A") -> N/A | CE6: =IFERROR(VLOOKUP($B6,'LOD 400 - COLO1'!$B:CJ,87,FALSE),"N/A") -> N/A | CF6: =IFERROR(VLOOKUP($B6,'LOD 400 - COLO1'!$B:CM,90,FALSE),"N/A") -> N/A | CG6: =IFERROR(VLOOKUP($B6,'LOD 400 - COLO1'!$B:CP,93,FALSE),"N/A") -> N/A | CH6: =IFERROR(VLOOKUP($B6,'LOD 400 - COLO1'!$B:CS,96,FALSE),"N/A") -> N/A | CI6: =IFERROR(VLOOKUP($B6,'LOD 400 - COLO1'!$B:CV,99,FALSE),"N/A") -> N/A | CJ6: =IFERROR(VLOOKUP($B6,'LOD 400 - COLO1'!$B:CY,102,FALSE),"N/A") -> N/A | CK6: =IFERROR(VLOOKUP($B6,'LOD 400 - COLO1'!$B:DB,105,FALSE),"N/A") -> N/A | CL6: =IFERROR(VLOOKUP($B6,'LOD 400 - COLO1'!$B:DE,108,FALSE),"N/A") -> N/A | CM6: =IFERROR(VLOOKUP($B6,'LOD 400 - COLO1'!$B:DH,111,FALSE),"N/A") -> N/A | CN6: =IFERROR(VLOOKUP($B6,'LOD 400 - COLO1'!$B:DK,114,FALSE),"N/A") -> N/A | CO6: =IFERROR(VLOOKUP($B6,'LOD 400 - COLO1'!$B:DN,117,FALSE),"N/A") -> N/A | CP6: =IFERROR(__xludf.DUMMYFUNCTION("IFERROR( MAX(FILTER(BH6:CO6, ISNUMBER(BH6:CO6))), CO6 )"),"N/A") -> N/A | CQ6: =IFERROR(VLOOKUP($B6,'LOD 400 - COLO2'!B:S,18,FALSE),"N/A") -> N/A | CR6: =IFERROR(VLOOKUP($B6,'LOD 400 - COLO2'!B:V,21,FALSE),"N/A") -> N/A | CS6: =IFERROR(VLOOKUP($B6,'LOD 400 - COLO2'!$B:Y,24,FALSE),"N/A") -> N/A | CT6: =IFERROR(VLOOKUP($B6,'LOD 400 - COLO2'!$B:DQ,27,FALSE),"N/A") -> N/A | CU6: =IFERROR(VLOOKUP($B6,'LOD 400 - COLO2'!$B:AE,30,FALSE),"N/A") -> N/A | CV6: =IFERROR(VLOOKUP($B6,'LOD 400 - COLO2'!$B:AH,33,FALSE),"N/A") -> N/A | CW6: =IFERROR(VLOOKUP($B6,'LOD 400 - COLO2'!$B:AK,36,FALSE),"N/A") -> N/A | CX6: =IFERROR(VLOOKUP($B6,'LOD 400 - COLO2'!$B:AN,39,FALSE),"N/A") -> N/A | CY6: =IFERROR(VLOOKUP($B6,'LOD 400 - COLO2'!$B:AQ,42,FALSE),"N/A") -> N/A | CZ6: =IFERROR(VLOOKUP($B6,'LOD 400 - COLO2'!$B:AT,45,FALSE),"N/A") -> N/A | DA6: =IFERROR(VLOOKUP($B6,'LOD 400 - COLO2'!$B:AW,48,FALSE),"N/A") -> N/A | DB6: =IFERROR(VLOOKUP($B6,'LOD 400 - COLO2'!$B:AZ,51,FALSE),"N/A") -> N/A | DC6: =IFERROR(VLOOKUP($B6,'LOD 400 - COLO2'!$B:BC,54,FALSE),"N/A") -> N/A | DD6: =IFERROR(VLOOKUP($B6,'LOD 400 - COLO2'!$B:BF,57,FALSE),"N/A") -> N/A | DE6: =IFERROR(VLOOKUP($B6,'LOD 400 - COLO2'!$B:BI,60,FALSE),"N/A") -> N/A | DF6: =IFERROR(VLOOKUP($B6,'LOD 400 - COLO2'!$B:BL,63,FALSE),"N/A") -> N/A | DG6: =IFERROR(VLOOKUP($B6,'LOD 400 - COLO2'!$B:BO,66,FALSE),"N/A") -> N/A | DH6: =IFERROR(VLOOKUP($B6,'LOD 400 - COLO2'!$B:BR,69,FALSE),"N/A") -> N/A | DI6: =IFERROR(VLOOKUP($B6,'LOD 400 - COLO2'!$B:BU,72,FALSE),"N/A") -> N/A | DJ6: =IFERROR(VLOOKUP($B6,'LOD 400 - COLO2'!$B:BX,75,FALSE),"N/A") -> N/A | DK6: =IFERROR(VLOOKUP($B6,'LOD 400 - COLO2'!$B:CA,78,FALSE),"N/A") -> N/A | DL6: =IFERROR(VLOOKUP($B6,'LOD 400 - COLO2'!$B:CD,81,FALSE),"N/A") -> N/A | DM6: =IFERROR(VLOOKUP($B6,'LOD 400 - COLO2'!$B:CG,84,FALSE),"N/A") -> N/A | DN6: =IFERROR(VLOOKUP($B6,'LOD 400 - COLO2'!$B:CJ,87,FALSE),"N/A") -> N/A | DO6: =IFERROR(VLOOKUP($B6,'LOD 400 - COLO2'!$B:CM,90,FALSE),"N/A") -> N/A | DP6: =IFERROR(VLOOKUP($B6,'LOD 400 - COLO2'!$B:CP,93,FALSE),"N/A") -> N/A | DQ6: =IFERROR(VLOOKUP($B6,'LOD 400 - COLO2'!$B:CS,96,FALSE),"N/A") -> N/A | DR6: =IFERROR(VLOOKUP($B6,'LOD 400 - COLO2'!$B:CV,99,FALSE),"N/A") -> N/A | DS6: =IFERROR(VLOOKUP($B6,'LOD 400 - COLO2'!$B:CY,102,FALSE),"N/A") -> N/A | DT6: =IFERROR(VLOOKUP($B6,'LOD 400 - COLO2'!$B:DB,105,FALSE),"N/A") -> N/A | DU6: =IFERROR(VLOOKUP($B6,'LOD 400 - COLO2'!$B:DE,108,FALSE),"N/A") -> N/A | DV6: =IFERROR(VLOOKUP($B6,'LOD 400 - COLO2'!$B:DH,111,FALSE),"N/A") -> N/A | DW6: =IFERROR(VLOOKUP($B6,'LOD 400 - COLO2'!$B:DK,114,FALSE),"N/A") -> N/A | DX6: =IFERROR(VLOOKUP($B6,'LOD 400 - COLO2'!$B:DN,117,FALSE),"N/A") -> N/A | DY6: =IFERROR(__xludf.DUMMYFUNCTION("IFERROR( MAX(FILTER(CQ6:DW6, ISNUMBER(CQ6:DW6))), DW6 )"),"N/A") -> N/A | DZ6: =IFERROR(VLOOKUP($B6,'LOD 400 - COLO3'!B:S,18,FALSE),"N/A") -> N/A | EA6: =IFERROR(VLOOKUP($B6,'LOD 400 - COLO3'!B:V,21,FALSE),"N/A") -> N/A | EB6: =IFERROR(VLOOKUP($B6,'LOD 400 - COLO3'!B:Y,24,FALSE),"N/A") -> N/A | EC6: =IFERROR(VLOOKUP($B6,'LOD 400 - COLO3'!B:AB,27,FALSE),"N/A") -> N/A | ED6: =IFERROR(VLOOKUP($B6,'LOD 400 - COLO3'!B:AE,30,FALSE),"N/A") -> N/A | EE6: =IFERROR(VLOOKUP($B6,'LOD 400 - COLO3'!B:AH,33,FALSE),"N/A") -> N/A | EF6: =IFERROR(VLOOKUP($B6,'LOD 400 - COLO3'!B:AK,36,FALSE),"N/A") -> N/A | EG6: =IFERROR(VLOOKUP($B6,'LOD 400 - COLO3'!B:AN,39,FALSE),"N/A") -> N/A | EH6: =IFERROR(VLOOKUP($B6,'LOD 400 - COLO3'!B:AQ,42,FALSE),"N/A") -> N/A | EI6: =IFERROR(VLOOKUP($B6,'LOD 400 - COLO3'!B:AT,45,FALSE),"N/A") -> N/A | EJ6: =IFERROR(VLOOKUP($B6,'LOD 400 - COLO3'!B:AW,48,FALSE),"N/A") -> N/A | EK6: =IFERROR(VLOOKUP($B6,'LOD 400 - COLO3'!B:AZ,51,FALSE),"N/A") -> N/A | EL6: =IFERROR(VLOOKUP($B6,'LOD 400 - COLO3'!B:BC,54,FALSE),"N/A") -> N/A | EM6: =IFERROR(VLOOKUP($B6,'LOD 400 - COLO3'!B:BF,57,FALSE),"N/A") -> N/A | EN6: =IFERROR(VLOOKUP($B6,'LOD 400 - COLO3'!B:BI,60,FALSE),"N/A") -> N/A | EO6: =IFERROR(VLOOKUP($B6,'LOD 400 - COLO3'!B:BL,63,FALSE),"N/A") -> N/A | EP6: =IFERROR(__xludf.DUMMYFUNCTION("IFERROR( MAX(FILTER(DZ6:EO6, ISNUMBER(DZ6:EO6))), EO6 )"),"N/A") -> N/A | EQ6: =IFERROR(VLOOKUP($B6,'LOD 400 - COLO4'!B:S,18,FALSE),"N/A") -> N/A | ER6: =IFERROR(__xludf.DUMMYFUNCTION("IFERROR( MAX(FILTER(EQ6, ISNUMBER(EQ6))), EQ6 )"),"N/A") -> N/A | ES6: =IFERROR(VLOOKUP($B6,'LOD 400 - SITE'!B:S,18,FALSE),"N/A") -> OUTDATED | ET6: =IFERROR(VLOOKUP($B6,'LOD 400 - SITE'!B:V,21,FALSE),"N/A") -> OUTDATED | EU6: =IFERROR(VLOOKUP($B6,'LOD 400 - SITE'!$B:Y,24,FALSE),"N/A") -> 0.13 | EV6: =IFERROR(VLOOKUP($B6,'LOD 400 - SITE'!$B:AB,27,FALSE),"N/A") -> IMPROPER | EW6: =IFERROR(VLOOKUP($B6,'LOD 400 - SITE'!$B:AE,30,FALSE),"N/A") -> NEXT ROUND | EX6: =IFERROR(VLOOKUP($B6,'LOD 400 - SITE'!$B:AH,33,FALSE),"N/A") -> 0.31 | EY6: =IFERROR(VLOOKUP($B6,'LOD 400 - SITE'!$B:AK,36,FALSE),"N/A") -> OUTDATED | EZ6: =IFERROR(VLOOKUP($B6,'LOD 400 - SITE'!$B:AN,39,FALSE),"N/A") -> OUTDATED | FA6: =IFERROR(VLOOKUP($B6,'LOD 400 - SITE'!$B:AQ,42,FALSE),"N/A") -> NEXT ROUND | FB6: =IFERROR(VLOOKUP($B6,'LOD 400 - SITE'!$B:AT,45,FALSE),"N/A") -> IMPROPER | FC6: =IFERROR(VLOOKUP($B6,'LOD 400 - SITE'!$B:AW,48,FALSE),"N/A") -> IMPROPER | FD6: =IFERROR(VLOOKUP($B6,'LOD 400 - SITE'!$B:AZ,51,FALSE),"N/A") -> NEXT ROUND | FE6: =IFERROR(VLOOKUP($B6,'LOD 400 - SITE'!$B:BC,54,FALSE),"N/A") -> IMPROPER | FF6: =IFERROR(VLOOKUP($B6,'LOD 400 - SITE'!$B:BF,57,FALSE),"N/A") -> OUTDATED | FG6: =IFERROR(VLOOKUP($B6,'LOD 400 - SITE'!$B:BI,60,FALSE),"N/A") -> NEXT ROUND | FH6: =IFERROR(VLOOKUP($B6,'LOD 400 - SITE'!$B:BL,63,FALSE),"N/A") -> NEXT ROUND | FI6: =IFERROR(VLOOKUP($B6,'LOD 400 - SITE'!$B:BO,66,FALSE),"N/A") -> NEXT ROUND | FJ6: =IFERROR(VLOOKUP($B6,'LOD 400 - SITE'!$B:BR,69,FALSE),"N/A") -> NEXT ROUND | FK6: =IFERROR(VLOOKUP($B6,'LOD 400 - SITE'!$B:BU,72,FALSE),"N/A") -> NEXT ROUND | FL6: =IFERROR(VLOOKUP($B6,'LOD 400 - SITE'!$B:BX,75,FALSE),"N/A") -> 0.34 | FM6: =IFERROR(VLOOKUP($B6,'LOD 400 - SITE'!$B:CA,78,FALSE),"N/A") -> 0.34 | FN6: =IFERROR(VLOOKUP($B6,'LOD 400 - SITE'!$B:CD,81,FALSE),"N/A") -> OUTDATED | FO6: =IFERROR(VLOOKUP($B6,'LOD 400 - SITE'!$B:CG,84,FALSE),"N/A") -> OUTDATED | FP6: =IFERROR(VLOOKUP($B6,'LOD 400 - SITE'!$B:CJ,87,FALSE),"N/A") -> OUTDATED | FQ6: =IFERROR(VLOOKUP($B6,'LOD 400 - SITE'!$B:CM,90,FALSE),"N/A") -> NEXT ROUND | FR6: =IFERROR(VLOOKUP($B6,'LOD 400 - SITE'!$B:CP,93,FALSE),"N/A") -> NEXT ROUND | FS6: =IFERROR(VLOOKUP($B6,'LOD 400 - SITE'!$B:CS,96,FALSE),"N/A") -> 0.98 | FT6: =IFERROR(VLOOKUP($B6,'LOD 400 - SITE'!$B:CV,99,FALSE),"N/A") -> OUTDATED | FU6: =IFERROR(VLOOKUP($B6,'LOD 400 - SITE'!$B:CY,102,FALSE),"N/A") -> OUTDATED | FV6: =IFERROR(VLOOKUP($B6,'LOD 400 - SITE'!$B:DB,105,FALSE),"N/A") -> OUTDATED | FW6: =IFERROR(VLOOKUP($B6,'LOD 400 - SITE'!$B:DE,108,FALSE),"N/A") -> OUTDATED | FX6: =IFERROR(VLOOKUP($B6,'LOD 400 - SITE'!$B:DH,111,FALSE),"N/A") -> OUTDATED | FY6: =IFERROR(VLOOKUP($B6,'LOD 400 - SITE'!$B:DK,114,FALSE),"N/A") -> 1 | FZ6: =IFERROR(__xludf.DUMMYFUNCTION("IFERROR( MAX(FILTER(ES6:FY6, ISNUMBER(ES6:FY6))), FY6 )"),1.0) -> 1 | GA6: =IFERROR(VLOOKUP($B6,'LOD 400 - UTLS'!B:S,18,FALSE),"N/A") -> 0.17 | GB6: =IFERROR(VLOOKUP($B6,'LOD 400 - UTLS'!B:V,21,FALSE),"N/A") -> IMPROPER | GC6: =IFERROR(VLOOKUP($B6,'LOD 400 - UTLS'!B:Y,24,FALSE),"N/A") -> 0.4 | GD6: =IFERROR(VLOOKUP($B6,'LOD 400 - UTLS'!$B:AB,27,FALSE),"N/A") -> OUTDATED | GE6: =IFERROR(VLOOKUP($B6,'LOD 400 - UTLS'!$B:AE,30,FALSE),"N/A") -> OUTDATED | GF6: =IFERROR(VLOOKUP($B6,'LOD 400 - UTLS'!$B:AH,33,FALSE),"N/A") -> NEXT ROUND | GG6: =IFERROR(VLOOKUP($B6,'LOD 400 - UTLS'!$B:AK,36,FALSE),"N/A") -> IMPROPER | GH6: =IFERROR(VLOOKUP($B6,'LOD 400 - UTLS'!$B:AN,39,FALSE),"N/A") -> IMPROPER | GI6: =IFERROR(VLOOKUP($B6,'LOD 400 - UTLS'!$B:AQ,42,FALSE),"N/A") -> NEXT ROUND | GJ6: =IFERROR(VLOOKUP($B6,'LOD 400 - UTLS'!$B:AT,45,FALSE),"N/A") -> IMPROPER | GK6: =IFERROR(VLOOKUP($B6,'LOD 400 - UTLS'!$B:AW,48,FALSE),"N/A") -> OUTDATED | GL6: =IFERROR(VLOOKUP($B6,'LOD 400 - UTLS'!$B:AZ,51,FALSE),"N/A") -> NEXT ROUND | GM6: =IFERROR(VLOOKUP($B6,'LOD 400 - UTLS'!$B:BC,54,FALSE),"N/A") -> NEXT ROUND | GN6: =IFERROR(VLOOKUP($B6,'LOD 400 - UTLS'!$B:BF,57,FALSE),"N/A") -> NEXT ROUND | GO6: =IFERROR(VLOOKUP($B6,'LOD 400 - UTLS'!$B:BI,60,FALSE),"N/A") -> NEXT ROUND | GP6: =IFERROR(VLOOKUP($B6,'LOD 400 - UTLS'!$B:BL,63,FALSE),"N/A") -> NEXT ROUND | GQ6: =IFERROR(VLOOKUP($B6,'LOD 400 - UTLS'!$B:BO,66,FALSE),"N/A") -> NEXT ROUND | GR6: =IFERROR(VLOOKUP($B6,'LOD 400 - UTLS'!$B:BR,69,FALSE),"N/A") -> 0.4 | GS6: =IFERROR(VLOOKUP($B6,'LOD 400 - UTLS'!$B:BU,72,FALSE),"N/A") -> OUTDATED | GT6: =IFERROR(VLOOKUP($B6,'LOD 400 - UTLS'!$B:BX,75,FALSE),"N/A") -> OUTDATED | GU6: =IFERROR(VLOOKUP($B6,'LOD 400 - UTLS'!$B:CA,78,FALSE),"N/A") -> OUTDATED | GV6: =IFERROR(VLOOKUP($B6,'LOD 400 - UTLS'!$B:CD,81,FALSE),"N/A") -> NEXT ROUND | GW6: =IFERROR(VLOOKUP($B6,'LOD 400 - UTLS'!$B:CG,84,FALSE),"N/A") -> NEXT ROUND | GX6: =IFERROR(VLOOKUP($B6,'LOD 400 - UTLS'!$B:CJ,87,FALSE),"N/A") -> 0.43 | GY6: =IFERROR(VLOOKUP($B6,'LOD 400 - UTLS'!$B:CM,90,FALSE),"N/A") -> 1 | GZ6: =IFERROR(VLOOKUP($B6,'LOD 400 - UTLS'!$B:CP,93,FALSE),"N/A") -> 1 | HA6: =IFERROR(VLOOKUP($B6,'LOD 400 - UTLS'!$B:CS,96,FALSE),"N/A") -> 1 | HB6: =IFERROR(VLOOKUP($B6,'LOD 400 - UTLS'!$B:CV,99,FALSE),"N/A") -> 1 | HC6: =IFERROR(VLOOKUP($B6,'LOD 400 - UTLS'!$B:CY,102,FALSE),"N/A") -> 1 | HD6: =IFERROR(VLOOKUP($B6,'LOD 400 - UTLS'!$B:DB,105,FALSE),"N/A") -> 1 | HE6: =IFERROR(__xludf.DUMMYFUNCTION("IFERROR( MAX(FILTER(GA6:HD6, ISNUMBER(GA6:HD6))), HD6 )"),1.0) -> 1
A7: 9 | B7: CPQ11-ARCH-METL-SITE-R24.rvt | C7: CPQ11-ARCH-METL-SITE-R22.rvt | D7: =MID(B7,17,4) -> SITE | E7: SERCOP | F7: SERCOP | G7: ARE ARQUITETURA | I7: =IFERROR(VLOOKUP($C4:C108,'R22 RELATÓRIO ACC'!B:F,5,FALSE),"NOT PUBLISHED") -> V12 | J7: =IFERROR(VLOOKUP($C4:C108,'R22 RELATÓRIO ACC'!B:P,15,FALSE),"NOT PUBLISHED") -> 05/05/2026 | K7: =IFERROR(VLOOKUP($B7:B108,'RELATÓRIO ACC'!B:F,5,FALSE),"NOT PUBLISHED") -> V5 | L7: =IFERROR(VLOOKUP($B7:B108,'RELATÓRIO ACC'!B:P,15,FALSE),"NOT PUBLISHED") -> 22/06/2026 | M7: =IF(OR($D7="UTLS",$D7="GUAR",$D7="STIR",$D7="PUMP",$D7="SITE"), VLOOKUP($B7,'LOD 400 - SITE'!B:M,12,FALSE), VLOOKUP($B7,'LOD 400 - ADMN'!B:M,12,FALSE) ) -> V4 | N7: =IF(OR($D7="UTLS",$D7="GUAR",$D7="STIR",$D7="PUMP",$D7="SITE"), VLOOKUP($B7,'LOD 400 - SITE'!B:N,13,FALSE), VLOOKUP($B7,'LOD 400 - ADMN'!B:N,13,FALSE) ) -> 46185 | O7: =IF(OR($D7="UTLS",$D7="GUAR",$D7="STIR",$D7="PUMP",$D7="SITE"), VLOOKUP($B7,'LOD 400 - SITE'!B:O,14,FALSE), VLOOKUP($B7,'LOD 400 - ADMN'!B:O,14,FALSE) ) -> R24 | P7: =IF(OR($D7="C345",$D7="C12A",$D7="DATA"), VLOOKUP($B7,'LOD 400 - COLO3'!B:M,12,FALSE),"N/A") -> N/A | Q7: =IF(OR($D7="C345",$D7="C12A",$D7="DATA"), VLOOKUP($B7,'LOD 400 - COLO3'!B:N,13,FALSE),"N/A") -> N/A | R7: =IF(OR($D7="C345",$D7="C12A",$D7="DATA"), VLOOKUP($B7,'LOD 400 - COLO3'!B:O,14,FALSE),"N/A") -> N/A | S7: =IF(OR($D7="C345",$D7="C12A",$D7="DATA"), VLOOKUP($B7,'LOD 400 - COLO4'!B:N,12,FALSE),"N/A") -> N/A | T7: =IF(OR($D7="C345",$D7="C12A",$D7="DATA"), VLOOKUP($B7,'LOD 400 - COLO4'!B:N,13,FALSE),"N/A") -> N/A | U7: =IF(OR($D7="C345",$D7="C12A",$D7="DATA"), VLOOKUP($B7,'LOD 400 - COLO4'!B:N,13,FALSE),"N/A") -> N/A | V7: =IF(OR($D7="UTLS",$D7="GUAR",$D7="STIR",$D7="PUMP",$D7="SITE"), VLOOKUP($B7,'LOD 400 - UTLS'!B:M,12,FALSE),"N/A") -> V5 | W7: =IF(OR($D7="UTLS",$D7="GUAR",$D7="STIR",$D7="PUMP",$D7="SITE"), VLOOKUP($B7,'LOD 400 - UTLS'!B:N,13,FALSE),"N/A") -> 46195 | X7: =IF(OR($D7="UTLS",$D7="GUAR",$D7="STIR",$D7="PUMP",$D7="SITE"), VLOOKUP($B7,'LOD 400 - UTLS'!B:O,14,FALSE),"N/A") -> R24 | Y7: =IFERROR(VLOOKUP($B7,'LOD 400 - ADMN'!B:S,18,FALSE),"N/A") -> N/A | Z7: =IFERROR(VLOOKUP($B7,'LOD 400 - ADMN'!B:V,21,FALSE),"N/A") -> N/A | AA7: =IFERROR(VLOOKUP($B7,'LOD 400 - ADMN'!$B:Y,24,FALSE),"N/A") -> N/A | AB7: =IFERROR(VLOOKUP($B7,'LOD 400 - ADMN'!$B:AB,27,FALSE),"N/A") -> N/A | AC7: =IFERROR(VLOOKUP($B7,'LOD 400 - ADMN'!$B:AE,30,FALSE),"N/A") -> N/A | AD7: =IFERROR(VLOOKUP($B7,'LOD 400 - ADMN'!$B:AH,33,FALSE),"N/A") -> N/A | AE7: =IFERROR(VLOOKUP($B7,'LOD 400 - ADMN'!$B:AK,36,FALSE),"N/A") -> N/A | AF7: =IFERROR(VLOOKUP($B7,'LOD 400 - ADMN'!$B:AN,39,FALSE),"N/A") -> N/A | AG7: =IFERROR(VLOOKUP($B7,'LOD 400 - ADMN'!$B:AQ,42,FALSE),"N/A") -> N/A | AH7: =IFERROR(VLOOKUP($B7,'LOD 400 - ADMN'!$B:AT,45,FALSE),"N/A") -> N/A | AI7: =IFERROR(VLOOKUP($B7,'LOD 400 - ADMN'!$B:AW,48,FALSE),"N/A") -> N/A | AJ7: =IFERROR(VLOOKUP($B7,'LOD 400 - ADMN'!$B:AZ,51,FALSE),"N/A") -> N/A | AK7: =IFERROR(VLOOKUP($B7,'LOD 400 - ADMN'!$B:BC,54,FALSE),"N/A") -> N/A | AL7: =IFERROR(VLOOKUP($B7,'LOD 400 - ADMN'!$B:BF,57,FALSE),"N/A") -> N/A | AM7: =IFERROR(VLOOKUP($B7,'LOD 400 - ADMN'!$B:BI,60,FALSE),"N/A") -> N/A | AN7: =IFERROR(VLOOKUP($B7,'LOD 400 - ADMN'!$B:BL,63,FALSE),"N/A") -> N/A | AO7: =IFERROR(VLOOKUP($B7,'LOD 400 - ADMN'!$B:BO,66,FALSE),"N/A") -> N/A | AP7: =IFERROR(VLOOKUP($B7,'LOD 400 - ADMN'!$B:BR,69,FALSE),"N/A") -> N/A | AQ7: =IFERROR(VLOOKUP($B7,'LOD 400 - ADMN'!$B:BU,72,FALSE),"N/A") -> N/A | AR7: =IFERROR(VLOOKUP($B7,'LOD 400 - ADMN'!$B:BX,75,FALSE),"N/A") -> N/A | AS7: =IFERROR(VLOOKUP($B7,'LOD 400 - ADMN'!$B:CA,78,FALSE),"N/A") -> N/A | AT7: =IFERROR(VLOOKUP($B7,'LOD 400 - ADMN'!$B:CD,81,FALSE),"N/A") -> N/A | AU7: =IFERROR(VLOOKUP($B7,'LOD 400 - ADMN'!$B:CG,84,FALSE),"N/A") -> N/A | AV7: =IFERROR(VLOOKUP($B7,'LOD 400 - ADMN'!$B:CJ,87,FALSE),"N/A") -> N/A | AW7: =IFERROR(VLOOKUP($B7,'LOD 400 - ADMN'!$B:CM,90,FALSE),"N/A") -> N/A | AX7: =IFERROR(VLOOKUP($B7,'LOD 400 - ADMN'!$B:CP,93,FALSE),"N/A") -> N/A | AY7: =IFERROR(VLOOKUP($B7,'LOD 400 - ADMN'!$B:CS,96,FALSE),"N/A") -> N/A | AZ7: =IFERROR(VLOOKUP($B7,'LOD 400 - ADMN'!$B:CV,99,FALSE),"N/A") -> N/A | BA7: =IFERROR(VLOOKUP($B7,'LOD 400 - ADMN'!$B:CY,102,FALSE),"N/A") -> N/A | BB7: =IFERROR(VLOOKUP($B7,'LOD 400 - ADMN'!$B:DB,105,FALSE),"N/A") -> N/A | BC7: =IFERROR(VLOOKUP($B7,'LOD 400 - ADMN'!$B:DE,108,FALSE),"N/A") -> N/A | BD7: =IFERROR(VLOOKUP($B7,'LOD 400 - ADMN'!$B:DH,111,FALSE),"N/A") -> N/A | BE7: =IFERROR(VLOOKUP($B7,'LOD 400 - ADMN'!$B:DK,114,FALSE),"N/A") -> N/A | BF7: =IFERROR(VLOOKUP($B7,'LOD 400 - ADMN'!$B:DN,117,FALSE),"N/A") -> N/A | BG7: =IFERROR(__xludf.DUMMYFUNCTION("IFERROR( MAX(FILTER(Y7:BF7, ISNUMBER(Y7:BF7))), BF7 )"),"N/A") -> N/A | BH7: =IFERROR(VLOOKUP($B7,'LOD 400 - COLO1'!B:S,18,FALSE),"N/A") -> N/A | BI7: =IFERROR(VLOOKUP($B7,'LOD 400 - COLO1'!B:V,21,FALSE),"N/A") -> N/A | BJ7: =IFERROR(VLOOKUP($B7,'LOD 400 - COLO1'!$B:Y,24,FALSE),"N/A") -> N/A | BK7: =IFERROR(VLOOKUP($B7,'LOD 400 - COLO1'!$B:AB,27,FALSE),"N/A") -> N/A | BL7: =IFERROR(VLOOKUP($B7,'LOD 400 - COLO1'!$B:AE,30,FALSE),"N/A") -> N/A | BM7: =IFERROR(VLOOKUP($B7,'LOD 400 - COLO1'!$B:AH,33,FALSE),"N/A") -> N/A | BN7: =IFERROR(VLOOKUP($B7,'LOD 400 - COLO1'!$B:AK,36,FALSE),"N/A") -> N/A | BO7: =IFERROR(VLOOKUP($B7,'LOD 400 - COLO1'!$B:AN,39,FALSE),"N/A") -> N/A | BP7: =IFERROR(VLOOKUP($B7,'LOD 400 - COLO1'!$B:AQ,42,FALSE),"N/A") -> N/A | BQ7: =IFERROR(VLOOKUP($B7,'LOD 400 - COLO1'!$B:AT,45,FALSE),"N/A") -> N/A | BR7: =IFERROR(VLOOKUP($B7,'LOD 400 - COLO1'!$B:AW,48,FALSE),"N/A") -> N/A | BS7: =IFERROR(VLOOKUP($B7,'LOD 400 - COLO1'!$B:AZ,51,FALSE),"N/A") -> N/A | BT7: =IFERROR(VLOOKUP($B7,'LOD 400 - COLO1'!$B:BC,54,FALSE),"N/A") -> N/A | BU7: =IFERROR(VLOOKUP($B7,'LOD 400 - COLO1'!$B:BF,57,FALSE),"N/A") -> N/A | BV7: =IFERROR(VLOOKUP($B7,'LOD 400 - COLO1'!$B:BI,60,FALSE),"N/A") -> N/A | BW7: =IFERROR(VLOOKUP($B7,'LOD 400 - COLO1'!$B:BL,63,FALSE),"N/A") -> N/A | BX7: =IFERROR(VLOOKUP($B7,'LOD 400 - COLO1'!$B:BO,66,FALSE),"N/A") -> N/A | BY7: =IFERROR(VLOOKUP($B7,'LOD 400 - COLO1'!$B:BR,69,FALSE),"N/A") -> N/A | BZ7: =IFERROR(VLOOKUP($B7,'LOD 400 - COLO1'!$B:BU,72,FALSE),"N/A") -> N/A | CA7: =IFERROR(VLOOKUP($B7,'LOD 400 - COLO1'!$B:BX,75,FALSE),"N/A") -> N/A | CB7: =IFERROR(VLOOKUP($B7,'LOD 400 - COLO1'!$B:CA,78,FALSE),"N/A") -> N/A | CC7: =IFERROR(VLOOKUP($B7,'LOD 400 - COLO1'!$B:CD,81,FALSE),"N/A") -> N/A | CD7: =IFERROR(VLOOKUP($B7,'LOD 400 - COLO1'!$B:CG,84,FALSE),"N/A") -> N/A | CE7: =IFERROR(VLOOKUP($B7,'LOD 400 - COLO1'!$B:CJ,87,FALSE),"N/A") -> N/A | CF7: =IFERROR(VLOOKUP($B7,'LOD 400 - COLO1'!$B:CM,90,FALSE),"N/A") -> N/A | CG7: =IFERROR(VLOOKUP($B7,'LOD 400 - COLO1'!$B:CP,93,FALSE),"N/A") -> N/A | CH7: =IFERROR(VLOOKUP($B7,'LOD 400 - COLO1'!$B:CS,96,FALSE),"N/A") -> N/A | CI7: =IFERROR(VLOOKUP($B7,'LOD 400 - COLO1'!$B:CV,99,FALSE),"N/A") -> N/A | CJ7: =IFERROR(VLOOKUP($B7,'LOD 400 - COLO1'!$B:CY,102,FALSE),"N/A") -> N/A | CK7: =IFERROR(VLOOKUP($B7,'LOD 400 - COLO1'!$B:DB,105,FALSE),"N/A") -> N/A | CL7: =IFERROR(VLOOKUP($B7,'LOD 400 - COLO1'!$B:DE,108,FALSE),"N/A") -> N/A | CM7: =IFERROR(VLOOKUP($B7,'LOD 400 - COLO1'!$B:DH,111,FALSE),"N/A") -> N/A | CN7: =IFERROR(VLOOKUP($B7,'LOD 400 - COLO1'!$B:DK,114,FALSE),"N/A") -> N/A | CO7: =IFERROR(VLOOKUP($B7,'LOD 400 - COLO1'!$B:DN,117,FALSE),"N/A") -> N/A | CP7: =IFERROR(__xludf.DUMMYFUNCTION("IFERROR( MAX(FILTER(BH7:CO7, ISNUMBER(BH7:CO7))), CO7 )"),"N/A") -> N/A | CQ7: =IFERROR(VLOOKUP($B7,'LOD 400 - COLO2'!B:S,18,FALSE),"N/A") -> N/A | CR7: =IFERROR(VLOOKUP($B7,'LOD 400 - COLO2'!B:V,21,FALSE),"N/A") -> N/A | CS7: =IFERROR(VLOOKUP($B7,'LOD 400 - COLO2'!$B:Y,24,FALSE),"N/A") -> N/A | CT7: =IFERROR(VLOOKUP($B7,'LOD 400 - COLO2'!$B:DQ,27,FALSE),"N/A") -> N/A | CU7: =IFERROR(VLOOKUP($B7,'LOD 400 - COLO2'!$B:AE,30,FALSE),"N/A") -> N/A | CV7: =IFERROR(VLOOKUP($B7,'LOD 400 - COLO2'!$B:AH,33,FALSE),"N/A") -> N/A | CW7: =IFERROR(VLOOKUP($B7,'LOD 400 - COLO2'!$B:AK,36,FALSE),"N/A") -> N/A | CX7: =IFERROR(VLOOKUP($B7,'LOD 400 - COLO2'!$B:AN,39,FALSE),"N/A") -> N/A | CY7: =IFERROR(VLOOKUP($B7,'LOD 400 - COLO2'!$B:AQ,42,FALSE),"N/A") -> N/A | CZ7: =IFERROR(VLOOKUP($B7,'LOD 400 - COLO2'!$B:AT,45,FALSE),"N/A") -> N/A | DA7: =IFERROR(VLOOKUP($B7,'LOD 400 - COLO2'!$B:AW,48,FALSE),"N/A") -> N/A | DB7: =IFERROR(VLOOKUP($B7,'LOD 400 - COLO2'!$B:AZ,51,FALSE),"N/A") -> N/A | DC7: =IFERROR(VLOOKUP($B7,'LOD 400 - COLO2'!$B:BC,54,FALSE),"N/A") -> N/A | DD7: =IFERROR(VLOOKUP($B7,'LOD 400 - COLO2'!$B:BF,57,FALSE),"N/A") -> N/A | DE7: =IFERROR(VLOOKUP($B7,'LOD 400 - COLO2'!$B:BI,60,FALSE),"N/A") -> N/A | DF7: =IFERROR(VLOOKUP($B7,'LOD 400 - COLO2'!$B:BL,63,FALSE),"N/A") -> N/A | DG7: =IFERROR(VLOOKUP($B7,'LOD 400 - COLO2'!$B:BO,66,FALSE),"N/A") -> N/A | DH7: =IFERROR(VLOOKUP($B7,'LOD 400 - COLO2'!$B:BR,69,FALSE),"N/A") -> N/A | DI7: =IFERROR(VLOOKUP($B7,'LOD 400 - COLO2'!$B:BU,72,FALSE),"N/A") -> N/A | DJ7: =IFERROR(VLOOKUP($B7,'LOD 400 - COLO2'!$B:BX,75,FALSE),"N/A") -> N/A | DK7: =IFERROR(VLOOKUP($B7,'LOD 400 - COLO2'!$B:CA,78,FALSE),"N/A") -> N/A | DL7: =IFERROR(VLOOKUP($B7,'LOD 400 - COLO2'!$B:CD,81,FALSE),"N/A") -> N/A | DM7: =IFERROR(VLOOKUP($B7,'LOD 400 - COLO2'!$B:CG,84,FALSE),"N/A") -> N/A | DN7: =IFERROR(VLOOKUP($B7,'LOD 400 - COLO2'!$B:CJ,87,FALSE),"N/A") -> N/A | DO7: =IFERROR(VLOOKUP($B7,'LOD 400 - COLO2'!$B:CM,90,FALSE),"N/A") -> N/A | DP7: =IFERROR(VLOOKUP($B7,'LOD 400 - COLO2'!$B:CP,93,FALSE),"N/A") -> N/A | DQ7: =IFERROR(VLOOKUP($B7,'LOD 400 - COLO2'!$B:CS,96,FALSE),"N/A") -> N/A | DR7: =IFERROR(VLOOKUP($B7,'LOD 400 - COLO2'!$B:CV,99,FALSE),"N/A") -> N/A | DS7: =IFERROR(VLOOKUP($B7,'LOD 400 - COLO2'!$B:CY,102,FALSE),"N/A") -> N/A | DT7: =IFERROR(VLOOKUP($B7,'LOD 400 - COLO2'!$B:DB,105,FALSE),"N/A") -> N/A | DU7: =IFERROR(VLOOKUP($B7,'LOD 400 - COLO2'!$B:DE,108,FALSE),"N/A") -> N/A | DV7: =IFERROR(VLOOKUP($B7,'LOD 400 - COLO2'!$B:DH,111,FALSE),"N/A") -> N/A | DW7: =IFERROR(VLOOKUP($B7,'LOD 400 - COLO2'!$B:DK,114,FALSE),"N/A") -> N/A | DX7: =IFERROR(VLOOKUP($B7,'LOD 400 - COLO2'!$B:DN,117,FALSE),"N/A") -> N/A | DY7: =IFERROR(__xludf.DUMMYFUNCTION("IFERROR( MAX(FILTER(CQ7:DW7, ISNUMBER(CQ7:DW7))), DW7 )"),"N/A") -> N/A | DZ7: =IFERROR(VLOOKUP($B7,'LOD 400 - COLO3'!B:S,18,FALSE),"N/A") -> N/A | EA7: =IFERROR(VLOOKUP($B7,'LOD 400 - COLO3'!B:V,21,FALSE),"N/A") -> N/A | EB7: =IFERROR(VLOOKUP($B7,'LOD 400 - COLO3'!B:Y,24,FALSE),"N/A") -> N/A | EC7: =IFERROR(VLOOKUP($B7,'LOD 400 - COLO3'!B:AB,27,FALSE),"N/A") -> N/A | ED7: =IFERROR(VLOOKUP($B7,'LOD 400 - COLO3'!B:AE,30,FALSE),"N/A") -> N/A | EE7: =IFERROR(VLOOKUP($B7,'LOD 400 - COLO3'!B:AH,33,FALSE),"N/A") -> N/A | EF7: =IFERROR(VLOOKUP($B7,'LOD 400 - COLO3'!B:AK,36,FALSE),"N/A") -> N/A | EG7: =IFERROR(VLOOKUP($B7,'LOD 400 - COLO3'!B:AN,39,FALSE),"N/A") -> N/A | EH7: =IFERROR(VLOOKUP($B7,'LOD 400 - COLO3'!B:AQ,42,FALSE),"N/A") -> N/A | EI7: =IFERROR(VLOOKUP($B7,'LOD 400 - COLO3'!B:AT,45,FALSE),"N/A") -> N/A | EJ7: =IFERROR(VLOOKUP($B7,'LOD 400 - COLO3'!B:AW,48,FALSE),"N/A") -> N/A | EK7: =IFERROR(VLOOKUP($B7,'LOD 400 - COLO3'!B:AZ,51,FALSE),"N/A") -> N/A | EL7: =IFERROR(VLOOKUP($B7,'LOD 400 - COLO3'!B:BC,54,FALSE),"N/A") -> N/A | EM7: =IFERROR(VLOOKUP($B7,'LOD 400 - COLO3'!B:BF,57,FALSE),"N/A") -> N/A | EN7: =IFERROR(VLOOKUP($B7,'LOD 400 - COLO3'!B:BI,60,FALSE),"N/A") -> N/A | EO7: =IFERROR(VLOOKUP($B7,'LOD 400 - COLO3'!B:BL,63,FALSE),"N/A") -> N/A | EP7: =IFERROR(__xludf.DUMMYFUNCTION("IFERROR( MAX(FILTER(DZ7:EO7, ISNUMBER(DZ7:EO7))), EO7 )"),"N/A") -> N/A | EQ7: =IFERROR(VLOOKUP($B7,'LOD 400 - COLO4'!B:S,18,FALSE),"N/A") -> N/A | ER7: =IFERROR(__xludf.DUMMYFUNCTION("IFERROR( MAX(FILTER(EQ7, ISNUMBER(EQ7))), EQ7 )"),"N/A") -> N/A | ES7: =IFERROR(VLOOKUP($B7,'LOD 400 - SITE'!B:S,18,FALSE),"N/A") -> NOT PUBLISHED | ET7: =IFERROR(VLOOKUP($B7,'LOD 400 - SITE'!B:V,21,FALSE),"N/A") -> 0.05 | EU7: =IFERROR(VLOOKUP($B7,'LOD 400 - SITE'!$B:Y,24,FALSE),"N/A") -> OUTDATED | EV7: =IFERROR(VLOOKUP($B7,'LOD 400 - SITE'!$B:AB,27,FALSE),"N/A") -> IMPROPER | EW7: =IFERROR(VLOOKUP($B7,'LOD 400 - SITE'!$B:AE,30,FALSE),"N/A") -> 0.13 | EX7: =IFERROR(VLOOKUP($B7,'LOD 400 - SITE'!$B:AH,33,FALSE),"N/A") -> 0.46 | EY7: =IFERROR(VLOOKUP($B7,'LOD 400 - SITE'!$B:AK,36,FALSE),"N/A") -> IMPROPER | EZ7: =IFERROR(VLOOKUP($B7,'LOD 400 - SITE'!$B:AN,39,FALSE),"N/A") -> OUTDATED | FA7: =IFERROR(VLOOKUP($B7,'LOD 400 - SITE'!$B:AQ,42,FALSE),"N/A") -> IMPROPER | FB7: =IFERROR(VLOOKUP($B7,'LOD 400 - SITE'!$B:AT,45,FALSE),"N/A") -> IMPROPER | FC7: =IFERROR(VLOOKUP($B7,'LOD 400 - SITE'!$B:AW,48,FALSE),"N/A") -> OUTDATED | FD7: =IFERROR(VLOOKUP($B7,'LOD 400 - SITE'!$B:AZ,51,FALSE),"N/A") -> OUTDATED | FE7: =IFERROR(VLOOKUP($B7,'LOD 400 - SITE'!$B:BC,54,FALSE),"N/A") -> IMPROPER | FF7: =IFERROR(VLOOKUP($B7,'LOD 400 - SITE'!$B:BF,57,FALSE),"N/A") -> OUTDATED | FG7: =IFERROR(VLOOKUP($B7,'LOD 400 - SITE'!$B:BI,60,FALSE),"N/A") -> OUTDATED | FH7: =IFERROR(VLOOKUP($B7,'LOD 400 - SITE'!$B:BL,63,FALSE),"N/A") -> OUTDATED | FI7: =IFERROR(VLOOKUP($B7,'LOD 400 - SITE'!$B:BO,66,FALSE),"N/A") -> OUTDATED | FJ7: =IFERROR(VLOOKUP($B7,'LOD 400 - SITE'!$B:BR,69,FALSE),"N/A") -> 0.56 | FK7: =IFERROR(VLOOKUP($B7,'LOD 400 - SITE'!$B:BU,72,FALSE),"N/A") -> NEXT ROUND | FL7: =IFERROR(VLOOKUP($B7,'LOD 400 - SITE'!$B:BX,75,FALSE),"N/A") -> 0.64 | FM7: =IFERROR(VLOOKUP($B7,'LOD 400 - SITE'!$B:CA,78,FALSE),"N/A") -> 0.85 | FN7: =IFERROR(VLOOKUP($B7,'LOD 400 - SITE'!$B:CD,81,FALSE),"N/A") -> OUTDATED | FO7: =IFERROR(VLOOKUP($B7,'LOD 400 - SITE'!$B:CG,84,FALSE),"N/A") -> NEXT ROUND | FP7: =IFERROR(VLOOKUP($B7,'LOD 400 - SITE'!$B:CJ,87,FALSE),"N/A") -> NEXT ROUND | FQ7: =IFERROR(VLOOKUP($B7,'LOD 400 - SITE'!$B:CM,90,FALSE),"N/A") -> 0.69 | FR7: =IFERROR(VLOOKUP($B7,'LOD 400 - SITE'!$B:CP,93,FALSE),"N/A") -> NEXT ROUND | FS7: =IFERROR(VLOOKUP($B7,'LOD 400 - SITE'!$B:CS,96,FALSE),"N/A") -> 0.69 | FT7: =IFERROR(VLOOKUP($B7,'LOD 400 - SITE'!$B:CV,99,FALSE),"N/A") -> NEXT ROUND | FU7: =IFERROR(VLOOKUP($B7,'LOD 400 - SITE'!$B:CY,102,FALSE),"N/A") -> NEXT ROUND | FV7: =IFERROR(VLOOKUP($B7,'LOD 400 - SITE'!$B:DB,105,FALSE),"N/A") -> 1 | FW7: =IFERROR(VLOOKUP($B7,'LOD 400 - SITE'!$B:DE,108,FALSE),"N/A") -> 1 | FX7: =IFERROR(VLOOKUP($B7,'LOD 400 - SITE'!$B:DH,111,FALSE),"N/A") -> 1 | FY7: =IFERROR(VLOOKUP($B7,'LOD 400 - SITE'!$B:DK,114,FALSE),"N/A") -> 1 | FZ7: =IFERROR(__xludf.DUMMYFUNCTION("IFERROR( MAX(FILTER(ES7:FY7, ISNUMBER(ES7:FY7))), FY7 )"),1.0) -> 1 | GA7: =IFERROR(VLOOKUP($B7,'LOD 400 - UTLS'!B:S,18,FALSE),"N/A") -> 0.08 | GB7: =IFERROR(VLOOKUP($B7,'LOD 400 - UTLS'!B:V,21,FALSE),"N/A") -> IMPROPER | GC7: =IFERROR(VLOOKUP($B7,'LOD 400 - UTLS'!B:Y,24,FALSE),"N/A") -> 0.19 | GD7: =IFERROR(VLOOKUP($B7,'LOD 400 - UTLS'!$B:AB,27,FALSE),"N/A") -> IMPROPER | GE7: =IFERROR(VLOOKUP($B7,'LOD 400 - UTLS'!$B:AE,30,FALSE),"N/A") -> OUTDATED | GF7: =IFERROR(VLOOKUP($B7,'LOD 400 - UTLS'!$B:AH,33,FALSE),"N/A") -> IMPROPER | GG7: =IFERROR(VLOOKUP($B7,'LOD 400 - UTLS'!$B:AK,36,FALSE),"N/A") -> IMPROPER | GH7: =IFERROR(VLOOKUP($B7,'LOD 400 - UTLS'!$B:AN,39,FALSE),"N/A") -> IMPROPER | GI7: =IFERROR(VLOOKUP($B7,'LOD 400 - UTLS'!$B:AQ,42,FALSE),"N/A") -> OUTDATED | GJ7: =IFERROR(VLOOKUP($B7,'LOD 400 - UTLS'!$B:AT,45,FALSE),"N/A") -> IMPROPER | GK7: =IFERROR(VLOOKUP($B7,'LOD 400 - UTLS'!$B:AW,48,FALSE),"N/A") -> OUTDATED | GL7: =IFERROR(VLOOKUP($B7,'LOD 400 - UTLS'!$B:AZ,51,FALSE),"N/A") -> OUTDATED | GM7: =IFERROR(VLOOKUP($B7,'LOD 400 - UTLS'!$B:BC,54,FALSE),"N/A") -> OUTDATED | GN7: =IFERROR(VLOOKUP($B7,'LOD 400 - UTLS'!$B:BF,57,FALSE),"N/A") -> OUTDATED | GO7: =IFERROR(VLOOKUP($B7,'LOD 400 - UTLS'!$B:BI,60,FALSE),"N/A") -> 0.56 | GP7: =IFERROR(VLOOKUP($B7,'LOD 400 - UTLS'!$B:BL,63,FALSE),"N/A") -> NEXT ROUND | GQ7: =IFERROR(VLOOKUP($B7,'LOD 400 - UTLS'!$B:BO,66,FALSE),"N/A") -> 0.69 | GR7: =IFERROR(VLOOKUP($B7,'LOD 400 - UTLS'!$B:BR,69,FALSE),"N/A") -> 0.72 | GS7: =IFERROR(VLOOKUP($B7,'LOD 400 - UTLS'!$B:BU,72,FALSE),"N/A") -> OUTDATED | GT7: =IFERROR(VLOOKUP($B7,'LOD 400 - UTLS'!$B:BX,75,FALSE),"N/A") -> NEXT ROUND | GU7: =IFERROR(VLOOKUP($B7,'LOD 400 - UTLS'!$B:CA,78,FALSE),"N/A") -> NEXT ROUND | GV7: =IFERROR(VLOOKUP($B7,'LOD 400 - UTLS'!$B:CD,81,FALSE),"N/A") -> NEXT ROUND | GW7: =IFERROR(VLOOKUP($B7,'LOD 400 - UTLS'!$B:CG,84,FALSE),"N/A") -> NEXT ROUND | GX7: =IFERROR(VLOOKUP($B7,'LOD 400 - UTLS'!$B:CJ,87,FALSE),"N/A") -> 0.85 | GY7: =IFERROR(VLOOKUP($B7,'LOD 400 - UTLS'!$B:CM,90,FALSE),"N/A") -> 0.85 | GZ7: =IFERROR(VLOOKUP($B7,'LOD 400 - UTLS'!$B:CP,93,FALSE),"N/A") -> NEXT ROUND | HA7: =IFERROR(VLOOKUP($B7,'LOD 400 - UTLS'!$B:CS,96,FALSE),"N/A") -> IMPROPER | HB7: =IFERROR(VLOOKUP($B7,'LOD 400 - UTLS'!$B:CV,99,FALSE),"N/A") -> OUTDATED | HC7: =IFERROR(VLOOKUP($B7,'LOD 400 - UTLS'!$B:CY,102,FALSE),"N/A") -> OUTDATED | HD7: =IFERROR(VLOOKUP($B7,'LOD 400 - UTLS'!$B:DB,105,FALSE),"N/A") -> OUTDATED | HE7: =IFERROR(__xludf.DUMMYFUNCTION("IFERROR( MAX(FILTER(GA7:HD7, ISNUMBER(GA7:HD7))), HD7 )"),0.85) -> 0.85
A8: 10 | B8: CPQ11-ARCH-WOOD-DATA-R24.rvt | C8: CPQ11-ARCH-WOOD-DATA-R22.rvt | D8: =MID(B8,17,4) -> DATA | E8: MADEPISO | F8: MADEPISO | G8: MADEPISO | I8: =IFERROR(VLOOKUP($C5:C108,'R22 RELATÓRIO ACC'!B:F,5,FALSE),"NOT PUBLISHED") -> NOT PUBLISHED | J8: =IFERROR(VLOOKUP($C5:C108,'R22 RELATÓRIO ACC'!B:P,15,FALSE),"NOT PUBLISHED") -> NOT PUBLISHED | K8: =IFERROR(VLOOKUP($B7:B108,'RELATÓRIO ACC'!B:F,5,FALSE),"NOT PUBLISHED") -> NOT PUBLISHED | L8: =IFERROR(VLOOKUP($B7:B108,'RELATÓRIO ACC'!B:P,15,FALSE),"NOT PUBLISHED") -> NOT PUBLISHED | M8: =IF(OR($D8="UTLS",$D8="GUAR",$D8="STIR",$D8="PUMP",$D8="SITE"), VLOOKUP($B8,'LOD 400 - SITE'!B:M,12,FALSE), VLOOKUP($B8,'LOD 400 - ADMN'!B:M,12,FALSE) ) -> NOT PUBLISHED | N8: =IF(OR($D8="UTLS",$D8="GUAR",$D8="STIR",$D8="PUMP",$D8="SITE"), VLOOKUP($B8,'LOD 400 - SITE'!B:N,13,FALSE), VLOOKUP($B8,'LOD 400 - ADMN'!B:N,13,FALSE) ) -> NOT PUBLISHED | O8: =IF(OR($D8="UTLS",$D8="GUAR",$D8="STIR",$D8="PUMP",$D8="SITE"), VLOOKUP($B8,'LOD 400 - SITE'!B:O,14,FALSE), VLOOKUP($B8,'LOD 400 - ADMN'!B:O,14,FALSE) ) -> NOT PUBLISHED | P8: =IF(OR($D8="C345",$D8="C12A",$D8="DATA"), VLOOKUP($B8,'LOD 400 - COLO3'!B:M,12,FALSE),"N/A") -> NOT PUBLISHED | Q8: =IF(OR($D8="C345",$D8="C12A",$D8="DATA"), VLOOKUP($B8,'LOD 400 - COLO3'!B:N,13,FALSE),"N/A") -> NOT PUBLISHED | R8: =IF(OR($D8="C345",$D8="C12A",$D8="DATA"), VLOOKUP($B8,'LOD 400 - COLO3'!B:O,14,FALSE),"N/A") -> NOT PUBLISHED | S8: =IFERROR(VLOOKUP($B7:J108,'RELATÓRIO ACC'!J:N,5,FALSE),"NOT PUBLISHED") -> NOT PUBLISHED | T8: =IFERROR(VLOOKUP($B7:K108,'RELATÓRIO ACC'!K:O,5,FALSE),"NOT PUBLISHED") -> NOT PUBLISHED | U8: =IFERROR(VLOOKUP($B7:L108,'RELATÓRIO ACC'!L:P,5,FALSE),"NOT PUBLISHED") -> NOT PUBLISHED | V8: =IF(OR($D8="UTLS",$D8="GUAR",$D8="STIR",$D8="PUMP",$D8="SITE"), VLOOKUP($B8,'LOD 400 - UTLS'!B:M,12,FALSE),"N/A") -> N/A | W8: =IF(OR($D8="UTLS",$D8="GUAR",$D8="STIR",$D8="PUMP",$D8="SITE"), VLOOKUP($B8,'LOD 400 - UTLS'!B:N,13,FALSE),"N/A") -> N/A | X8: =IF(OR($D8="UTLS",$D8="GUAR",$D8="STIR",$D8="PUMP",$D8="SITE"), VLOOKUP($B8,'LOD 400 - UTLS'!B:O,14,FALSE),"N/A") -> N/A | Y8: =IFERROR(VLOOKUP($B8,'LOD 400 - ADMN'!B:S,18,FALSE),"N/A") -> NOT PUBLISHED | Z8: =IFERROR(VLOOKUP($B8,'LOD 400 - ADMN'!B:V,21,FALSE),"N/A") -> NOT PUBLISHED | AA8: =IFERROR(VLOOKUP($B8,'LOD 400 - ADMN'!$B:Y,24,FALSE),"N/A") -> NOT PUBLISHED | AB8: =IFERROR(VLOOKUP($B8,'LOD 400 - ADMN'!$B:AB,27,FALSE),"N/A") -> NOT PUBLISHED | AC8: =IFERROR(VLOOKUP($B8,'LOD 400 - ADMN'!$B:AE,30,FALSE),"N/A") -> NOT PUBLISHED | AD8: =IFERROR(VLOOKUP($B8,'LOD 400 - ADMN'!$B:AH,33,FALSE),"N/A") -> NOT PUBLISHED | AE8: =IFERROR(VLOOKUP($B8,'LOD 400 - ADMN'!$B:AK,36,FALSE),"N/A") -> NOT PUBLISHED | AF8: =IFERROR(VLOOKUP($B8,'LOD 400 - ADMN'!$B:AN,39,FALSE),"N/A") -> NOT PUBLISHED | AG8: =IFERROR(VLOOKUP($B8,'LOD 400 - ADMN'!$B:AQ,42,FALSE),"N/A") -> NOT PUBLISHED | AH8: =IFERROR(VLOOKUP($B8,'LOD 400 - ADMN'!$B:AT,45,FALSE),"N/A") -> NOT PUBLISHED | AI8: =IFERROR(VLOOKUP($B8,'LOD 400 - ADMN'!$B:AW,48,FALSE),"N/A") -> NOT PUBLISHED | AJ8: =IFERROR(VLOOKUP($B8,'LOD 400 - ADMN'!$B:AZ,51,FALSE),"N/A") -> NOT PUBLISHED | AK8: =IFERROR(VLOOKUP($B8,'LOD 400 - ADMN'!$B:BC,54,FALSE),"N/A") -> NOT PUBLISHED | AL8: =IFERROR(VLOOKUP($B8,'LOD 400 - ADMN'!$B:BF,57,FALSE),"N/A") -> NOT PUBLISHED | AM8: =IFERROR(VLOOKUP($B8,'LOD 400 - ADMN'!$B:BI,60,FALSE),"N/A") -> NOT PUBLISHED | AN8: =IFERROR(VLOOKUP($B8,'LOD 400 - ADMN'!$B:BL,63,FALSE),"N/A") -> NOT PUBLISHED | AO8: =IFERROR(VLOOKUP($B8,'LOD 400 - ADMN'!$B:BO,66,FALSE),"N/A") -> NOT PUBLISHED | AP8: =IFERROR(VLOOKUP($B8,'LOD 400 - ADMN'!$B:BR,69,FALSE),"N/A") -> NOT PUBLISHED | AQ8: =IFERROR(VLOOKUP($B8,'LOD 400 - ADMN'!$B:BU,72,FALSE),"N/A") -> NOT PUBLISHED | AR8: =IFERROR(VLOOKUP($B8,'LOD 400 - ADMN'!$B:BX,75,FALSE),"N/A") -> NOT PUBLISHED | AS8: =IFERROR(VLOOKUP($B8,'LOD 400 - ADMN'!$B:CA,78,FALSE),"N/A") -> NOT PUBLISHED | AT8: =IFERROR(VLOOKUP($B8,'LOD 400 - ADMN'!$B:CD,81,FALSE),"N/A") -> NOT PUBLISHED | AU8: =IFERROR(VLOOKUP($B8,'LOD 400 - ADMN'!$B:CG,84,FALSE),"N/A") -> NOT PUBLISHED | AV8: =IFERROR(VLOOKUP($B8,'LOD 400 - ADMN'!$B:CJ,87,FALSE),"N/A") -> NOT PUBLISHED | AW8: =IFERROR(VLOOKUP($B8,'LOD 400 - ADMN'!$B:CM,90,FALSE),"N/A") -> NOT PUBLISHED | AX8: =IFERROR(VLOOKUP($B8,'LOD 400 - ADMN'!$B:CP,93,FALSE),"N/A") -> NOT PUBLISHED | AY8: =IFERROR(VLOOKUP($B8,'LOD 400 - ADMN'!$B:CS,96,FALSE),"N/A") -> NOT PUBLISHED | AZ8: =IFERROR(VLOOKUP($B8,'LOD 400 - ADMN'!$B:CV,99,FALSE),"N/A") -> NOT PUBLISHED | BA8: =IFERROR(VLOOKUP($B8,'LOD 400 - ADMN'!$B:CY,102,FALSE),"N/A") -> NOT PUBLISHED | BB8: =IFERROR(VLOOKUP($B8,'LOD 400 - ADMN'!$B:DB,105,FALSE),"N/A") -> NOT PUBLISHED | BC8: =IFERROR(VLOOKUP($B8,'LOD 400 - ADMN'!$B:DE,108,FALSE),"N/A") -> NOT PUBLISHED | BD8: =IFERROR(VLOOKUP($B8,'LOD 400 - ADMN'!$B:DH,111,FALSE),"N/A") -> NOT PUBLISHED | BE8: =IFERROR(VLOOKUP($B8,'LOD 400 - ADMN'!$B:DK,114,FALSE),"N/A") -> NOT PUBLISHED | BF8: =IFERROR(VLOOKUP($B8,'LOD 400 - ADMN'!$B:DN,117,FALSE),"N/A") -> NOT PUBLISHED | BG8: =IFERROR(__xludf.DUMMYFUNCTION("IFERROR( MAX(FILTER(Y8:BF8, ISNUMBER(Y8:BF8))), BF8 )"),"NOT PUBLISHED") -> NOT PUBLISHED | BH8: =IFERROR(VLOOKUP($B8,'LOD 400 - COLO1'!B:S,18,FALSE),"N/A") -> NOT PUBLISHED | BI8: =IFERROR(VLOOKUP($B8,'LOD 400 - COLO1'!B:V,21,FALSE),"N/A") -> NOT PUBLISHED | BJ8: =IFERROR(VLOOKUP($B8,'LOD 400 - COLO1'!$B:Y,24,FALSE),"N/A") -> NOT PUBLISHED | BK8: =IFERROR(VLOOKUP($B8,'LOD 400 - COLO1'!$B:AB,27,FALSE),"N/A") -> NOT PUBLISHED | BL8: =IFERROR(VLOOKUP($B8,'LOD 400 - COLO1'!$B:AE,30,FALSE),"N/A") -> NOT PUBLISHED | BM8: =IFERROR(VLOOKUP($B8,'LOD 400 - COLO1'!$B:AH,33,FALSE),"N/A") -> NOT PUBLISHED | BN8: =IFERROR(VLOOKUP($B8,'LOD 400 - COLO1'!$B:AK,36,FALSE),"N/A") -> NOT PUBLISHED | BO8: =IFERROR(VLOOKUP($B8,'LOD 400 - COLO1'!$B:AN,39,FALSE),"N/A") -> NOT PUBLISHED | BP8: =IFERROR(VLOOKUP($B8,'LOD 400 - COLO1'!$B:AQ,42,FALSE),"N/A") -> NOT PUBLISHED | BQ8: =IFERROR(VLOOKUP($B8,'LOD 400 - COLO1'!$B:AT,45,FALSE),"N/A") -> NOT PUBLISHED | BR8: =IFERROR(VLOOKUP($B8,'LOD 400 - COLO1'!$B:AW,48,FALSE),"N/A") -> NOT PUBLISHED | BS8: =IFERROR(VLOOKUP($B8,'LOD 400 - COLO1'!$B:AZ,51,FALSE),"N/A") -> NOT PUBLISHED | BT8: =IFERROR(VLOOKUP($B8,'LOD 400 - COLO1'!$B:BC,54,FALSE),"N/A") -> NOT PUBLISHED | BU8: =IFERROR(VLOOKUP($B8,'LOD 400 - COLO1'!$B:BF,57,FALSE),"N/A") -> NOT PUBLISHED | BV8: =IFERROR(VLOOKUP($B8,'LOD 400 - COLO1'!$B:BI,60,FALSE),"N/A") -> NOT PUBLISHED | BW8: =IFERROR(VLOOKUP($B8,'LOD 400 - COLO1'!$B:BL,63,FALSE),"N/A") -> NOT PUBLISHED | BX8: =IFERROR(VLOOKUP($B8,'LOD 400 - COLO1'!$B:BO,66,FALSE),"N/A") -> NOT PUBLISHED | BY8: =IFERROR(VLOOKUP($B8,'LOD 400 - COLO1'!$B:BR,69,FALSE),"N/A") -> NOT PUBLISHED | BZ8: =IFERROR(VLOOKUP($B8,'LOD 400 - COLO1'!$B:BU,72,FALSE),"N/A") -> NOT PUBLISHED | CA8: =IFERROR(VLOOKUP($B8,'LOD 400 - COLO1'!$B:BX,75,FALSE),"N/A") -> NOT PUBLISHED | CB8: =IFERROR(VLOOKUP($B8,'LOD 400 - COLO1'!$B:CA,78,FALSE),"N/A") -> NOT PUBLISHED | CC8: =IFERROR(VLOOKUP($B8,'LOD 400 - COLO1'!$B:CD,81,FALSE),"N/A") -> NOT PUBLISHED | CD8: =IFERROR(VLOOKUP($B8,'LOD 400 - COLO1'!$B:CG,84,FALSE),"N/A") -> NOT PUBLISHED | CE8: =IFERROR(VLOOKUP($B8,'LOD 400 - COLO1'!$B:CJ,87,FALSE),"N/A") -> NOT PUBLISHED | CF8: =IFERROR(VLOOKUP($B8,'LOD 400 - COLO1'!$B:CM,90,FALSE),"N/A") -> NOT PUBLISHED | CG8: =IFERROR(VLOOKUP($B8,'LOD 400 - COLO1'!$B:CP,93,FALSE),"N/A") -> NOT PUBLISHED | CH8: =IFERROR(VLOOKUP($B8,'LOD 400 - COLO1'!$B:CS,96,FALSE),"N/A") -> NOT PUBLISHED | CI8: =IFERROR(VLOOKUP($B8,'LOD 400 - COLO1'!$B:CV,99,FALSE),"N/A") -> NOT PUBLISHED | CJ8: =IFERROR(VLOOKUP($B8,'LOD 400 - COLO1'!$B:CY,102,FALSE),"N/A") -> NOT PUBLISHED | CK8: =IFERROR(VLOOKUP($B8,'LOD 400 - COLO1'!$B:DB,105,FALSE),"N/A") -> NOT PUBLISHED | CL8: =IFERROR(VLOOKUP($B8,'LOD 400 - COLO1'!$B:DE,108,FALSE),"N/A") -> NOT PUBLISHED | CM8: =IFERROR(VLOOKUP($B8,'LOD 400 - COLO1'!$B:DH,111,FALSE),"N/A") -> NOT PUBLISHED | CN8: =IFERROR(VLOOKUP($B8,'LOD 400 - COLO1'!$B:DK,114,FALSE),"N/A") -> NOT PUBLISHED | CO8: =IFERROR(VLOOKUP($B8,'LOD 400 - COLO1'!$B:DN,117,FALSE),"N/A") -> NOT PUBLISHED | CP8: =IFERROR(__xludf.DUMMYFUNCTION("IFERROR( MAX(FILTER(BH8:CO8, ISNUMBER(BH8:CO8))), CO8 )"),"NOT PUBLISHED") -> NOT PUBLISHED | CQ8: =IFERROR(VLOOKUP($B8,'LOD 400 - COLO2'!B:S,18,FALSE),"N/A") -> NOT PUBLISHED | CR8: =IFERROR(VLOOKUP($B8,'LOD 400 - COLO2'!B:V,21,FALSE),"N/A") -> NOT PUBLISHED | CS8: =IFERROR(VLOOKUP($B8,'LOD 400 - COLO2'!$B:Y,24,FALSE),"N/A") -> NOT PUBLISHED | CT8: =IFERROR(VLOOKUP($B8,'LOD 400 - COLO2'!$B:DQ,27,FALSE),"N/A") -> NOT PUBLISHED | CU8: =IFERROR(VLOOKUP($B8,'LOD 400 - COLO2'!$B:AE,30,FALSE),"N/A") -> NOT PUBLISHED | CV8: =IFERROR(VLOOKUP($B8,'LOD 400 - COLO2'!$B:AH,33,FALSE),"N/A") -> NOT PUBLISHED | CW8: =IFERROR(VLOOKUP($B8,'LOD 400 - COLO2'!$B:AK,36,FALSE),"N/A") -> NOT PUBLISHED | CX8: =IFERROR(VLOOKUP($B8,'LOD 400 - COLO2'!$B:AN,39,FALSE),"N/A") -> NOT PUBLISHED | CY8: =IFERROR(VLOOKUP($B8,'LOD 400 - COLO2'!$B:AQ,42,FALSE),"N/A") -> NOT PUBLISHED | CZ8: =IFERROR(VLOOKUP($B8,'LOD 400 - COLO2'!$B:AT,45,FALSE),"N/A") -> NOT PUBLISHED | DA8: =IFERROR(VLOOKUP($B8,'LOD 400 - COLO2'!$B:AW,48,FALSE),"N/A") -> NOT PUBLISHED | DB8: =IFERROR(VLOOKUP($B8,'LOD 400 - COLO2'!$B:AZ,51,FALSE),"N/A") -> NOT PUBLISHED | DC8: =IFERROR(VLOOKUP($B8,'LOD 400 - COLO2'!$B:BC,54,FALSE),"N/A") -> NOT PUBLISHED | DD8: =IFERROR(VLOOKUP($B8,'LOD 400 - COLO2'!$B:BF,57,FALSE),"N/A") -> NOT PUBLISHED | DE8: =IFERROR(VLOOKUP($B8,'LOD 400 - COLO2'!$B:BI,60,FALSE),"N/A") -> NOT PUBLISHED | DF8: =IFERROR(VLOOKUP($B8,'LOD 400 - COLO2'!$B:BL,63,FALSE),"N/A") -> NOT PUBLISHED | DG8: =IFERROR(VLOOKUP($B8,'LOD 400 - COLO2'!$B:BO,66,FALSE),"N/A") -> NOT PUBLISHED | DH8: =IFERROR(VLOOKUP($B8,'LOD 400 - COLO2'!$B:BR,69,FALSE),"N/A") -> NOT PUBLISHED | DI8: =IFERROR(VLOOKUP($B8,'LOD 400 - COLO2'!$B:BU,72,FALSE),"N/A") -> NOT PUBLISHED | DJ8: =IFERROR(VLOOKUP($B8,'LOD 400 - COLO2'!$B:BX,75,FALSE),"N/A") -> NOT PUBLISHED | DK8: =IFERROR(VLOOKUP($B8,'LOD 400 - COLO2'!$B:CA,78,FALSE),"N/A") -> NOT PUBLISHED | DL8: =IFERROR(VLOOKUP($B8,'LOD 400 - COLO2'!$B:CD,81,FALSE),"N/A") -> NOT PUBLISHED | DM8: =IFERROR(VLOOKUP($B8,'LOD 400 - COLO2'!$B:CG,84,FALSE),"N/A") -> NOT PUBLISHED | DN8: =IFERROR(VLOOKUP($B8,'LOD 400 - COLO2'!$B:CJ,87,FALSE),"N/A") -> NOT PUBLISHED | DO8: =IFERROR(VLOOKUP($B8,'LOD 400 - COLO2'!$B:CM,90,FALSE),"N/A") -> NOT PUBLISHED | DP8: =IFERROR(VLOOKUP($B8,'LOD 400 - COLO2'!$B:CP,93,FALSE),"N/A") -> NOT PUBLISHED | DQ8: =IFERROR(VLOOKUP($B8,'LOD 400 - COLO2'!$B:CS,96,FALSE),"N/A") -> NOT PUBLISHED | DR8: =IFERROR(VLOOKUP($B8,'LOD 400 - COLO2'!$B:CV,99,FALSE),"N/A") -> NOT PUBLISHED | DS8: =IFERROR(VLOOKUP($B8,'LOD 400 - COLO2'!$B:CY,102,FALSE),"N/A") -> NOT PUBLISHED | DT8: =IFERROR(VLOOKUP($B8,'LOD 400 - COLO2'!$B:DB,105,FALSE),"N/A") -> NOT PUBLISHED | DU8: =IFERROR(VLOOKUP($B8,'LOD 400 - COLO2'!$B:DE,108,FALSE),"N/A") -> NOT PUBLISHED | DV8: =IFERROR(VLOOKUP($B8,'LOD 400 - COLO2'!$B:DH,111,FALSE),"N/A") -> NOT PUBLISHED | DW8: =IFERROR(VLOOKUP($B8,'LOD 400 - COLO2'!$B:DK,114,FALSE),"N/A") -> NOT PUBLISHED | DX8: =IFERROR(VLOOKUP($B8,'LOD 400 - COLO2'!$B:DN,117,FALSE),"N/A") -> NOT PUBLISHED | DY8: =IFERROR(__xludf.DUMMYFUNCTION("IFERROR( MAX(FILTER(CQ8:DW8, ISNUMBER(CQ8:DW8))), DW8 )"),"NOT PUBLISHED") -> NOT PUBLISHED | DZ8: =IFERROR(VLOOKUP($B8,'LOD 400 - COLO3'!B:S,18,FALSE),"N/A") -> NOT PUBLISHED | EA8: =IFERROR(VLOOKUP($B8,'LOD 400 - COLO3'!B:V,21,FALSE),"N/A") -> NOT PUBLISHED | EB8: =IFERROR(VLOOKUP($B8,'LOD 400 - COLO3'!B:Y,24,FALSE),"N/A") -> NOT PUBLISHED | EC8: =IFERROR(VLOOKUP($B8,'LOD 400 - COLO3'!B:AB,27,FALSE),"N/A") -> NOT PUBLISHED | ED8: =IFERROR(VLOOKUP($B8,'LOD 400 - COLO3'!B:AE,30,FALSE),"N/A") -> NOT PUBLISHED | EE8: =IFERROR(VLOOKUP($B8,'LOD 400 - COLO3'!B:AH,33,FALSE),"N/A") -> NOT PUBLISHED | EF8: =IFERROR(VLOOKUP($B8,'LOD 400 - COLO3'!B:AK,36,FALSE),"N/A") -> NOT PUBLISHED | EG8: =IFERROR(VLOOKUP($B8,'LOD 400 - COLO3'!B:AN,39,FALSE),"N/A") -> NOT PUBLISHED | EH8: =IFERROR(VLOOKUP($B8,'LOD 400 - COLO3'!B:AQ,42,FALSE),"N/A") -> NOT PUBLISHED | EI8: =IFERROR(VLOOKUP($B8,'LOD 400 - COLO3'!B:AT,45,FALSE),"N/A") -> NOT PUBLISHED | EJ8: =IFERROR(VLOOKUP($B8,'LOD 400 - COLO3'!B:AW,48,FALSE),"N/A") -> NOT PUBLISHED | EK8: =IFERROR(VLOOKUP($B8,'LOD 400 - COLO3'!B:AZ,51,FALSE),"N/A") -> NOT PUBLISHED | EL8: =IFERROR(VLOOKUP($B8,'LOD 400 - COLO3'!B:BC,54,FALSE),"N/A") -> NOT PUBLISHED | EM8: =IFERROR(VLOOKUP($B8,'LOD 400 - COLO3'!B:BF,57,FALSE),"N/A") -> NOT PUBLISHED | EN8: =IFERROR(VLOOKUP($B8,'LOD 400 - COLO3'!B:BI,60,FALSE),"N/A") -> NOT PUBLISHED | EO8: =IFERROR(VLOOKUP($B8,'LOD 400 - COLO3'!B:BL,63,FALSE),"N/A") -> NOT PUBLISHED | EP8: =IFERROR(__xludf.DUMMYFUNCTION("IFERROR( MAX(FILTER(DZ8:EO8, ISNUMBER(DZ8:EO8))), EO8 )"),"NOT PUBLISHED") -> NOT PUBLISHED | EQ8: =IFERROR(VLOOKUP($B8,'LOD 400 - COLO4'!B:S,18,FALSE),"N/A") -> NOT PUBLISHED | ER8: =IFERROR(__xludf.DUMMYFUNCTION("IFERROR( MAX(FILTER(EQ8, ISNUMBER(EQ8))), EQ8 )"),"NOT PUBLISHED") -> NOT PUBLISHED | ES8: =IFERROR(VLOOKUP($B8,'LOD 400 - SITE'!B:S,18,FALSE),"N/A") -> N/A | ET8: =IFERROR(VLOOKUP($B8,'LOD 400 - SITE'!B:V,21,FALSE),"N/A") -> N/A | EU8: =IFERROR(VLOOKUP($B8,'LOD 400 - SITE'!$B:Y,24,FALSE),"N/A") -> N/A | EV8: =IFERROR(VLOOKUP($B8,'LOD 400 - SITE'!$B:AB,27,FALSE),"N/A") -> N/A | EW8: =IFERROR(VLOOKUP($B8,'LOD 400 - SITE'!$B:AE,30,FALSE),"N/A") -> N/A | EX8: =IFERROR(VLOOKUP($B8,'LOD 400 - SITE'!$B:AH,33,FALSE),"N/A") -> N/A | EY8: =IFERROR(VLOOKUP($B8,'LOD 400 - SITE'!$B:AK,36,FALSE),"N/A") -> N/A | EZ8: =IFERROR(VLOOKUP($B8,'LOD 400 - SITE'!$B:AN,39,FALSE),"N/A") -> N/A | FA8: =IFERROR(VLOOKUP($B8,'LOD 400 - SITE'!$B:AQ,42,FALSE),"N/A") -> N/A | FB8: =IFERROR(VLOOKUP($B8,'LOD 400 - SITE'!$B:AT,45,FALSE),"N/A") -> N/A | FC8: =IFERROR(VLOOKUP($B8,'LOD 400 - SITE'!$B:AW,48,FALSE),"N/A") -> N/A | FD8: =IFERROR(VLOOKUP($B8,'LOD 400 - SITE'!$B:AZ,51,FALSE),"N/A") -> N/A | FE8: =IFERROR(VLOOKUP($B8,'LOD 400 - SITE'!$B:BC,54,FALSE),"N/A") -> N/A | FF8: =IFERROR(VLOOKUP($B8,'LOD 400 - SITE'!$B:BF,57,FALSE),"N/A") -> N/A | FG8: =IFERROR(VLOOKUP($B8,'LOD 400 - SITE'!$B:BI,60,FALSE),"N/A") -> N/A | FH8: =IFERROR(VLOOKUP($B8,'LOD 400 - SITE'!$B:BL,63,FALSE),"N/A") -> N/A | FI8: =IFERROR(VLOOKUP($B8,'LOD 400 - SITE'!$B:BO,66,FALSE),"N/A") -> N/A | FJ8: =IFERROR(VLOOKUP($B8,'LOD 400 - SITE'!$B:BR,69,FALSE),"N/A") -> N/A | FK8: =IFERROR(VLOOKUP($B8,'LOD 400 - SITE'!$B:BU,72,FALSE),"N/A") -> N/A | FL8: =IFERROR(VLOOKUP($B8,'LOD 400 - SITE'!$B:BX,75,FALSE),"N/A") -> N/A | FM8: =IFERROR(VLOOKUP($B8,'LOD 400 - SITE'!$B:CA,78,FALSE),"N/A") -> N/A | FN8: =IFERROR(VLOOKUP($B8,'LOD 400 - SITE'!$B:CD,81,FALSE),"N/A") -> N/A | FO8: =IFERROR(VLOOKUP($B8,'LOD 400 - SITE'!$B:CG,84,FALSE),"N/A") -> N/A | FP8: =IFERROR(VLOOKUP($B8,'LOD 400 - SITE'!$B:CJ,87,FALSE),"N/A") -> N/A | FQ8: =IFERROR(VLOOKUP($B8,'LOD 400 - SITE'!$B:CM,90,FALSE),"N/A") -> N/A | FR8: =IFERROR(VLOOKUP($B8,'LOD 400 - SITE'!$B:CP,93,FALSE),"N/A") -> N/A | FS8: =IFERROR(VLOOKUP($B8,'LOD 400 - SITE'!$B:CS,96,FALSE),"N/A") -> N/A | FT8: =IFERROR(VLOOKUP($B8,'LOD 400 - SITE'!$B:CV,99,FALSE),"N/A") -> N/A | FU8: =IFERROR(VLOOKUP($B8,'LOD 400 - SITE'!$B:CY,102,FALSE),"N/A") -> N/A | FV8: =IFERROR(VLOOKUP($B8,'LOD 400 - SITE'!$B:DB,105,FALSE),"N/A") -> N/A | FW8: =IFERROR(VLOOKUP($B8,'LOD 400 - SITE'!$B:DE,108,FALSE),"N/A") -> N/A | FX8: =IFERROR(VLOOKUP($B8,'LOD 400 - SITE'!$B:DH,111,FALSE),"N/A") -> N/A | FY8: =IFERROR(VLOOKUP($B8,'LOD 400 - SITE'!$B:DK,114,FALSE),"N/A") -> N/A | FZ8: =IFERROR(__xludf.DUMMYFUNCTION("IFERROR( MAX(FILTER(ES8:FY8, ISNUMBER(ES8:FY8))), FY8 )"),"N/A") -> N/A | GA8: =IFERROR(VLOOKUP($B8,'LOD 400 - UTLS'!B:S,18,FALSE),"N/A") -> N/A | GB8: =IFERROR(VLOOKUP($B8,'LOD 400 - UTLS'!B:V,21,FALSE),"N/A") -> N/A | GC8: =IFERROR(VLOOKUP($B8,'LOD 400 - UTLS'!B:Y,24,FALSE),"N/A") -> N/A | GD8: =IFERROR(VLOOKUP($B8,'LOD 400 - UTLS'!$B:AB,27,FALSE),"N/A") -> N/A | GE8: =IFERROR(VLOOKUP($B8,'LOD 400 - UTLS'!$B:AE,30,FALSE),"N/A") -> N/A | GF8: =IFERROR(VLOOKUP($B8,'LOD 400 - UTLS'!$B:AH,33,FALSE),"N/A") -> N/A | GG8: =IFERROR(VLOOKUP($B8,'LOD 400 - UTLS'!$B:AK,36,FALSE),"N/A") -> N/A | GH8: =IFERROR(VLOOKUP($B8,'LOD 400 - UTLS'!$B:AN,39,FALSE),"N/A") -> N/A | GI8: =IFERROR(VLOOKUP($B8,'LOD 400 - UTLS'!$B:AQ,42,FALSE),"N/A") -> N/A | GJ8: =IFERROR(VLOOKUP($B8,'LOD 400 - UTLS'!$B:AT,45,FALSE),"N/A") -> N/A | GK8: =IFERROR(VLOOKUP($B8,'LOD 400 - UTLS'!$B:AW,48,FALSE),"N/A") -> N/A | GL8: =IFERROR(VLOOKUP($B8,'LOD 400 - UTLS'!$B:AZ,51,FALSE),"N/A") -> N/A | GM8: =IFERROR(VLOOKUP($B8,'LOD 400 - UTLS'!$B:BC,54,FALSE),"N/A") -> N/A | GN8: =IFERROR(VLOOKUP($B8,'LOD 400 - UTLS'!$B:BF,57,FALSE),"N/A") -> N/A | GO8: =IFERROR(VLOOKUP($B8,'LOD 400 - UTLS'!$B:BI,60,FALSE),"N/A") -> N/A | GP8: =IFERROR(VLOOKUP($B8,'LOD 400 - UTLS'!$B:BL,63,FALSE),"N/A") -> N/A | GQ8: =IFERROR(VLOOKUP($B8,'LOD 400 - UTLS'!$B:BO,66,FALSE),"N/A") -> N/A | GR8: =IFERROR(VLOOKUP($B8,'LOD 400 - UTLS'!$B:BR,69,FALSE),"N/A") -> N/A | GS8: =IFERROR(VLOOKUP($B8,'LOD 400 - UTLS'!$B:BU,72,FALSE),"N/A") -> N/A | GT8: =IFERROR(VLOOKUP($B8,'LOD 400 - UTLS'!$B:BX,75,FALSE),"N/A") -> N/A | GU8: =IFERROR(VLOOKUP($B8,'LOD 400 - UTLS'!$B:CA,78,FALSE),"N/A") -> N/A | GV8: =IFERROR(VLOOKUP($B8,'LOD 400 - UTLS'!$B:CD,81,FALSE),"N/A") -> N/A | GW8: =IFERROR(VLOOKUP($B8,'LOD 400 - UTLS'!$B:CG,84,FALSE),"N/A") -> N/A | GX8: =IFERROR(VLOOKUP($B8,'LOD 400 - UTLS'!$B:CJ,87,FALSE),"N/A") -> N/A | GY8: =IFERROR(VLOOKUP($B8,'LOD 400 - UTLS'!$B:CM,90,FALSE),"N/A") -> N/A | GZ8: =IFERROR(VLOOKUP($B8,'LOD 400 - UTLS'!$B:CP,93,FALSE),"N/A") -> N/A | HA8: =IFERROR(VLOOKUP($B8,'LOD 400 - UTLS'!$B:CS,96,FALSE),"N/A") -> N/A | HB8: =IFERROR(VLOOKUP($B8,'LOD 400 - UTLS'!$B:CV,99,FALSE),"N/A") -> N/A | HC8: =IFERROR(VLOOKUP($B8,'LOD 400 - UTLS'!$B:CY,102,FALSE),"N/A") -> N/A | HD8: =IFERROR(VLOOKUP($B8,'LOD 400 - UTLS'!$B:DB,105,FALSE),"N/A") -> N/A | HE8: =IFERROR(__xludf.DUMMYFUNCTION("IFERROR( MAX(FILTER(GA8:HD8, ISNUMBER(GA8:HD8))), HD8 )"),"N/A") -> N/A
A9: 11 | B9: CPQ11-ARCH-HMET-DATA-R24.rvt | C9: CPQ11-ARCH-HMET-DATA-R22.rvt | D9: =MID(B9,17,4) -> DATA | E9: S-VALE | F9: 1104 | G9: SPBIM | H9: 1127 | I9: =IFERROR(VLOOKUP($C6:C108,'R22 RELATÓRIO ACC'!B:F,5,FALSE),"NOT PUBLISHED") -> V12 | J9: =IFERROR(VLOOKUP($C6:C108,'R22 RELATÓRIO ACC'!B:P,15,FALSE),"NOT PUBLISHED") -> 08/04/2026 | K9: =IFERROR(VLOOKUP($B7:B108,'RELATÓRIO ACC'!B:F,5,FALSE),"NOT PUBLISHED") -> V1 | L9: =IFERROR(VLOOKUP($B7:B108,'RELATÓRIO ACC'!B:P,15,FALSE),"NOT PUBLISHED") -> 15/05/2026 | M9: =IF(OR($D9="UTLS",$D9="GUAR",$D9="STIR",$D9="PUMP",$D9="SITE"), VLOOKUP($B9,'LOD 400 - SITE'!B:M,12,FALSE), VLOOKUP($B9,'LOD 400 - ADMN'!B:M,12,FALSE) ) -> V1 | N9: =IF(OR($D9="UTLS",$D9="GUAR",$D9="STIR",$D9="PUMP",$D9="SITE"), VLOOKUP($B9,'LOD 400 - SITE'!B:N,13,FALSE), VLOOKUP($B9,'LOD 400 - ADMN'!B:N,13,FALSE) ) -> 46157 | O9: =IF(OR($D9="UTLS",$D9="GUAR",$D9="STIR",$D9="PUMP",$D9="SITE"), VLOOKUP($B9,'LOD 400 - SITE'!B:O,14,FALSE), VLOOKUP($B9,'LOD 400 - ADMN'!B:O,14,FALSE) ) -> R24 | P9: =IF(OR($D9="C345",$D9="C12A",$D9="DATA"), VLOOKUP($B9,'LOD 400 - COLO3'!B:M,12,FALSE),"N/A") -> V1 | Q9: =IF(OR($D9="C345",$D9="C12A",$D9="DATA"), VLOOKUP($B9,'LOD 400 - COLO3'!B:N,13,FALSE),"N/A") -> 46157 | R9: =IF(OR($D9="C345",$D9="C12A",$D9="DATA"), VLOOKUP($B9,'LOD 400 - COLO3'!B:O,14,FALSE),"N/A") -> R24 | S9: =IF(OR($D9="C345",$D9="C12A",$D9="DATA"), VLOOKUP($B9,'LOD 400 - COLO4'!B:N,12,FALSE),"N/A") -> N/A | T9: =IF(OR($D9="C345",$D9="C12A",$D9="DATA"), VLOOKUP($B9,'LOD 400 - COLO4'!B:N,13,FALSE),"N/A") -> N/A | U9: =IF(OR($D9="C345",$D9="C12A",$D9="DATA"), VLOOKUP($B9,'LOD 400 - COLO4'!B:N,13,FALSE),"N/A") -> N/A | V9: =IF(OR($D9="UTLS",$D9="GUAR",$D9="STIR",$D9="PUMP",$D9="SITE"), VLOOKUP($B9,'LOD 400 - UTLS'!B:M,12,FALSE),"N/A") -> N/A | W9: =IF(OR($D9="UTLS",$D9="GUAR",$D9="STIR",$D9="PUMP",$D9="SITE"), VLOOKUP($B9,'LOD 400 - UTLS'!B:N,13,FALSE),"N/A") -> N/A | X9: =IF(OR($D9="UTLS",$D9="GUAR",$D9="STIR",$D9="PUMP",$D9="SITE"), VLOOKUP($B9,'LOD 400 - UTLS'!B:O,14,FALSE),"N/A") -> N/A | Y9: =IFERROR(VLOOKUP($B9,'LOD 400 - ADMN'!B:S,18,FALSE),"N/A") -> OUTDATED | Z9: =IFERROR(VLOOKUP($B9,'LOD 400 - ADMN'!B:V,21,FALSE),"N/A") -> OUTDATED | AA9: =IFERROR(VLOOKUP($B9,'LOD 400 - ADMN'!$B:Y,24,FALSE),"N/A") -> OUTDATED | AB9: =IFERROR(VLOOKUP($B9,'LOD 400 - ADMN'!$B:AB,27,FALSE),"N/A") -> OUTDATED | AC9: =IFERROR(VLOOKUP($B9,'LOD 400 - ADMN'!$B:AE,30,FALSE),"N/A") -> OUTDATED | AD9: =IFERROR(VLOOKUP($B9,'LOD 400 - ADMN'!$B:AH,33,FALSE),"N/A") -> 0.86 | AE9: =IFERROR(VLOOKUP($B9,'LOD 400 - ADMN'!$B:AK,36,FALSE),"N/A") -> OUTDATED | AF9: =IFERROR(VLOOKUP($B9,'LOD 400 - ADMN'!$B:AN,39,FALSE),"N/A") -> NEXT ROUND | AG9: =IFERROR(VLOOKUP($B9,'LOD 400 - ADMN'!$B:AQ,42,FALSE),"N/A") -> 0.9 | AH9: =IFERROR(VLOOKUP($B9,'LOD 400 - ADMN'!$B:AT,45,FALSE),"N/A") -> OUTDATED | AI9: =IFERROR(VLOOKUP($B9,'LOD 400 - ADMN'!$B:AW,48,FALSE),"N/A") -> OUTDATED | AJ9: =IFERROR(VLOOKUP($B9,'LOD 400 - ADMN'!$B:AZ,51,FALSE),"N/A") -> OUTDATED | AK9: =IFERROR(VLOOKUP($B9,'LOD 400 - ADMN'!$B:BC,54,FALSE),"N/A") -> OUTDATED | AL9: =IFERROR(VLOOKUP($B9,'LOD 400 - ADMN'!$B:BF,57,FALSE),"N/A") -> OUTDATED | AM9: =IFERROR(VLOOKUP($B9,'LOD 400 - ADMN'!$B:BI,60,FALSE),"N/A") -> OUTDATED | AN9: =IFERROR(VLOOKUP($B9,'LOD 400 - ADMN'!$B:BL,63,FALSE),"N/A") -> OUTDATED | AO9: =IFERROR(VLOOKUP($B9,'LOD 400 - ADMN'!$B:BO,66,FALSE),"N/A") -> OUTDATED | AP9: =IFERROR(VLOOKUP($B9,'LOD 400 - ADMN'!$B:BR,69,FALSE),"N/A") -> OUTDATED | AQ9: =IFERROR(VLOOKUP($B9,'LOD 400 - ADMN'!$B:BU,72,FALSE),"N/A") -> NEXT ROUND | AR9: =IFERROR(VLOOKUP($B9,'LOD 400 - ADMN'!$B:BX,75,FALSE),"N/A") -> NEXT ROUND | AS9: =IFERROR(VLOOKUP($B9,'LOD 400 - ADMN'!$B:CA,78,FALSE),"N/A") -> NEXT ROUND | AT9: =IFERROR(VLOOKUP($B9,'LOD 400 - ADMN'!$B:CD,81,FALSE),"N/A") -> NEXT ROUND | AU9: =IFERROR(VLOOKUP($B9,'LOD 400 - ADMN'!$B:CG,84,FALSE),"N/A") -> NEXT ROUND | AV9: =IFERROR(VLOOKUP($B9,'LOD 400 - ADMN'!$B:CJ,87,FALSE),"N/A") -> NEXT ROUND | AW9: =IFERROR(VLOOKUP($B9,'LOD 400 - ADMN'!$B:CM,90,FALSE),"N/A") -> NEXT ROUND | AX9: =IFERROR(VLOOKUP($B9,'LOD 400 - ADMN'!$B:CP,93,FALSE),"N/A") -> NEXT ROUND | AY9: =IFERROR(VLOOKUP($B9,'LOD 400 - ADMN'!$B:CS,96,FALSE),"N/A") -> NEXT ROUND | AZ9: =IFERROR(VLOOKUP($B9,'LOD 400 - ADMN'!$B:CV,99,FALSE),"N/A") -> NEXT ROUND | BA9: =IFERROR(VLOOKUP($B9,'LOD 400 - ADMN'!$B:CY,102,FALSE),"N/A") -> NEXT ROUND | BB9: =IFERROR(VLOOKUP($B9,'LOD 400 - ADMN'!$B:DB,105,FALSE),"N/A") -> NEXT ROUND | BC9: =IFERROR(VLOOKUP($B9,'LOD 400 - ADMN'!$B:DE,108,FALSE),"N/A") -> NEXT ROUND | BD9: =IFERROR(VLOOKUP($B9,'LOD 400 - ADMN'!$B:DH,111,FALSE),"N/A") -> NEXT ROUND | BE9: =IFERROR(VLOOKUP($B9,'LOD 400 - ADMN'!$B:DK,114,FALSE),"N/A") -> NEXT ROUND | BF9: =IFERROR(VLOOKUP($B9,'LOD 400 - ADMN'!$B:DN,117,FALSE),"N/A") -> 1 | BG9: =IFERROR(__xludf.DUMMYFUNCTION("IFERROR( MAX(FILTER(Y9:BF9, ISNUMBER(Y9:BF9))), BF9 )"),1.0) -> 1 | BH9: =IFERROR(VLOOKUP($B9,'LOD 400 - COLO1'!B:S,18,FALSE),"N/A") -> OUTDATED | BI9: =IFERROR(VLOOKUP($B9,'LOD 400 - COLO1'!B:V,21,FALSE),"N/A") -> OUTDATED | BJ9: =IFERROR(VLOOKUP($B9,'LOD 400 - COLO1'!$B:Y,24,FALSE),"N/A") -> OUTDATED | BK9: =IFERROR(VLOOKUP($B9,'LOD 400 - COLO1'!$B:AB,27,FALSE),"N/A") -> OUTDATED | BL9: =IFERROR(VLOOKUP($B9,'LOD 400 - COLO1'!$B:AE,30,FALSE),"N/A") -> OUTDATED | BM9: =IFERROR(VLOOKUP($B9,'LOD 400 - COLO1'!$B:AH,33,FALSE),"N/A") -> 0.86 | BN9: =IFERROR(VLOOKUP($B9,'LOD 400 - COLO1'!$B:AK,36,FALSE),"N/A") -> OUTDATED | BO9: =IFERROR(VLOOKUP($B9,'LOD 400 - COLO1'!$B:AN,39,FALSE),"N/A") -> NEXT ROUND | BP9: =IFERROR(VLOOKUP($B9,'LOD 400 - COLO1'!$B:AQ,42,FALSE),"N/A") -> 0.9 | BQ9: =IFERROR(VLOOKUP($B9,'LOD 400 - COLO1'!$B:AT,45,FALSE),"N/A") -> OUTDATED | BR9: =IFERROR(VLOOKUP($B9,'LOD 400 - COLO1'!$B:AW,48,FALSE),"N/A") -> OUTDATED | BS9: =IFERROR(VLOOKUP($B9,'LOD 400 - COLO1'!$B:AZ,51,FALSE),"N/A") -> OUTDATED | BT9: =IFERROR(VLOOKUP($B9,'LOD 400 - COLO1'!$B:BC,54,FALSE),"N/A") -> OUTDATED | BU9: =IFERROR(VLOOKUP($B9,'LOD 400 - COLO1'!$B:BF,57,FALSE),"N/A") -> OUTDATED | BV9: =IFERROR(VLOOKUP($B9,'LOD 400 - COLO1'!$B:BI,60,FALSE),"N/A") -> OUTDATED | BW9: =IFERROR(VLOOKUP($B9,'LOD 400 - COLO1'!$B:BL,63,FALSE),"N/A") -> OUTDATED | BX9: =IFERROR(VLOOKUP($B9,'LOD 400 - COLO1'!$B:BO,66,FALSE),"N/A") -> OUTDATED | BY9: =IFERROR(VLOOKUP($B9,'LOD 400 - COLO1'!$B:BR,69,FALSE),"N/A") -> OUTDATED | BZ9: =IFERROR(VLOOKUP($B9,'LOD 400 - COLO1'!$B:BU,72,FALSE),"N/A") -> NEXT ROUND | CA9: =IFERROR(VLOOKUP($B9,'LOD 400 - COLO1'!$B:BX,75,FALSE),"N/A") -> NEXT ROUND | CB9: =IFERROR(VLOOKUP($B9,'LOD 400 - COLO1'!$B:CA,78,FALSE),"N/A") -> NEXT ROUND | CC9: =IFERROR(VLOOKUP($B9,'LOD 400 - COLO1'!$B:CD,81,FALSE),"N/A") -> NEXT ROUND | CD9: =IFERROR(VLOOKUP($B9,'LOD 400 - COLO1'!$B:CG,84,FALSE),"N/A") -> NEXT ROUND | CE9: =IFERROR(VLOOKUP($B9,'LOD 400 - COLO1'!$B:CJ,87,FALSE),"N/A") -> NEXT ROUND | CF9: =IFERROR(VLOOKUP($B9,'LOD 400 - COLO1'!$B:CM,90,FALSE),"N/A") -> NEXT ROUND | CG9: =IFERROR(VLOOKUP($B9,'LOD 400 - COLO1'!$B:CP,93,FALSE),"N/A") -> NEXT ROUND | CH9: =IFERROR(VLOOKUP($B9,'LOD 400 - COLO1'!$B:CS,96,FALSE),"N/A") -> NEXT ROUND | CI9: =IFERROR(VLOOKUP($B9,'LOD 400 - COLO1'!$B:CV,99,FALSE),"N/A") -> NEXT ROUND | CJ9: =IFERROR(VLOOKUP($B9,'LOD 400 - COLO1'!$B:CY,102,FALSE),"N/A") -> NEXT ROUND | CK9: =IFERROR(VLOOKUP($B9,'LOD 400 - COLO1'!$B:DB,105,FALSE),"N/A") -> NEXT ROUND | CL9: =IFERROR(VLOOKUP($B9,'LOD 400 - COLO1'!$B:DE,108,FALSE),"N/A") -> NEXT ROUND | CM9: =IFERROR(VLOOKUP($B9,'LOD 400 - COLO1'!$B:DH,111,FALSE),"N/A") -> NEXT ROUND | CN9: =IFERROR(VLOOKUP($B9,'LOD 400 - COLO1'!$B:DK,114,FALSE),"N/A") -> NEXT ROUND | CO9: =IFERROR(VLOOKUP($B9,'LOD 400 - COLO1'!$B:DN,117,FALSE),"N/A") -> 1 | CP9: =IFERROR(__xludf.DUMMYFUNCTION("IFERROR( MAX(FILTER(BH9:CO9, ISNUMBER(BH9:CO9))), CO9 )"),1.0) -> 1 | CQ9: =IFERROR(VLOOKUP($B9,'LOD 400 - COLO2'!B:S,18,FALSE),"N/A") -> OUTDATED | CR9: =IFERROR(VLOOKUP($B9,'LOD 400 - COLO2'!B:V,21,FALSE),"N/A") -> OUTDATED | CS9: =IFERROR(VLOOKUP($B9,'LOD 400 - COLO2'!$B:Y,24,FALSE),"N/A") -> OUTDATED | CT9: =IFERROR(VLOOKUP($B9,'LOD 400 - COLO2'!$B:DQ,27,FALSE),"N/A") -> OUTDATED | CU9: =IFERROR(VLOOKUP($B9,'LOD 400 - COLO2'!$B:AE,30,FALSE),"N/A") -> OUTDATED | CV9: =IFERROR(VLOOKUP($B9,'LOD 400 - COLO2'!$B:AH,33,FALSE),"N/A") -> 0.86 | CW9: =IFERROR(VLOOKUP($B9,'LOD 400 - COLO2'!$B:AK,36,FALSE),"N/A") -> OUTDATED | CX9: =IFERROR(VLOOKUP($B9,'LOD 400 - COLO2'!$B:AN,39,FALSE),"N/A") -> NEXT ROUND | CY9: =IFERROR(VLOOKUP($B9,'LOD 400 - COLO2'!$B:AQ,42,FALSE),"N/A") -> 0.9 | CZ9: =IFERROR(VLOOKUP($B9,'LOD 400 - COLO2'!$B:AT,45,FALSE),"N/A") -> OUTDATED | DA9: =IFERROR(VLOOKUP($B9,'LOD 400 - COLO2'!$B:AW,48,FALSE),"N/A") -> OUTDATED | DB9: =IFERROR(VLOOKUP($B9,'LOD 400 - COLO2'!$B:AZ,51,FALSE),"N/A") -> OUTDATED | DC9: =IFERROR(VLOOKUP($B9,'LOD 400 - COLO2'!$B:BC,54,FALSE),"N/A") -> OUTDATED | DD9: =IFERROR(VLOOKUP($B9,'LOD 400 - COLO2'!$B:BF,57,FALSE),"N/A") -> OUTDATED | DE9: =IFERROR(VLOOKUP($B9,'LOD 400 - COLO2'!$B:BI,60,FALSE),"N/A") -> OUTDATED | DF9: =IFERROR(VLOOKUP($B9,'LOD 400 - COLO2'!$B:BL,63,FALSE),"N/A") -> OUTDATED | DG9: =IFERROR(VLOOKUP($B9,'LOD 400 - COLO2'!$B:BO,66,FALSE),"N/A") -> OUTDATED | DH9: =IFERROR(VLOOKUP($B9,'LOD 400 - COLO2'!$B:BR,69,FALSE),"N/A") -> OUTDATED | DI9: =IFERROR(VLOOKUP($B9,'LOD 400 - COLO2'!$B:BU,72,FALSE),"N/A") -> NEXT ROUND | DJ9: =IFERROR(VLOOKUP($B9,'LOD 400 - COLO2'!$B:BX,75,FALSE),"N/A") -> 0.83 | DK9: =IFERROR(VLOOKUP($B9,'LOD 400 - COLO2'!$B:CA,78,FALSE),"N/A") -> OUTDATED | DL9: =IFERROR(VLOOKUP($B9,'LOD 400 - COLO2'!$B:CD,81,FALSE),"N/A") -> OUTDATED | DM9: =IFERROR(VLOOKUP($B9,'LOD 400 - COLO2'!$B:CG,84,FALSE),"N/A") -> OUTDATED | DN9: =IFERROR(VLOOKUP($B9,'LOD 400 - COLO2'!$B:CJ,87,FALSE),"N/A") -> OUTDATED | DO9: =IFERROR(VLOOKUP($B9,'LOD 400 - COLO2'!$B:CM,90,FALSE),"N/A") -> OUTDATED | DP9: =IFERROR(VLOOKUP($B9,'LOD 400 - COLO2'!$B:CP,93,FALSE),"N/A") -> NEXT ROUND | DQ9: =IFERROR(VLOOKUP($B9,'LOD 400 - COLO2'!$B:CS,96,FALSE),"N/A") -> NEXT ROUND | DR9: =IFERROR(VLOOKUP($B9,'LOD 400 - COLO2'!$B:CV,99,FALSE),"N/A") -> NEXT ROUND | DS9: =IFERROR(VLOOKUP($B9,'LOD 400 - COLO2'!$B:CY,102,FALSE),"N/A") -> NEXT ROUND | DT9: =IFERROR(VLOOKUP($B9,'LOD 400 - COLO2'!$B:DB,105,FALSE),"N/A") -> NEXT ROUND | DU9: =IFERROR(VLOOKUP($B9,'LOD 400 - COLO2'!$B:DE,108,FALSE),"N/A") -> NEXT ROUND | DV9: =IFERROR(VLOOKUP($B9,'LOD 400 - COLO2'!$B:DH,111,FALSE),"N/A") -> NEXT ROUND | DW9: =IFERROR(VLOOKUP($B9,'LOD 400 - COLO2'!$B:DK,114,FALSE),"N/A") -> NEXT ROUND | DX9: =IFERROR(VLOOKUP($B9,'LOD 400 - COLO2'!$B:DN,117,FALSE),"N/A") -> 1 | DY9: =IFERROR(__xludf.DUMMYFUNCTION("IFERROR( MAX(FILTER(CQ9:DW9, ISNUMBER(CQ9:DW9))), DW9 )"),0.9) -> 0.9 | DZ9: =IFERROR(VLOOKUP($B9,'LOD 400 - COLO3'!B:S,18,FALSE),"N/A") -> 0 | EA9: =IFERROR(VLOOKUP($B9,'LOD 400 - COLO3'!B:V,21,FALSE),"N/A") -> 0.83 | EB9: =IFERROR(VLOOKUP($B9,'LOD 400 - COLO3'!B:Y,24,FALSE),"N/A") -> OUTDATED | EC9: =IFERROR(VLOOKUP($B9,'LOD 400 - COLO3'!B:AB,27,FALSE),"N/A") -> OUTDATED | ED9: =IFERROR(VLOOKUP($B9,'LOD 400 - COLO3'!B:AE,30,FALSE),"N/A") -> OUTDATED | EE9: =IFERROR(VLOOKUP($B9,'LOD 400 - COLO3'!B:AH,33,FALSE),"N/A") -> OUTDATED | EF9: =IFERROR(VLOOKUP($B9,'LOD 400 - COLO3'!B:AK,36,FALSE),"N/A") -> OUTDATED | EG9: =IFERROR(VLOOKUP($B9,'LOD 400 - COLO3'!B:AN,39,FALSE),"N/A") -> NEXT ROUND | EH9: =IFERROR(VLOOKUP($B9,'LOD 400 - COLO3'!B:AQ,42,FALSE),"N/A") -> NEXT ROUND | EI9: =IFERROR(VLOOKUP($B9,'LOD 400 - COLO3'!B:AT,45,FALSE),"N/A") -> NEXT ROUND | EJ9: =IFERROR(VLOOKUP($B9,'LOD 400 - COLO3'!B:AW,48,FALSE),"N/A") -> NEXT ROUND | EK9: =IFERROR(VLOOKUP($B9,'LOD 400 - COLO3'!B:AZ,51,FALSE),"N/A") -> NEXT ROUND | EL9: =IFERROR(VLOOKUP($B9,'LOD 400 - COLO3'!B:BC,54,FALSE),"N/A") -> NEXT ROUND | EM9: =IFERROR(VLOOKUP($B9,'LOD 400 - COLO3'!B:BF,57,FALSE),"N/A") -> NEXT ROUND | EN9: =IFERROR(VLOOKUP($B9,'LOD 400 - COLO3'!B:BI,60,FALSE),"N/A") -> NEXT ROUND | EO9: =IFERROR(VLOOKUP($B9,'LOD 400 - COLO3'!B:BL,63,FALSE),"N/A") -> 1 | EP9: =IFERROR(__xludf.DUMMYFUNCTION("IFERROR( MAX(FILTER(DZ9:EO9, ISNUMBER(DZ9:EO9))), EO9 )"),1.0) -> 1 | EQ9: =IFERROR(VLOOKUP($B9,'LOD 400 - COLO4'!B:S,18,FALSE),"N/A") -> 0 | ER9: =IFERROR(__xludf.DUMMYFUNCTION("IFERROR( MAX(FILTER(EQ9, ISNUMBER(EQ9))), EQ9 )"),0.0) -> 0 | ES9: =IFERROR(VLOOKUP($B9,'LOD 400 - SITE'!B:S,18,FALSE),"N/A") -> N/A | ET9: =IFERROR(VLOOKUP($B9,'LOD 400 - SITE'!B:V,21,FALSE),"N/A") -> N/A | EU9: =IFERROR(VLOOKUP($B9,'LOD 400 - SITE'!$B:Y,24,FALSE),"N/A") -> N/A | EV9: =IFERROR(VLOOKUP($B9,'LOD 400 - SITE'!$B:AB,27,FALSE),"N/A") -> N/A | EW9: =IFERROR(VLOOKUP($B9,'LOD 400 - SITE'!$B:AE,30,FALSE),"N/A") -> N/A | EX9: =IFERROR(VLOOKUP($B9,'LOD 400 - SITE'!$B:AH,33,FALSE),"N/A") -> N/A | EY9: =IFERROR(VLOOKUP($B9,'LOD 400 - SITE'!$B:AK,36,FALSE),"N/A") -> N/A | EZ9: =IFERROR(VLOOKUP($B9,'LOD 400 - SITE'!$B:AN,39,FALSE),"N/A") -> N/A | FA9: =IFERROR(VLOOKUP($B9,'LOD 400 - SITE'!$B:AQ,42,FALSE),"N/A") -> N/A | FB9: =IFERROR(VLOOKUP($B9,'LOD 400 - SITE'!$B:AT,45,FALSE),"N/A") -> N/A | FC9: =IFERROR(VLOOKUP($B9,'LOD 400 - SITE'!$B:AW,48,FALSE),"N/A") -> N/A | FD9: =IFERROR(VLOOKUP($B9,'LOD 400 - SITE'!$B:AZ,51,FALSE),"N/A") -> N/A | FE9: =IFERROR(VLOOKUP($B9,'LOD 400 - SITE'!$B:BC,54,FALSE),"N/A") -> N/A | FF9: =IFERROR(VLOOKUP($B9,'LOD 400 - SITE'!$B:BF,57,FALSE),"N/A") -> N/A | FG9: =IFERROR(VLOOKUP($B9,'LOD 400 - SITE'!$B:BI,60,FALSE),"N/A") -> N/A | FH9: =IFERROR(VLOOKUP($B9,'LOD 400 - SITE'!$B:BL,63,FALSE),"N/A") -> N/A | FI9: =IFERROR(VLOOKUP($B9,'LOD 400 - SITE'!$B:BO,66,FALSE),"N/A") -> N/A | FJ9: =IFERROR(VLOOKUP($B9,'LOD 400 - SITE'!$B:BR,69,FALSE),"N/A") -> N/A | FK9: =IFERROR(VLOOKUP($B9,'LOD 400 - SITE'!$B:BU,72,FALSE),"N/A") -> N/A | FL9: =IFERROR(VLOOKUP($B9,'LOD 400 - SITE'!$B:BX,75,FALSE),"N/A") -> N/A | FM9: =IFERROR(VLOOKUP($B9,'LOD 400 - SITE'!$B:CA,78,FALSE),"N/A") -> N/A | FN9: =IFERROR(VLOOKUP($B9,'LOD 400 - SITE'!$B:CD,81,FALSE),"N/A") -> N/A | FO9: =IFERROR(VLOOKUP($B9,'LOD 400 - SITE'!$B:CG,84,FALSE),"N/A") -> N/A | FP9: =IFERROR(VLOOKUP($B9,'LOD 400 - SITE'!$B:CJ,87,FALSE),"N/A") -> N/A | FQ9: =IFERROR(VLOOKUP($B9,'LOD 400 - SITE'!$B:CM,90,FALSE),"N/A") -> N/A | FR9: =IFERROR(VLOOKUP($B9,'LOD 400 - SITE'!$B:CP,93,FALSE),"N/A") -> N/A | FS9: =IFERROR(VLOOKUP($B9,'LOD 400 - SITE'!$B:CS,96,FALSE),"N/A") -> N/A | FT9: =IFERROR(VLOOKUP($B9,'LOD 400 - SITE'!$B:CV,99,FALSE),"N/A") -> N/A | FU9: =IFERROR(VLOOKUP($B9,'LOD 400 - SITE'!$B:CY,102,FALSE),"N/A") -> N/A | FV9: =IFERROR(VLOOKUP($B9,'LOD 400 - SITE'!$B:DB,105,FALSE),"N/A") -> N/A | FW9: =IFERROR(VLOOKUP($B9,'LOD 400 - SITE'!$B:DE,108,FALSE),"N/A") -> N/A | FX9: =IFERROR(VLOOKUP($B9,'LOD 400 - SITE'!$B:DH,111,FALSE),"N/A") -> N/A | FY9: =IFERROR(VLOOKUP($B9,'LOD 400 - SITE'!$B:DK,114,FALSE),"N/A") -> N/A | FZ9: =IFERROR(__xludf.DUMMYFUNCTION("IFERROR( MAX(FILTER(ES9:FY9, ISNUMBER(ES9:FY9))), FY9 )"),"N/A") -> N/A | GA9: =IFERROR(VLOOKUP($B9,'LOD 400 - UTLS'!B:S,18,FALSE),"N/A") -> N/A | GB9: =IFERROR(VLOOKUP($B9,'LOD 400 - UTLS'!B:V,21,FALSE),"N/A") -> N/A | GC9: =IFERROR(VLOOKUP($B9,'LOD 400 - UTLS'!B:Y,24,FALSE),"N/A") -> N/A | GD9: =IFERROR(VLOOKUP($B9,'LOD 400 - UTLS'!$B:AB,27,FALSE),"N/A") -> N/A | GE9: =IFERROR(VLOOKUP($B9,'LOD 400 - UTLS'!$B:AE,30,FALSE),"N/A") -> N/A | GF9: =IFERROR(VLOOKUP($B9,'LOD 400 - UTLS'!$B:AH,33,FALSE),"N/A") -> N/A | GG9: =IFERROR(VLOOKUP($B9,'LOD 400 - UTLS'!$B:AK,36,FALSE),"N/A") -> N/A | GH9: =IFERROR(VLOOKUP($B9,'LOD 400 - UTLS'!$B:AN,39,FALSE),"N/A") -> N/A | GI9: =IFERROR(VLOOKUP($B9,'LOD 400 - UTLS'!$B:AQ,42,FALSE),"N/A") -> N/A | GJ9: =IFERROR(VLOOKUP($B9,'LOD 400 - UTLS'!$B:AT,45,FALSE),"N/A") -> N/A | GK9: =IFERROR(VLOOKUP($B9,'LOD 400 - UTLS'!$B:AW,48,FALSE),"N/A") -> N/A | GL9: =IFERROR(VLOOKUP($B9,'LOD 400 - UTLS'!$B:AZ,51,FALSE),"N/A") -> N/A | GM9: =IFERROR(VLOOKUP($B9,'LOD 400 - UTLS'!$B:BC,54,FALSE),"N/A") -> N/A | GN9: =IFERROR(VLOOKUP($B9,'LOD 400 - UTLS'!$B:BF,57,FALSE),"N/A") -> N/A | GO9: =IFERROR(VLOOKUP($B9,'LOD 400 - UTLS'!$B:BI,60,FALSE),"N/A") -> N/A | GP9: =IFERROR(VLOOKUP($B9,'LOD 400 - UTLS'!$B:BL,63,FALSE),"N/A") -> N/A | GQ9: =IFERROR(VLOOKUP($B9,'LOD 400 - UTLS'!$B:BO,66,FALSE),"N/A") -> N/A | GR9: =IFERROR(VLOOKUP($B9,'LOD 400 - UTLS'!$B:BR,69,FALSE),"N/A") -> N/A | GS9: =IFERROR(VLOOKUP($B9,'LOD 400 - UTLS'!$B:BU,72,FALSE),"N/A") -> N/A | GT9: =IFERROR(VLOOKUP($B9,'LOD 400 - UTLS'!$B:BX,75,FALSE),"N/A") -> N/A | GU9: =IFERROR(VLOOKUP($B9,'LOD 400 - UTLS'!$B:CA,78,FALSE),"N/A") -> N/A | GV9: =IFERROR(VLOOKUP($B9,'LOD 400 - UTLS'!$B:CD,81,FALSE),"N/A") -> N/A | GW9: =IFERROR(VLOOKUP($B9,'LOD 400 - UTLS'!$B:CG,84,FALSE),"N/A") -> N/A | GX9: =IFERROR(VLOOKUP($B9,'LOD 400 - UTLS'!$B:CJ,87,FALSE),"N/A") -> N/A | GY9: =IFERROR(VLOOKUP($B9,'LOD 400 - UTLS'!$B:CM,90,FALSE),"N/A") -> N/A | GZ9: =IFERROR(VLOOKUP($B9,'LOD 400 - UTLS'!$B:CP,93,FALSE),"N/A") -> N/A | HA9: =IFERROR(VLOOKUP($B9,'LOD 400 - UTLS'!$B:CS,96,FALSE),"N/A") -> N/A | HB9: =IFERROR(VLOOKUP($B9,'LOD 400 - UTLS'!$B:CV,99,FALSE),"N/A") -> N/A | HC9: =IFERROR(VLOOKUP($B9,'LOD 400 - UTLS'!$B:CY,102,FALSE),"N/A") -> N/A | HD9: =IFERROR(VLOOKUP($B9,'LOD 400 - UTLS'!$B:DB,105,FALSE),"N/A") -> N/A | HE9: =IFERROR(__xludf.DUMMYFUNCTION("IFERROR( MAX(FILTER(GA9:HD9, ISNUMBER(GA9:HD9))), HD9 )"),"N/A") -> N/A
A10: 12 | B10: CPQ11-ARCH-HMET-SITE-R24.rvt | C10: CPQ11-ARCH-HMET-SITE-R22.rvt | D10: =MID(B10,17,4) -> SITE | E10: S-VALE | F10: 1104 | G10: SPBIM | H10: 1127 | I10: =IFERROR(VLOOKUP($C7:C108,'R22 RELATÓRIO ACC'!B:F,5,FALSE),"NOT PUBLISHED") -> V9 | J10: =IFERROR(VLOOKUP($C7:C108,'R22 RELATÓRIO ACC'!B:P,15,FALSE),"NOT PUBLISHED") -> 10/04/2026 | K10: =IFERROR(VLOOKUP($B7:B108,'RELATÓRIO ACC'!B:F,5,FALSE),"NOT PUBLISHED") -> V1 | L10: =IFERROR(VLOOKUP($B7:B108,'RELATÓRIO ACC'!B:P,15,FALSE),"NOT PUBLISHED") -> 15/05/2026 | M10: =IF(OR($D10="UTLS",$D10="GUAR",$D10="STIR",$D10="PUMP",$D10="SITE"), VLOOKUP($B10,'LOD 400 - SITE'!B:M,12,FALSE), VLOOKUP($B10,'LOD 400 - ADMN'!B:M,12,FALSE) ) -> V1 | N10: =IF(OR($D10="UTLS",$D10="GUAR",$D10="STIR",$D10="PUMP",$D10="SITE"), VLOOKUP($B10,'LOD 400 - SITE'!B:N,13,FALSE), VLOOKUP($B10,'LOD 400 - ADMN'!B:N,13,FALSE) ) -> 46157 | O10: =IF(OR($D10="UTLS",$D10="GUAR",$D10="STIR",$D10="PUMP",$D10="SITE"), VLOOKUP($B10,'LOD 400 - SITE'!B:O,14,FALSE), VLOOKUP($B10,'LOD 400 - ADMN'!B:O,14,FALSE) ) -> R24 | P10: =IF(OR($D10="C345",$D10="C12A",$D10="DATA"), VLOOKUP($B10,'LOD 400 - COLO3'!B:M,12,FALSE),"N/A") -> N/A | Q10: =IF(OR($D10="C345",$D10="C12A",$D10="DATA"), VLOOKUP($B10,'LOD 400 - COLO3'!B:N,13,FALSE),"N/A") -> N/A | R10: =IF(OR($D10="C345",$D10="C12A",$D10="DATA"), VLOOKUP($B10,'LOD 400 - COLO3'!B:O,14,FALSE),"N/A") -> N/A | S10: =IF(OR($D10="C345",$D10="C12A",$D10="DATA"), VLOOKUP($B10,'LOD 400 - COLO4'!B:N,12,FALSE),"N/A") -> N/A | T10: =IF(OR($D10="C345",$D10="C12A",$D10="DATA"), VLOOKUP($B10,'LOD 400 - COLO4'!B:N,13,FALSE),"N/A") -> N/A | U10: =IF(OR($D10="C345",$D10="C12A",$D10="DATA"), VLOOKUP($B10,'LOD 400 - COLO4'!B:N,13,FALSE),"N/A") -> N/A | V10: =IF(OR($D10="UTLS",$D10="GUAR",$D10="STIR",$D10="PUMP",$D10="SITE"), VLOOKUP($B10,'LOD 400 - UTLS'!B:M,12,FALSE),"N/A") -> V1 | W10: =IF(OR($D10="UTLS",$D10="GUAR",$D10="STIR",$D10="PUMP",$D10="SITE"), VLOOKUP($B10,'LOD 400 - UTLS'!B:N,13,FALSE),"N/A") -> 46157 | X10: =IF(OR($D10="UTLS",$D10="GUAR",$D10="STIR",$D10="PUMP",$D10="SITE"), VLOOKUP($B10,'LOD 400 - UTLS'!B:O,14,FALSE),"N/A") -> R24 | Y10: =IFERROR(VLOOKUP($B10,'LOD 400 - ADMN'!B:S,18,FALSE),"N/A") -> N/A | Z10: =IFERROR(VLOOKUP($B10,'LOD 400 - ADMN'!B:V,21,FALSE),"N/A") -> N/A | AA10: =IFERROR(VLOOKUP($B10,'LOD 400 - ADMN'!$B:Y,24,FALSE),"N/A") -> N/A | AB10: =IFERROR(VLOOKUP($B10,'LOD 400 - ADMN'!$B:AB,27,FALSE),"N/A") -> N/A | AC10: =IFERROR(VLOOKUP($B10,'LOD 400 - ADMN'!$B:AE,30,FALSE),"N/A") -> N/A | AD10: =IFERROR(VLOOKUP($B10,'LOD 400 - ADMN'!$B:AH,33,FALSE),"N/A") -> N/A | AE10: =IFERROR(VLOOKUP($B10,'LOD 400 - ADMN'!$B:AK,36,FALSE),"N/A") -> N/A | AF10: =IFERROR(VLOOKUP($B10,'LOD 400 - ADMN'!$B:AN,39,FALSE),"N/A") -> N/A | AG10: =IFERROR(VLOOKUP($B10,'LOD 400 - ADMN'!$B:AQ,42,FALSE),"N/A") -> N/A | AH10: =IFERROR(VLOOKUP($B10,'LOD 400 - ADMN'!$B:AT,45,FALSE),"N/A") -> N/A | AI10: =IFERROR(VLOOKUP($B10,'LOD 400 - ADMN'!$B:AW,48,FALSE),"N/A") -> N/A | AJ10: =IFERROR(VLOOKUP($B10,'LOD 400 - ADMN'!$B:AZ,51,FALSE),"N/A") -> N/A | AK10: =IFERROR(VLOOKUP($B10,'LOD 400 - ADMN'!$B:BC,54,FALSE),"N/A") -> N/A | AL10: =IFERROR(VLOOKUP($B10,'LOD 400 - ADMN'!$B:BF,57,FALSE),"N/A") -> N/A | AM10: =IFERROR(VLOOKUP($B10,'LOD 400 - ADMN'!$B:BI,60,FALSE),"N/A") -> N/A | AN10: =IFERROR(VLOOKUP($B10,'LOD 400 - ADMN'!$B:BL,63,FALSE),"N/A") -> N/A | AO10: =IFERROR(VLOOKUP($B10,'LOD 400 - ADMN'!$B:BO,66,FALSE),"N/A") -> N/A | AP10: =IFERROR(VLOOKUP($B10,'LOD 400 - ADMN'!$B:BR,69,FALSE),"N/A") -> N/A | AQ10: =IFERROR(VLOOKUP($B10,'LOD 400 - ADMN'!$B:BU,72,FALSE),"N/A") -> N/A | AR10: =IFERROR(VLOOKUP($B10,'LOD 400 - ADMN'!$B:BX,75,FALSE),"N/A") -> N/A | AS10: =IFERROR(VLOOKUP($B10,'LOD 400 - ADMN'!$B:CA,78,FALSE),"N/A") -> N/A | AT10: =IFERROR(VLOOKUP($B10,'LOD 400 - ADMN'!$B:CD,81,FALSE),"N/A") -> N/A | AU10: =IFERROR(VLOOKUP($B10,'LOD 400 - ADMN'!$B:CG,84,FALSE),"N/A") -> N/A | AV10: =IFERROR(VLOOKUP($B10,'LOD 400 - ADMN'!$B:CJ,87,FALSE),"N/A") -> N/A | AW10: =IFERROR(VLOOKUP($B10,'LOD 400 - ADMN'!$B:CM,90,FALSE),"N/A") -> N/A | AX10: =IFERROR(VLOOKUP($B10,'LOD 400 - ADMN'!$B:CP,93,FALSE),"N/A") -> N/A | AY10: =IFERROR(VLOOKUP($B10,'LOD 400 - ADMN'!$B:CS,96,FALSE),"N/A") -> N/A | AZ10: =IFERROR(VLOOKUP($B10,'LOD 400 - ADMN'!$B:CV,99,FALSE),"N/A") -> N/A | BA10: =IFERROR(VLOOKUP($B10,'LOD 400 - ADMN'!$B:CY,102,FALSE),"N/A") -> N/A | BB10: =IFERROR(VLOOKUP($B10,'LOD 400 - ADMN'!$B:DB,105,FALSE),"N/A") -> N/A | BC10: =IFERROR(VLOOKUP($B10,'LOD 400 - ADMN'!$B:DE,108,FALSE),"N/A") -> N/A | BD10: =IFERROR(VLOOKUP($B10,'LOD 400 - ADMN'!$B:DH,111,FALSE),"N/A") -> N/A | BE10: =IFERROR(VLOOKUP($B10,'LOD 400 - ADMN'!$B:DK,114,FALSE),"N/A") -> N/A | BF10: =IFERROR(VLOOKUP($B10,'LOD 400 - ADMN'!$B:DN,117,FALSE),"N/A") -> N/A | BG10: =IFERROR(__xludf.DUMMYFUNCTION("IFERROR( MAX(FILTER(Y10:BF10, ISNUMBER(Y10:BF10))), BF10 )"),"N/A") -> N/A | BH10: =IFERROR(VLOOKUP($B10,'LOD 400 - COLO1'!B:S,18,FALSE),"N/A") -> N/A | BI10: =IFERROR(VLOOKUP($B10,'LOD 400 - COLO1'!B:V,21,FALSE),"N/A") -> N/A | BJ10: =IFERROR(VLOOKUP($B10,'LOD 400 - COLO1'!$B:Y,24,FALSE),"N/A") -> N/A | BK10: =IFERROR(VLOOKUP($B10,'LOD 400 - COLO1'!$B:AB,27,FALSE),"N/A") -> N/A | BL10: =IFERROR(VLOOKUP($B10,'LOD 400 - COLO1'!$B:AE,30,FALSE),"N/A") -> N/A | BM10: =IFERROR(VLOOKUP($B10,'LOD 400 - COLO1'!$B:AH,33,FALSE),"N/A") -> N/A | BN10: =IFERROR(VLOOKUP($B10,'LOD 400 - COLO1'!$B:AK,36,FALSE),"N/A") -> N/A | BO10: =IFERROR(VLOOKUP($B10,'LOD 400 - COLO1'!$B:AN,39,FALSE),"N/A") -> N/A | BP10: =IFERROR(VLOOKUP($B10,'LOD 400 - COLO1'!$B:AQ,42,FALSE),"N/A") -> N/A | BQ10: =IFERROR(VLOOKUP($B10,'LOD 400 - COLO1'!$B:AT,45,FALSE),"N/A") -> N/A | BR10: =IFERROR(VLOOKUP($B10,'LOD 400 - COLO1'!$B:AW,48,FALSE),"N/A") -> N/A | BS10: =IFERROR(VLOOKUP($B10,'LOD 400 - COLO1'!$B:AZ,51,FALSE),"N/A") -> N/A | BT10: =IFERROR(VLOOKUP($B10,'LOD 400 - COLO1'!$B:BC,54,FALSE),"N/A") -> N/A | BU10: =IFERROR(VLOOKUP($B10,'LOD 400 - COLO1'!$B:BF,57,FALSE),"N/A") -> N/A | BV10: =IFERROR(VLOOKUP($B10,'LOD 400 - COLO1'!$B:BI,60,FALSE),"N/A") -> N/A | BW10: =IFERROR(VLOOKUP($B10,'LOD 400 - COLO1'!$B:BL,63,FALSE),"N/A") -> N/A | BX10: =IFERROR(VLOOKUP($B10,'LOD 400 - COLO1'!$B:BO,66,FALSE),"N/A") -> N/A | BY10: =IFERROR(VLOOKUP($B10,'LOD 400 - COLO1'!$B:BR,69,FALSE),"N/A") -> N/A | BZ10: =IFERROR(VLOOKUP($B10,'LOD 400 - COLO1'!$B:BU,72,FALSE),"N/A") -> N/A | CA10: =IFERROR(VLOOKUP($B10,'LOD 400 - COLO1'!$B:BX,75,FALSE),"N/A") -> N/A | CB10: =IFERROR(VLOOKUP($B10,'LOD 400 - COLO1'!$B:CA,78,FALSE),"N/A") -> N/A | CC10: =IFERROR(VLOOKUP($B10,'LOD 400 - COLO1'!$B:CD,81,FALSE),"N/A") -> N/A | CD10: =IFERROR(VLOOKUP($B10,'LOD 400 - COLO1'!$B:CG,84,FALSE),"N/A") -> N/A | CE10: =IFERROR(VLOOKUP($B10,'LOD 400 - COLO1'!$B:CJ,87,FALSE),"N/A") -> N/A | CF10: =IFERROR(VLOOKUP($B10,'LOD 400 - COLO1'!$B:CM,90,FALSE),"N/A") -> N/A | CG10: =IFERROR(VLOOKUP($B10,'LOD 400 - COLO1'!$B:CP,93,FALSE),"N/A") -> N/A | CH10: =IFERROR(VLOOKUP($B10,'LOD 400 - COLO1'!$B:CS,96,FALSE),"N/A") -> N/A | CI10: =IFERROR(VLOOKUP($B10,'LOD 400 - COLO1'!$B:CV,99,FALSE),"N/A") -> N/A | CJ10: =IFERROR(VLOOKUP($B10,'LOD 400 - COLO1'!$B:CY,102,FALSE),"N/A") -> N/A | CK10: =IFERROR(VLOOKUP($B10,'LOD 400 - COLO1'!$B:DB,105,FALSE),"N/A") -> N/A | CL10: =IFERROR(VLOOKUP($B10,'LOD 400 - COLO1'!$B:DE,108,FALSE),"N/A") -> N/A | CM10: =IFERROR(VLOOKUP($B10,'LOD 400 - COLO1'!$B:DH,111,FALSE),"N/A") -> N/A | CN10: =IFERROR(VLOOKUP($B10,'LOD 400 - COLO1'!$B:DK,114,FALSE),"N/A") -> N/A | CO10: =IFERROR(VLOOKUP($B10,'LOD 400 - COLO1'!$B:DN,117,FALSE),"N/A") -> N/A | CP10: =IFERROR(__xludf.DUMMYFUNCTION("IFERROR( MAX(FILTER(BH10:CO10, ISNUMBER(BH10:CO10))), CO10 )"),"N/A") -> N/A | CQ10: =IFERROR(VLOOKUP($B10,'LOD 400 - COLO2'!B:S,18,FALSE),"N/A") -> N/A | CR10: =IFERROR(VLOOKUP($B10,'LOD 400 - COLO2'!B:V,21,FALSE),"N/A") -> N/A | CS10: =IFERROR(VLOOKUP($B10,'LOD 400 - COLO2'!$B:Y,24,FALSE),"N/A") -> N/A | CT10: =IFERROR(VLOOKUP($B10,'LOD 400 - COLO2'!$B:DQ,27,FALSE),"N/A") -> N/A | CU10: =IFERROR(VLOOKUP($B10,'LOD 400 - COLO2'!$B:AE,30,FALSE),"N/A") -> N/A | CV10: =IFERROR(VLOOKUP($B10,'LOD 400 - COLO2'!$B:AH,33,FALSE),"N/A") -> N/A | CW10: =IFERROR(VLOOKUP($B10,'LOD 400 - COLO2'!$B:AK,36,FALSE),"N/A") -> N/A | CX10: =IFERROR(VLOOKUP($B10,'LOD 400 - COLO2'!$B:AN,39,FALSE),"N/A") -> N/A | CY10: =IFERROR(VLOOKUP($B10,'LOD 400 - COLO2'!$B:AQ,42,FALSE),"N/A") -> N/A | CZ10: =IFERROR(VLOOKUP($B10,'LOD 400 - COLO2'!$B:AT,45,FALSE),"N/A") -> N/A | DA10: =IFERROR(VLOOKUP($B10,'LOD 400 - COLO2'!$B:AW,48,FALSE),"N/A") -> N/A | DB10: =IFERROR(VLOOKUP($B10,'LOD 400 - COLO2'!$B:AZ,51,FALSE),"N/A") -> N/A | DC10: =IFERROR(VLOOKUP($B10,'LOD 400 - COLO2'!$B:BC,54,FALSE),"N/A") -> N/A | DD10: =IFERROR(VLOOKUP($B10,'LOD 400 - COLO2'!$B:BF,57,FALSE),"N/A") -> N/A | DE10: =IFERROR(VLOOKUP($B10,'LOD 400 - COLO2'!$B:BI,60,FALSE),"N/A") -> N/A | DF10: =IFERROR(VLOOKUP($B10,'LOD 400 - COLO2'!$B:BL,63,FALSE),"N/A") -> N/A | DG10: =IFERROR(VLOOKUP($B10,'LOD 400 - COLO2'!$B:BO,66,FALSE),"N/A") -> N/A | DH10: =IFERROR(VLOOKUP($B10,'LOD 400 - COLO2'!$B:BR,69,FALSE),"N/A") -> N/A | DI10: =IFERROR(VLOOKUP($B10,'LOD 400 - COLO2'!$B:BU,72,FALSE),"N/A") -> N/A | DJ10: =IFERROR(VLOOKUP($B10,'LOD 400 - COLO2'!$B:BX,75,FALSE),"N/A") -> N/A | DK10: =IFERROR(VLOOKUP($B10,'LOD 400 - COLO2'!$B:CA,78,FALSE),"N/A") -> N/A | DL10: =IFERROR(VLOOKUP($B10,'LOD 400 - COLO2'!$B:CD,81,FALSE),"N/A") -> N/A | DM10: =IFERROR(VLOOKUP($B10,'LOD 400 - COLO2'!$B:CG,84,FALSE),"N/A") -> N/A | DN10: =IFERROR(VLOOKUP($B10,'LOD 400 - COLO2'!$B:CJ,87,FALSE),"N/A") -> N/A | DO10: =IFERROR(VLOOKUP($B10,'LOD 400 - COLO2'!$B:CM,90,FALSE),"N/A") -> N/A | DP10: =IFERROR(VLOOKUP($B10,'LOD 400 - COLO2'!$B:CP,93,FALSE),"N/A") -> N/A | DQ10: =IFERROR(VLOOKUP($B10,'LOD 400 - COLO2'!$B:CS,96,FALSE),"N/A") -> N/A | DR10: =IFERROR(VLOOKUP($B10,'LOD 400 - COLO2'!$B:CV,99,FALSE),"N/A") -> N/A | DS10: =IFERROR(VLOOKUP($B10,'LOD 400 - COLO2'!$B:CY,102,FALSE),"N/A") -> N/A | DT10: =IFERROR(VLOOKUP($B10,'LOD 400 - COLO2'!$B:DB,105,FALSE),"N/A") -> N/A | DU10: =IFERROR(VLOOKUP($B10,'LOD 400 - COLO2'!$B:DE,108,FALSE),"N/A") -> N/A | DV10: =IFERROR(VLOOKUP($B10,'LOD 400 - COLO2'!$B:DH,111,FALSE),"N/A") -> N/A | DW10: =IFERROR(VLOOKUP($B10,'LOD 400 - COLO2'!$B:DK,114,FALSE),"N/A") -> N/A | DX10: =IFERROR(VLOOKUP($B10,'LOD 400 - COLO2'!$B:DN,117,FALSE),"N/A") -> N/A | DY10: =IFERROR(__xludf.DUMMYFUNCTION("IFERROR( MAX(FILTER(CQ10:DW10, ISNUMBER(CQ10:DW10))), DW10 )"),"N/A") -> N/A | DZ10: =IFERROR(VLOOKUP($B10,'LOD 400 - COLO3'!B:S,18,FALSE),"N/A") -> N/A | EA10: =IFERROR(VLOOKUP($B10,'LOD 400 - COLO3'!B:V,21,FALSE),"N/A") -> N/A | EB10: =IFERROR(VLOOKUP($B10,'LOD 400 - COLO3'!B:Y,24,FALSE),"N/A") -> N/A | EC10: =IFERROR(VLOOKUP($B10,'LOD 400 - COLO3'!B:AB,27,FALSE),"N/A") -> N/A | ED10: =IFERROR(VLOOKUP($B10,'LOD 400 - COLO3'!B:AE,30,FALSE),"N/A") -> N/A | EE10: =IFERROR(VLOOKUP($B10,'LOD 400 - COLO3'!B:AH,33,FALSE),"N/A") -> N/A | EF10: =IFERROR(VLOOKUP($B10,'LOD 400 - COLO3'!B:AK,36,FALSE),"N/A") -> N/A | EG10: =IFERROR(VLOOKUP($B10,'LOD 400 - COLO3'!B:AN,39,FALSE),"N/A") -> N/A | EH10: =IFERROR(VLOOKUP($B10,'LOD 400 - COLO3'!B:AQ,42,FALSE),"N/A") -> N/A | EI10: =IFERROR(VLOOKUP($B10,'LOD 400 - COLO3'!B:AT,45,FALSE),"N/A") -> N/A | EJ10: =IFERROR(VLOOKUP($B10,'LOD 400 - COLO3'!B:AW,48,FALSE),"N/A") -> N/A | EK10: =IFERROR(VLOOKUP($B10,'LOD 400 - COLO3'!B:AZ,51,FALSE),"N/A") -> N/A | EL10: =IFERROR(VLOOKUP($B10,'LOD 400 - COLO3'!B:BC,54,FALSE),"N/A") -> N/A | EM10: =IFERROR(VLOOKUP($B10,'LOD 400 - COLO3'!B:BF,57,FALSE),"N/A") -> N/A | EN10: =IFERROR(VLOOKUP($B10,'LOD 400 - COLO3'!B:BI,60,FALSE),"N/A") -> N/A | EO10: =IFERROR(VLOOKUP($B10,'LOD 400 - COLO3'!B:BL,63,FALSE),"N/A") -> N/A | EP10: =IFERROR(__xludf.DUMMYFUNCTION("IFERROR( MAX(FILTER(DZ10:EO10, ISNUMBER(DZ10:EO10))), EO10 )"),"N/A") -> N/A | EQ10: =IFERROR(VLOOKUP($B10,'LOD 400 - COLO4'!B:S,18,FALSE),"N/A") -> N/A | ER10: =IFERROR(__xludf.DUMMYFUNCTION("IFERROR( MAX(FILTER(EQ10, ISNUMBER(EQ10))), EQ10 )"),"N/A") -> N/A | ES10: =IFERROR(VLOOKUP($B10,'LOD 400 - SITE'!B:S,18,FALSE),"N/A") -> OUTDATED | ET10: =IFERROR(VLOOKUP($B10,'LOD 400 - SITE'!B:V,21,FALSE),"N/A") -> OUTDATED | EU10: =IFERROR(VLOOKUP($B10,'LOD 400 - SITE'!$B:Y,24,FALSE),"N/A") -> OUTDATED | EV10: =IFERROR(VLOOKUP($B10,'LOD 400 - SITE'!$B:AB,27,FALSE),"N/A") -> OUTDATED | EW10: =IFERROR(VLOOKUP($B10,'LOD 400 - SITE'!$B:AE,30,FALSE),"N/A") -> OUTDATED | EX10: =IFERROR(VLOOKUP($B10,'LOD 400 - SITE'!$B:AH,33,FALSE),"N/A") -> 0.86 | EY10: =IFERROR(VLOOKUP($B10,'LOD 400 - SITE'!$B:AK,36,FALSE),"N/A") -> OUTDATED | EZ10: =IFERROR(VLOOKUP($B10,'LOD 400 - SITE'!$B:AN,39,FALSE),"N/A") -> NEXT ROUND | FA10: =IFERROR(VLOOKUP($B10,'LOD 400 - SITE'!$B:AQ,42,FALSE),"N/A") -> 0.9 | FB10: =IFERROR(VLOOKUP($B10,'LOD 400 - SITE'!$B:AT,45,FALSE),"N/A") -> 0.9 | FC10: =IFERROR(VLOOKUP($B10,'LOD 400 - SITE'!$B:AW,48,FALSE),"N/A") -> 0.9 | FD10: =IFERROR(VLOOKUP($B10,'LOD 400 - SITE'!$B:AZ,51,FALSE),"N/A") -> OUTDATED | FE10: =IFERROR(VLOOKUP($B10,'LOD 400 - SITE'!$B:BC,54,FALSE),"N/A") -> OUTDATED | FF10: =IFERROR(VLOOKUP($B10,'LOD 400 - SITE'!$B:BF,57,FALSE),"N/A") -> OUTDATED | FG10: =IFERROR(VLOOKUP($B10,'LOD 400 - SITE'!$B:BI,60,FALSE),"N/A") -> OUTDATED | FH10: =IFERROR(VLOOKUP($B10,'LOD 400 - SITE'!$B:BL,63,FALSE),"N/A") -> NEXT ROUND | FI10: =IFERROR(VLOOKUP($B10,'LOD 400 - SITE'!$B:BO,66,FALSE),"N/A") -> NEXT ROUND | FJ10: =IFERROR(VLOOKUP($B10,'LOD 400 - SITE'!$B:BR,69,FALSE),"N/A") -> NEXT ROUND | FK10: =IFERROR(VLOOKUP($B10,'LOD 400 - SITE'!$B:BU,72,FALSE),"N/A") -> NEXT ROUND | FL10: =IFERROR(VLOOKUP($B10,'LOD 400 - SITE'!$B:BX,75,FALSE),"N/A") -> NEXT ROUND | FM10: =IFERROR(VLOOKUP($B10,'LOD 400 - SITE'!$B:CA,78,FALSE),"N/A") -> NEXT ROUND | FN10: =IFERROR(VLOOKUP($B10,'LOD 400 - SITE'!$B:CD,81,FALSE),"N/A") -> NEXT ROUND | FO10: =IFERROR(VLOOKUP($B10,'LOD 400 - SITE'!$B:CG,84,FALSE),"N/A") -> NEXT ROUND | FP10: =IFERROR(VLOOKUP($B10,'LOD 400 - SITE'!$B:CJ,87,FALSE),"N/A") -> NEXT ROUND | FQ10: =IFERROR(VLOOKUP($B10,'LOD 400 - SITE'!$B:CM,90,FALSE),"N/A") -> NEXT ROUND | FR10: =IFERROR(VLOOKUP($B10,'LOD 400 - SITE'!$B:CP,93,FALSE),"N/A") -> NEXT ROUND | FS10: =IFERROR(VLOOKUP($B10,'LOD 400 - SITE'!$B:CS,96,FALSE),"N/A") -> NEXT ROUND | FT10: =IFERROR(VLOOKUP($B10,'LOD 400 - SITE'!$B:CV,99,FALSE),"N/A") -> NEXT ROUND | FU10: =IFERROR(VLOOKUP($B10,'LOD 400 - SITE'!$B:CY,102,FALSE),"N/A") -> NEXT ROUND | FV10: =IFERROR(VLOOKUP($B10,'LOD 400 - SITE'!$B:DB,105,FALSE),"N/A") -> NEXT ROUND | FW10: =IFERROR(VLOOKUP($B10,'LOD 400 - SITE'!$B:DE,108,FALSE),"N/A") -> NEXT ROUND | FX10: =IFERROR(VLOOKUP($B10,'LOD 400 - SITE'!$B:DH,111,FALSE),"N/A") -> NEXT ROUND | FY10: =IFERROR(VLOOKUP($B10,'LOD 400 - SITE'!$B:DK,114,FALSE),"N/A") -> 1 | FZ10: =IFERROR(__xludf.DUMMYFUNCTION("IFERROR( MAX(FILTER(ES10:FY10, ISNUMBER(ES10:FY10))), FY10 )"),1.0) -> 1 | GA10: =IFERROR(VLOOKUP($B10,'LOD 400 - UTLS'!B:S,18,FALSE),"N/A") -> OUTDATED | GB10: =IFERROR(VLOOKUP($B10,'LOD 400 - UTLS'!B:V,21,FALSE),"N/A") -> 0.86 | GC10: =IFERROR(VLOOKUP($B10,'LOD 400 - UTLS'!B:Y,24,FALSE),"N/A") -> IMPROPER | GD10: =IFERROR(VLOOKUP($B10,'LOD 400 - UTLS'!$B:AB,27,FALSE),"N/A") -> OUTDATED | GE10: =IFERROR(VLOOKUP($B10,'LOD 400 - UTLS'!$B:AE,30,FALSE),"N/A") -> NEXT ROUND | GF10: =IFERROR(VLOOKUP($B10,'LOD 400 - UTLS'!$B:AH,33,FALSE),"N/A") -> 0.9 | GG10: =IFERROR(VLOOKUP($B10,'LOD 400 - UTLS'!$B:AK,36,FALSE),"N/A") -> OUTDATED | GH10: =IFERROR(VLOOKUP($B10,'LOD 400 - UTLS'!$B:AN,39,FALSE),"N/A") -> OUTDATED | GI10: =IFERROR(VLOOKUP($B10,'LOD 400 - UTLS'!$B:AQ,42,FALSE),"N/A") -> OUTDATED | GJ10: =IFERROR(VLOOKUP($B10,'LOD 400 - UTLS'!$B:AT,45,FALSE),"N/A") -> OUTDATED | GK10: =IFERROR(VLOOKUP($B10,'LOD 400 - UTLS'!$B:AW,48,FALSE),"N/A") -> OUTDATED | GL10: =IFERROR(VLOOKUP($B10,'LOD 400 - UTLS'!$B:AZ,51,FALSE),"N/A") -> OUTDATED | GM10: =IFERROR(VLOOKUP($B10,'LOD 400 - UTLS'!$B:BC,54,FALSE),"N/A") -> NEXT ROUND | GN10: =IFERROR(VLOOKUP($B10,'LOD 400 - UTLS'!$B:BF,57,FALSE),"N/A") -> NEXT ROUND | GO10: =IFERROR(VLOOKUP($B10,'LOD 400 - UTLS'!$B:BI,60,FALSE),"N/A") -> NEXT ROUND | GP10: =IFERROR(VLOOKUP($B10,'LOD 400 - UTLS'!$B:BL,63,FALSE),"N/A") -> NEXT ROUND | GQ10: =IFERROR(VLOOKUP($B10,'LOD 400 - UTLS'!$B:BO,66,FALSE),"N/A") -> NEXT ROUND | GR10: =IFERROR(VLOOKUP($B10,'LOD 400 - UTLS'!$B:BR,69,FALSE),"N/A") -> NEXT ROUND | GS10: =IFERROR(VLOOKUP($B10,'LOD 400 - UTLS'!$B:BU,72,FALSE),"N/A") -> NEXT ROUND | GT10: =IFERROR(VLOOKUP($B10,'LOD 400 - UTLS'!$B:BX,75,FALSE),"N/A") -> NEXT ROUND | GU10: =IFERROR(VLOOKUP($B10,'LOD 400 - UTLS'!$B:CA,78,FALSE),"N/A") -> NEXT ROUND | GV10: =IFERROR(VLOOKUP($B10,'LOD 400 - UTLS'!$B:CD,81,FALSE),"N/A") -> NEXT ROUND | GW10: =IFERROR(VLOOKUP($B10,'LOD 400 - UTLS'!$B:CG,84,FALSE),"N/A") -> NEXT ROUND | GX10: =IFERROR(VLOOKUP($B10,'LOD 400 - UTLS'!$B:CJ,87,FALSE),"N/A") -> NEXT ROUND | GY10: =IFERROR(VLOOKUP($B10,'LOD 400 - UTLS'!$B:CM,90,FALSE),"N/A") -> NEXT ROUND | GZ10: =IFERROR(VLOOKUP($B10,'LOD 400 - UTLS'!$B:CP,93,FALSE),"N/A") -> NEXT ROUND | HA10: =IFERROR(VLOOKUP($B10,'LOD 400 - UTLS'!$B:CS,96,FALSE),"N/A") -> NEXT ROUND | HB10: =IFERROR(VLOOKUP($B10,'LOD 400 - UTLS'!$B:CV,99,FALSE),"N/A") -> NEXT ROUND | HC10: =IFERROR(VLOOKUP($B10,'LOD 400 - UTLS'!$B:CY,102,FALSE),"N/A") -> NEXT ROUND | HD10: =IFERROR(VLOOKUP($B10,'LOD 400 - UTLS'!$B:DB,105,FALSE),"N/A") -> 1 | HE10: =IFERROR(__xludf.DUMMYFUNCTION("IFERROR( MAX(FILTER(GA10:HD10, ISNUMBER(GA10:HD10))), HD10 )"),1.0) -> 1
A11: 13 | B11: CPQ11-ARCH-HM90-DATA-R24.rvt | C11: CPQ11-ARCH-HM90-DATA-R22.rvt | D11: =MID(B11,17,4) -> DATA | E11: ZEUS/PORTEX | F11: 1105 | G11: SPBIM | H11: 1105 | I11: =IFERROR(VLOOKUP($C8:C108,'R22 RELATÓRIO ACC'!B:F,5,FALSE),"NOT PUBLISHED") -> V9 | J11: =IFERROR(VLOOKUP($C8:C108,'R22 RELATÓRIO ACC'!B:P,15,FALSE),"NOT PUBLISHED") -> 27/03/2026 | K11: =IFERROR(VLOOKUP($B8:B108,'RELATÓRIO ACC'!B:F,5,FALSE),"NOT PUBLISHED") -> V2 | L11: =IFERROR(VLOOKUP($B8:B108,'RELATÓRIO ACC'!B:P,15,FALSE),"NOT PUBLISHED") -> 26/06/2026 | M11: =IF(OR($D11="UTLS",$D11="GUAR",$D11="STIR",$D11="PUMP",$D11="SITE"), VLOOKUP($B11,'LOD 400 - SITE'!B:M,12,FALSE), VLOOKUP($B11,'LOD 400 - ADMN'!B:M,12,FALSE) ) -> V9 | N11: =IF(OR($D11="UTLS",$D11="GUAR",$D11="STIR",$D11="PUMP",$D11="SITE"), VLOOKUP($B11,'LOD 400 - SITE'!B:N,13,FALSE), VLOOKUP($B11,'LOD 400 - ADMN'!B:N,13,FALSE) ) -> 27/03/2026 | O11: =IF(OR($D11="UTLS",$D11="GUAR",$D11="STIR",$D11="PUMP",$D11="SITE"), VLOOKUP($B11,'LOD 400 - SITE'!B:O,14,FALSE), VLOOKUP($B11,'LOD 400 - ADMN'!B:O,14,FALSE) ) -> R22 | P11: =IF(OR($D11="C345",$D11="C12A",$D11="DATA"), VLOOKUP($B11,'LOD 400 - COLO3'!B:M,12,FALSE),"N/A") -> V9 | Q11: =IF(OR($D11="C345",$D11="C12A",$D11="DATA"), VLOOKUP($B11,'LOD 400 - COLO3'!B:N,13,FALSE),"N/A") -> 46108 | R11: =IF(OR($D11="C345",$D11="C12A",$D11="DATA"), VLOOKUP($B11,'LOD 400 - COLO3'!B:O,14,FALSE),"N/A") -> R22 | S11: =IF(OR($D11="C345",$D11="C12A",$D11="DATA"), VLOOKUP($B11,'LOD 400 - COLO4'!B:N,12,FALSE),"N/A") -> N/A | T11: =IF(OR($D11="C345",$D11="C12A",$D11="DATA"), VLOOKUP($B11,'LOD 400 - COLO4'!B:N,13,FALSE),"N/A") -> N/A | U11: =IF(OR($D11="C345",$D11="C12A",$D11="DATA"), VLOOKUP($B11,'LOD 400 - COLO4'!B:N,13,FALSE),"N/A") -> N/A | V11: =IF(OR($D11="UTLS",$D11="GUAR",$D11="STIR",$D11="PUMP",$D11="SITE"), VLOOKUP($B11,'LOD 400 - UTLS'!B:M,12,FALSE),"N/A") -> N/A | W11: =IF(OR($D11="UTLS",$D11="GUAR",$D11="STIR",$D11="PUMP",$D11="SITE"), VLOOKUP($B11,'LOD 400 - UTLS'!B:N,13,FALSE),"N/A") -> N/A | X11: =IF(OR($D11="UTLS",$D11="GUAR",$D11="STIR",$D11="PUMP",$D11="SITE"), VLOOKUP($B11,'LOD 400 - UTLS'!B:O,14,FALSE),"N/A") -> N/A | Y11: =IFERROR(VLOOKUP($B11,'LOD 400 - ADMN'!B:S,18,FALSE),"N/A") -> OUTDATED | Z11: =IFERROR(VLOOKUP($B11,'LOD 400 - ADMN'!B:V,21,FALSE),"N/A") -> OUTDATED | AA11: =IFERROR(VLOOKUP($B11,'LOD 400 - ADMN'!$B:Y,24,FALSE),"N/A") -> OUTDATED | AB11: =IFERROR(VLOOKUP($B11,'LOD 400 - ADMN'!$B:AB,27,FALSE),"N/A") -> OUTDATED | AC11: =IFERROR(VLOOKUP($B11,'LOD 400 - ADMN'!$B:AE,30,FALSE),"N/A") -> OUTDATED | AD11: =IFERROR(VLOOKUP($B11,'LOD 400 - ADMN'!$B:AH,33,FALSE),"N/A") -> 0.95 | AE11: =IFERROR(VLOOKUP($B11,'LOD 400 - ADMN'!$B:AK,36,FALSE),"N/A") -> OUTDATED | AF11: =IFERROR(VLOOKUP($B11,'LOD 400 - ADMN'!$B:AN,39,FALSE),"N/A") -> NEXT ROUND | AG11: =IFERROR(VLOOKUP($B11,'LOD 400 - ADMN'!$B:AQ,42,FALSE),"N/A") -> 0.95 | AH11: =IFERROR(VLOOKUP($B11,'LOD 400 - ADMN'!$B:AT,45,FALSE),"N/A") -> OUTDATED | AI11: =IFERROR(VLOOKUP($B11,'LOD 400 - ADMN'!$B:AW,48,FALSE),"N/A") -> OUTDATED | AJ11: =IFERROR(VLOOKUP($B11,'LOD 400 - ADMN'!$B:AZ,51,FALSE),"N/A") -> OUTDATED | AK11: =IFERROR(VLOOKUP($B11,'LOD 400 - ADMN'!$B:BC,54,FALSE),"N/A") -> NEXT ROUND | AL11: =IFERROR(VLOOKUP($B11,'LOD 400 - ADMN'!$B:BF,57,FALSE),"N/A") -> IMPROPER | AM11: =IFERROR(VLOOKUP($B11,'LOD 400 - ADMN'!$B:BI,60,FALSE),"N/A") -> OUTDATED | AN11: =IFERROR(VLOOKUP($B11,'LOD 400 - ADMN'!$B:BL,63,FALSE),"N/A") -> OUTDATED | AO11: =IFERROR(VLOOKUP($B11,'LOD 400 - ADMN'!$B:BO,66,FALSE),"N/A") -> OUTDATED | AP11: =IFERROR(VLOOKUP($B11,'LOD 400 - ADMN'!$B:BR,69,FALSE),"N/A") -> OUTDATED | AQ11: =IFERROR(VLOOKUP($B11,'LOD 400 - ADMN'!$B:BU,72,FALSE),"N/A") -> NEXT ROUND | AR11: =IFERROR(VLOOKUP($B11,'LOD 400 - ADMN'!$B:BX,75,FALSE),"N/A") -> 1 | AS11: =IFERROR(VLOOKUP($B11,'LOD 400 - ADMN'!$B:CA,78,FALSE),"N/A") -> 1 | AT11: =IFERROR(VLOOKUP($B11,'LOD 400 - ADMN'!$B:CD,81,FALSE),"N/A") -> 1 | AU11: =IFERROR(VLOOKUP($B11,'LOD 400 - ADMN'!$B:CG,84,FALSE),"N/A") -> 1 | AV11: =IFERROR(VLOOKUP($B11,'LOD 400 - ADMN'!$B:CJ,87,FALSE),"N/A") -> 1 | AW11: =IFERROR(VLOOKUP($B11,'LOD 400 - ADMN'!$B:CM,90,FALSE),"N/A") -> 1 | AX11: =IFERROR(VLOOKUP($B11,'LOD 400 - ADMN'!$B:CP,93,FALSE),"N/A") -> 1 | AY11: =IFERROR(VLOOKUP($B11,'LOD 400 - ADMN'!$B:CS,96,FALSE),"N/A") -> 1 | AZ11: =IFERROR(VLOOKUP($B11,'LOD 400 - ADMN'!$B:CV,99,FALSE),"N/A") -> 1 | BA11: =IFERROR(VLOOKUP($B11,'LOD 400 - ADMN'!$B:CY,102,FALSE),"N/A") -> 1 | BB11: =IFERROR(VLOOKUP($B11,'LOD 400 - ADMN'!$B:DB,105,FALSE),"N/A") -> 1 | BC11: =IFERROR(VLOOKUP($B11,'LOD 400 - ADMN'!$B:DE,108,FALSE),"N/A") -> 1 | BD11: =IFERROR(VLOOKUP($B11,'LOD 400 - ADMN'!$B:DH,111,FALSE),"N/A") -> 1 | BE11: =IFERROR(VLOOKUP($B11,'LOD 400 - ADMN'!$B:DK,114,FALSE),"N/A") -> 1 | BF11: =IFERROR(VLOOKUP($B11,'LOD 400 - ADMN'!$B:DN,117,FALSE),"N/A") -> 1 | BG11: =IFERROR(__xludf.DUMMYFUNCTION("IFERROR( MAX(FILTER(Y11:BF11, ISNUMBER(Y11:BF11))), BF11 )"),1.0) -> 1 | BH11: =IFERROR(VLOOKUP($B11,'LOD 400 - COLO1'!B:S,18,FALSE),"N/A") -> OUTDATED | BI11: =IFERROR(VLOOKUP($B11,'LOD 400 - COLO1'!B:V,21,FALSE),"N/A") -> OUTDATED | BJ11: =IFERROR(VLOOKUP($B11,'LOD 400 - COLO1'!$B:Y,24,FALSE),"N/A") -> OUTDATED | BK11: =IFERROR(VLOOKUP($B11,'LOD 400 - COLO1'!$B:AB,27,FALSE),"N/A") -> OUTDATED | BL11: =IFERROR(VLOOKUP($B11,'LOD 400 - COLO1'!$B:AE,30,FALSE),"N/A") -> OUTDATED | BM11: =IFERROR(VLOOKUP($B11,'LOD 400 - COLO1'!$B:AH,33,FALSE),"N/A") -> 0.95 | BN11: =IFERROR(VLOOKUP($B11,'LOD 400 - COLO1'!$B:AK,36,FALSE),"N/A") -> OUTDATED | BO11: =IFERROR(VLOOKUP($B11,'LOD 400 - COLO1'!$B:AN,39,FALSE),"N/A") -> NEXT ROUND | BP11: =IFERROR(VLOOKUP($B11,'LOD 400 - COLO1'!$B:AQ,42,FALSE),"N/A") -> 0.95 | BQ11: =IFERROR(VLOOKUP($B11,'LOD 400 - COLO1'!$B:AT,45,FALSE),"N/A") -> OUTDATED | BR11: =IFERROR(VLOOKUP($B11,'LOD 400 - COLO1'!$B:AW,48,FALSE),"N/A") -> OUTDATED | BS11: =IFERROR(VLOOKUP($B11,'LOD 400 - COLO1'!$B:AZ,51,FALSE),"N/A") -> OUTDATED | BT11: =IFERROR(VLOOKUP($B11,'LOD 400 - COLO1'!$B:BC,54,FALSE),"N/A") -> NEXT ROUND | BU11: =IFERROR(VLOOKUP($B11,'LOD 400 - COLO1'!$B:BF,57,FALSE),"N/A") -> IMPROPER | BV11: =IFERROR(VLOOKUP($B11,'LOD 400 - COLO1'!$B:BI,60,FALSE),"N/A") -> OUTDATED | BW11: =IFERROR(VLOOKUP($B11,'LOD 400 - COLO1'!$B:BL,63,FALSE),"N/A") -> OUTDATED | BX11: =IFERROR(VLOOKUP($B11,'LOD 400 - COLO1'!$B:BO,66,FALSE),"N/A") -> OUTDATED | BY11: =IFERROR(VLOOKUP($B11,'LOD 400 - COLO1'!$B:BR,69,FALSE),"N/A") -> OUTDATED | BZ11: =IFERROR(VLOOKUP($B11,'LOD 400 - COLO1'!$B:BU,72,FALSE),"N/A") -> NEXT ROUND | CA11: =IFERROR(VLOOKUP($B11,'LOD 400 - COLO1'!$B:BX,75,FALSE),"N/A") -> 1 | CB11: =IFERROR(VLOOKUP($B11,'LOD 400 - COLO1'!$B:CA,78,FALSE),"N/A") -> 1 | CC11: =IFERROR(VLOOKUP($B11,'LOD 400 - COLO1'!$B:CD,81,FALSE),"N/A") -> 1 | CD11: =IFERROR(VLOOKUP($B11,'LOD 400 - COLO1'!$B:CG,84,FALSE),"N/A") -> 1 | CE11: =IFERROR(VLOOKUP($B11,'LOD 400 - COLO1'!$B:CJ,87,FALSE),"N/A") -> 1 | CF11: =IFERROR(VLOOKUP($B11,'LOD 400 - COLO1'!$B:CM,90,FALSE),"N/A") -> 1 | CG11: =IFERROR(VLOOKUP($B11,'LOD 400 - COLO1'!$B:CP,93,FALSE),"N/A") -> 1 | CH11: =IFERROR(VLOOKUP($B11,'LOD 400 - COLO1'!$B:CS,96,FALSE),"N/A") -> 1 | CI11: =IFERROR(VLOOKUP($B11,'LOD 400 - COLO1'!$B:CV,99,FALSE),"N/A") -> 1 | CJ11: =IFERROR(VLOOKUP($B11,'LOD 400 - COLO1'!$B:CY,102,FALSE),"N/A") -> 1 | CK11: =IFERROR(VLOOKUP($B11,'LOD 400 - COLO1'!$B:DB,105,FALSE),"N/A") -> 1 | CL11: =IFERROR(VLOOKUP($B11,'LOD 400 - COLO1'!$B:DE,108,FALSE),"N/A") -> 1 | CM11: =IFERROR(VLOOKUP($B11,'LOD 400 - COLO1'!$B:DH,111,FALSE),"N/A") -> 1 | CN11: =IFERROR(VLOOKUP($B11,'LOD 400 - COLO1'!$B:DK,114,FALSE),"N/A") -> 1 | CO11: =IFERROR(VLOOKUP($B11,'LOD 400 - COLO1'!$B:DN,117,FALSE),"N/A") -> 1 | CP11: =IFERROR(__xludf.DUMMYFUNCTION("IFERROR( MAX(FILTER(BH11:CO11, ISNUMBER(BH11:CO11))), CO11 )"),1.0) -> 1 | CQ11: =IFERROR(VLOOKUP($B11,'LOD 400 - COLO2'!B:S,18,FALSE),"N/A") -> OUTDATED | CR11: =IFERROR(VLOOKUP($B11,'LOD 400 - COLO2'!B:V,21,FALSE),"N/A") -> OUTDATED | CS11: =IFERROR(VLOOKUP($B11,'LOD 400 - COLO2'!$B:Y,24,FALSE),"N/A") -> OUTDATED | CT11: =IFERROR(VLOOKUP($B11,'LOD 400 - COLO2'!$B:DQ,27,FALSE),"N/A") -> OUTDATED | CU11: =IFERROR(VLOOKUP($B11,'LOD 400 - COLO2'!$B:AE,30,FALSE),"N/A") -> OUTDATED | CV11: =IFERROR(VLOOKUP($B11,'LOD 400 - COLO2'!$B:AH,33,FALSE),"N/A") -> 0.95 | CW11: =IFERROR(VLOOKUP($B11,'LOD 400 - COLO2'!$B:AK,36,FALSE),"N/A") -> OUTDATED | CX11: =IFERROR(VLOOKUP($B11,'LOD 400 - COLO2'!$B:AN,39,FALSE),"N/A") -> NEXT ROUND | CY11: =IFERROR(VLOOKUP($B11,'LOD 400 - COLO2'!$B:AQ,42,FALSE),"N/A") -> 0.95 | CZ11: =IFERROR(VLOOKUP($B11,'LOD 400 - COLO2'!$B:AT,45,FALSE),"N/A") -> OUTDATED | DA11: =IFERROR(VLOOKUP($B11,'LOD 400 - COLO2'!$B:AW,48,FALSE),"N/A") -> OUTDATED | DB11: =IFERROR(VLOOKUP($B11,'LOD 400 - COLO2'!$B:AZ,51,FALSE),"N/A") -> OUTDATED | DC11: =IFERROR(VLOOKUP($B11,'LOD 400 - COLO2'!$B:BC,54,FALSE),"N/A") -> NEXT ROUND | DD11: =IFERROR(VLOOKUP($B11,'LOD 400 - COLO2'!$B:BF,57,FALSE),"N/A") -> IMPROPER | DE11: =IFERROR(VLOOKUP($B11,'LOD 400 - COLO2'!$B:BI,60,FALSE),"N/A") -> OUTDATED | DF11: =IFERROR(VLOOKUP($B11,'LOD 400 - COLO2'!$B:BL,63,FALSE),"N/A") -> OUTDATED | DG11: =IFERROR(VLOOKUP($B11,'LOD 400 - COLO2'!$B:BO,66,FALSE),"N/A") -> OUTDATED | DH11: =IFERROR(VLOOKUP($B11,'LOD 400 - COLO2'!$B:BR,69,FALSE),"N/A") -> OUTDATED | DI11: =IFERROR(VLOOKUP($B11,'LOD 400 - COLO2'!$B:BU,72,FALSE),"N/A") -> NEXT ROUND | DJ11: =IFERROR(VLOOKUP($B11,'LOD 400 - COLO2'!$B:BX,75,FALSE),"N/A") -> 1 | DK11: =IFERROR(VLOOKUP($B11,'LOD 400 - COLO2'!$B:CA,78,FALSE),"N/A") -> 1 | DL11: =IFERROR(VLOOKUP($B11,'LOD 400 - COLO2'!$B:CD,81,FALSE),"N/A") -> 1 | DM11: =IFERROR(VLOOKUP($B11,'LOD 400 - COLO2'!$B:CG,84,FALSE),"N/A") -> 1 | DN11: =IFERROR(VLOOKUP($B11,'LOD 400 - COLO2'!$B:CJ,87,FALSE),"N/A") -> 1 | DO11: =IFERROR(VLOOKUP($B11,'LOD 400 - COLO2'!$B:CM,90,FALSE),"N/A") -> 1 | DP11: =IFERROR(VLOOKUP($B11,'LOD 400 - COLO2'!$B:CP,93,FALSE),"N/A") -> 1 | DQ11: =IFERROR(VLOOKUP($B11,'LOD 400 - COLO2'!$B:CS,96,FALSE),"N/A") -> 1 | DR11: =IFERROR(VLOOKUP($B11,'LOD 400 - COLO2'!$B:CV,99,FALSE),"N/A") -> 1 | DS11: =IFERROR(VLOOKUP($B11,'LOD 400 - COLO2'!$B:CY,102,FALSE),"N/A") -> 1 | DT11: =IFERROR(VLOOKUP($B11,'LOD 400 - COLO2'!$B:DB,105,FALSE),"N/A") -> 1 | DU11: =IFERROR(VLOOKUP($B11,'LOD 400 - COLO2'!$B:DE,108,FALSE),"N/A") -> 1 | DV11: =IFERROR(VLOOKUP($B11,'LOD 400 - COLO2'!$B:DH,111,FALSE),"N/A") -> 1 | DW11: =IFERROR(VLOOKUP($B11,'LOD 400 - COLO2'!$B:DK,114,FALSE),"N/A") -> 1 | DX11: =IFERROR(VLOOKUP($B11,'LOD 400 - COLO2'!$B:DN,117,FALSE),"N/A") -> 1 | DY11: =IFERROR(__xludf.DUMMYFUNCTION("IFERROR( MAX(FILTER(CQ11:DW11, ISNUMBER(CQ11:DW11))), DW11 )"),1.0) -> 1 | DZ11: =IFERROR(VLOOKUP($B11,'LOD 400 - COLO3'!B:S,18,FALSE),"N/A") -> 0 | EA11: =IFERROR(VLOOKUP($B11,'LOD 400 - COLO3'!B:V,21,FALSE),"N/A") -> 1 | EB11: =IFERROR(VLOOKUP($B11,'LOD 400 - COLO3'!B:Y,24,FALSE),"N/A") -> 1 | EC11: =IFERROR(VLOOKUP($B11,'LOD 400 - COLO3'!B:AB,27,FALSE),"N/A") -> 1 | ED11: =IFERROR(VLOOKUP($B11,'LOD 400 - COLO3'!B:AE,30,FALSE),"N/A") -> 1 | EE11: =IFERROR(VLOOKUP($B11,'LOD 400 - COLO3'!B:AH,33,FALSE),"N/A") -> 1 | EF11: =IFERROR(VLOOKUP($B11,'LOD 400 - COLO3'!B:AK,36,FALSE),"N/A") -> 1 | EG11: =IFERROR(VLOOKUP($B11,'LOD 400 - COLO3'!B:AN,39,FALSE),"N/A") -> 1 | EH11: =IFERROR(VLOOKUP($B11,'LOD 400 - COLO3'!B:AQ,42,FALSE),"N/A") -> 1 | EI11: =IFERROR(VLOOKUP($B11,'LOD 400 - COLO3'!B:AT,45,FALSE),"N/A") -> 1 | EJ11: =IFERROR(VLOOKUP($B11,'LOD 400 - COLO3'!B:AW,48,FALSE),"N/A") -> 1 | EK11: =IFERROR(VLOOKUP($B11,'LOD 400 - COLO3'!B:AZ,51,FALSE),"N/A") -> 1 | EL11: =IFERROR(VLOOKUP($B11,'LOD 400 - COLO3'!B:BC,54,FALSE),"N/A") -> 1 | EM11: =IFERROR(VLOOKUP($B11,'LOD 400 - COLO3'!B:BF,57,FALSE),"N/A") -> 1 | EN11: =IFERROR(VLOOKUP($B11,'LOD 400 - COLO3'!B:BI,60,FALSE),"N/A") -> 1 | EO11: =IFERROR(VLOOKUP($B11,'LOD 400 - COLO3'!B:BL,63,FALSE),"N/A") -> 1 | EP11: =IFERROR(__xludf.DUMMYFUNCTION("IFERROR( MAX(FILTER(DZ11:EO11, ISNUMBER(DZ11:EO11))), EO11 )"),1.0) -> 1 | EQ11: =IFERROR(VLOOKUP($B11,'LOD 400 - COLO4'!B:S,18,FALSE),"N/A") -> 0 | ER11: =IFERROR(__xludf.DUMMYFUNCTION("IFERROR( MAX(FILTER(EQ11, ISNUMBER(EQ11))), EQ11 )"),0.0) -> 0 | ES11: =IFERROR(VLOOKUP($B11,'LOD 400 - SITE'!B:S,18,FALSE),"N/A") -> N/A | ET11: =IFERROR(VLOOKUP($B11,'LOD 400 - SITE'!B:V,21,FALSE),"N/A") -> N/A | EU11: =IFERROR(VLOOKUP($B11,'LOD 400 - SITE'!$B:Y,24,FALSE),"N/A") -> N/A | EV11: =IFERROR(VLOOKUP($B11,'LOD 400 - SITE'!$B:AB,27,FALSE),"N/A") -> N/A | EW11: =IFERROR(VLOOKUP($B11,'LOD 400 - SITE'!$B:AE,30,FALSE),"N/A") -> N/A | EX11: =IFERROR(VLOOKUP($B11,'LOD 400 - SITE'!$B:AH,33,FALSE),"N/A") -> N/A | EY11: =IFERROR(VLOOKUP($B11,'LOD 400 - SITE'!$B:AK,36,FALSE),"N/A") -> N/A | EZ11: =IFERROR(VLOOKUP($B11,'LOD 400 - SITE'!$B:AN,39,FALSE),"N/A") -> N/A | FA11: =IFERROR(VLOOKUP($B11,'LOD 400 - SITE'!$B:AQ,42,FALSE),"N/A") -> N/A | FB11: =IFERROR(VLOOKUP($B11,'LOD 400 - SITE'!$B:AT,45,FALSE),"N/A") -> N/A | FC11: =IFERROR(VLOOKUP($B11,'LOD 400 - SITE'!$B:AW,48,FALSE),"N/A") -> N/A | FD11: =IFERROR(VLOOKUP($B11,'LOD 400 - SITE'!$B:AZ,51,FALSE),"N/A") -> N/A | FE11: =IFERROR(VLOOKUP($B11,'LOD 400 - SITE'!$B:BC,54,FALSE),"N/A") -> N/A | FF11: =IFERROR(VLOOKUP($B11,'LOD 400 - SITE'!$B:BF,57,FALSE),"N/A") -> N/A | FG11: =IFERROR(VLOOKUP($B11,'LOD 400 - SITE'!$B:BI,60,FALSE),"N/A") -> N/A | FH11: =IFERROR(VLOOKUP($B11,'LOD 400 - SITE'!$B:BL,63,FALSE),"N/A") -> N/A | FI11: =IFERROR(VLOOKUP($B11,'LOD 400 - SITE'!$B:BO,66,FALSE),"N/A") -> N/A | FJ11: =IFERROR(VLOOKUP($B11,'LOD 400 - SITE'!$B:BR,69,FALSE),"N/A") -> N/A | FK11: =IFERROR(VLOOKUP($B11,'LOD 400 - SITE'!$B:BU,72,FALSE),"N/A") -> N/A | FL11: =IFERROR(VLOOKUP($B11,'LOD 400 - SITE'!$B:BX,75,FALSE),"N/A") -> N/A | FM11: =IFERROR(VLOOKUP($B11,'LOD 400 - SITE'!$B:CA,78,FALSE),"N/A") -> N/A | FN11: =IFERROR(VLOOKUP($B11,'LOD 400 - SITE'!$B:CD,81,FALSE),"N/A") -> N/A | FO11: =IFERROR(VLOOKUP($B11,'LOD 400 - SITE'!$B:CG,84,FALSE),"N/A") -> N/A | FP11: =IFERROR(VLOOKUP($B11,'LOD 400 - SITE'!$B:CJ,87,FALSE),"N/A") -> N/A | FQ11: =IFERROR(VLOOKUP($B11,'LOD 400 - SITE'!$B:CM,90,FALSE),"N/A") -> N/A | FR11: =IFERROR(VLOOKUP($B11,'LOD 400 - SITE'!$B:CP,93,FALSE),"N/A") -> N/A | FS11: =IFERROR(VLOOKUP($B11,'LOD 400 - SITE'!$B:CS,96,FALSE),"N/A") -> N/A | FT11: =IFERROR(VLOOKUP($B11,'LOD 400 - SITE'!$B:CV,99,FALSE),"N/A") -> N/A | FU11: =IFERROR(VLOOKUP($B11,'LOD 400 - SITE'!$B:CY,102,FALSE),"N/A") -> N/A | FV11: =IFERROR(VLOOKUP($B11,'LOD 400 - SITE'!$B:DB,105,FALSE),"N/A") -> N/A | FW11: =IFERROR(VLOOKUP($B11,'LOD 400 - SITE'!$B:DE,108,FALSE),"N/A") -> N/A | FX11: =IFERROR(VLOOKUP($B11,'LOD 400 - SITE'!$B:DH,111,FALSE),"N/A") -> N/A | FY11: =IFERROR(VLOOKUP($B11,'LOD 400 - SITE'!$B:DK,114,FALSE),"N/A") -> N/A | FZ11: =IFERROR(__xludf.DUMMYFUNCTION("IFERROR( MAX(FILTER(ES11:FY11, ISNUMBER(ES11:FY11))), FY11 )"),"N/A") -> N/A | GA11: =IFERROR(VLOOKUP($B11,'LOD 400 - UTLS'!B:S,18,FALSE),"N/A") -> N/A | GB11: =IFERROR(VLOOKUP($B11,'LOD 400 - UTLS'!B:V,21,FALSE),"N/A") -> N/A | GC11: =IFERROR(VLOOKUP($B11,'LOD 400 - UTLS'!B:Y,24,FALSE),"N/A") -> N/A | GD11: =IFERROR(VLOOKUP($B11,'LOD 400 - UTLS'!$B:AB,27,FALSE),"N/A") -> N/A | GE11: =IFERROR(VLOOKUP($B11,'LOD 400 - UTLS'!$B:AE,30,FALSE),"N/A") -> N/A | GF11: =IFERROR(VLOOKUP($B11,'LOD 400 - UTLS'!$B:AH,33,FALSE),"N/A") -> N/A | GG11: =IFERROR(VLOOKUP($B11,'LOD 400 - UTLS'!$B:AK,36,FALSE),"N/A") -> N/A | GH11: =IFERROR(VLOOKUP($B11,'LOD 400 - UTLS'!$B:AN,39,FALSE),"N/A") -> N/A | GI11: =IFERROR(VLOOKUP($B11,'LOD 400 - UTLS'!$B:AQ,42,FALSE),"N/A") -> N/A | GJ11: =IFERROR(VLOOKUP($B11,'LOD 400 - UTLS'!$B:AT,45,FALSE),"N/A") -> N/A | GK11: =IFERROR(VLOOKUP($B11,'LOD 400 - UTLS'!$B:AW,48,FALSE),"N/A") -> N/A | GL11: =IFERROR(VLOOKUP($B11,'LOD 400 - UTLS'!$B:AZ,51,FALSE),"N/A") -> N/A | GM11: =IFERROR(VLOOKUP($B11,'LOD 400 - UTLS'!$B:BC,54,FALSE),"N/A") -> N/A | GN11: =IFERROR(VLOOKUP($B11,'LOD 400 - UTLS'!$B:BF,57,FALSE),"N/A") -> N/A | GO11: =IFERROR(VLOOKUP($B11,'LOD 400 - UTLS'!$B:BI,60,FALSE),"N/A") -> N/A | GP11: =IFERROR(VLOOKUP($B11,'LOD 400 - UTLS'!$B:BL,63,FALSE),"N/A") -> N/A | GQ11: =IFERROR(VLOOKUP($B11,'LOD 400 - UTLS'!$B:BO,66,FALSE),"N/A") -> N/A | GR11: =IFERROR(VLOOKUP($B11,'LOD 400 - UTLS'!$B:BR,69,FALSE),"N/A") -> N/A | GS11: =IFERROR(VLOOKUP($B11,'LOD 400 - UTLS'!$B:BU,72,FALSE),"N/A") -> N/A | GT11: =IFERROR(VLOOKUP($B11,'LOD 400 - UTLS'!$B:BX,75,FALSE),"N/A") -> N/A | GU11: =IFERROR(VLOOKUP($B11,'LOD 400 - UTLS'!$B:CA,78,FALSE),"N/A") -> N/A | GV11: =IFERROR(VLOOKUP($B11,'LOD 400 - UTLS'!$B:CD,81,FALSE),"N/A") -> N/A | GW11: =IFERROR(VLOOKUP($B11,'LOD 400 - UTLS'!$B:CG,84,FALSE),"N/A") -> N/A | GX11: =IFERROR(VLOOKUP($B11,'LOD 400 - UTLS'!$B:CJ,87,FALSE),"N/A") -> N/A | GY11: =IFERROR(VLOOKUP($B11,'LOD 400 - UTLS'!$B:CM,90,FALSE),"N/A") -> N/A | GZ11: =IFERROR(VLOOKUP($B11,'LOD 400 - UTLS'!$B:CP,93,FALSE),"N/A") -> N/A | HA11: =IFERROR(VLOOKUP($B11,'LOD 400 - UTLS'!$B:CS,96,FALSE),"N/A") -> N/A | HB11: =IFERROR(VLOOKUP($B11,'LOD 400 - UTLS'!$B:CV,99,FALSE),"N/A") -> N/A | HC11: =IFERROR(VLOOKUP($B11,'LOD 400 - UTLS'!$B:CY,102,FALSE),"N/A") -> N/A | HD11: =IFERROR(VLOOKUP($B11,'LOD 400 - UTLS'!$B:DB,105,FALSE),"N/A") -> N/A | HE11: =IFERROR(__xludf.DUMMYFUNCTION("IFERROR( MAX(FILTER(GA11:HD11, ISNUMBER(GA11:HD11))), HD11 )"),"N/A") -> N/A
A12: 14 | B12: CPQ11-ARCH-WMES-DATA-R24.rvt | C12: CPQ11-ARCH-WMES-DATA-R22.rvt | D12: =MID(B12,17,4) -> DATA | E12: S-VALE | F12: 1104 | G12: SPBIM | H12: 1127 | I12: =IFERROR(VLOOKUP($C9:C108,'R22 RELATÓRIO ACC'!B:F,5,FALSE),"NOT PUBLISHED") -> V13 | J12: =IFERROR(VLOOKUP($C9:C108,'R22 RELATÓRIO ACC'!B:P,15,FALSE),"NOT PUBLISHED") -> 02/03/2026 | K12: =IFERROR(VLOOKUP($B9:B108,'RELATÓRIO ACC'!B:F,5,FALSE),"NOT PUBLISHED") -> V3 | L12: =IFERROR(VLOOKUP($B9:B108,'RELATÓRIO ACC'!B:P,15,FALSE),"NOT PUBLISHED") -> 24/06/2026 | M12: =IF(OR($D12="UTLS",$D12="GUAR",$D12="STIR",$D12="PUMP",$D12="SITE"), VLOOKUP($B12,'LOD 400 - SITE'!B:M,12,FALSE), VLOOKUP($B12,'LOD 400 - ADMN'!B:M,12,FALSE) ) -> V2 | N12: =IF(OR($D12="UTLS",$D12="GUAR",$D12="STIR",$D12="PUMP",$D12="SITE"), VLOOKUP($B12,'LOD 400 - SITE'!B:N,13,FALSE), VLOOKUP($B12,'LOD 400 - ADMN'!B:N,13,FALSE) ) -> 46171 | O12: =IF(OR($D12="UTLS",$D12="GUAR",$D12="STIR",$D12="PUMP",$D12="SITE"), VLOOKUP($B12,'LOD 400 - SITE'!B:O,14,FALSE), VLOOKUP($B12,'LOD 400 - ADMN'!B:O,14,FALSE) ) -> R24 | P12: =IF(OR($D12="C345",$D12="C12A",$D12="DATA"), VLOOKUP($B12,'LOD 400 - COLO3'!B:M,12,FALSE),"N/A") -> V2 | Q12: =IF(OR($D12="C345",$D12="C12A",$D12="DATA"), VLOOKUP($B12,'LOD 400 - COLO3'!B:N,13,FALSE),"N/A") -> 46171 | R12: =IF(OR($D12="C345",$D12="C12A",$D12="DATA"), VLOOKUP($B12,'LOD 400 - COLO3'!B:O,14,FALSE),"N/A") -> R24 | S12: =IF(OR($D12="C345",$D12="C12A",$D12="DATA"), VLOOKUP($B12,'LOD 400 - COLO4'!B:N,12,FALSE),"N/A") -> N/A | T12: =IF(OR($D12="C345",$D12="C12A",$D12="DATA"), VLOOKUP($B12,'LOD 400 - COLO4'!B:N,13,FALSE),"N/A") -> N/A | U12: =IF(OR($D12="C345",$D12="C12A",$D12="DATA"), VLOOKUP($B12,'LOD 400 - COLO4'!B:N,13,FALSE),"N/A") -> N/A | V12: =IF(OR($D12="UTLS",$D12="GUAR",$D12="STIR",$D12="PUMP",$D12="SITE"), VLOOKUP($B12,'LOD 400 - UTLS'!B:M,12,FALSE),"N/A") -> N/A | W12: =IF(OR($D12="UTLS",$D12="GUAR",$D12="STIR",$D12="PUMP",$D12="SITE"), VLOOKUP($B12,'LOD 400 - UTLS'!B:N,13,FALSE),"N/A") -> N/A | X12: =IF(OR($D12="UTLS",$D12="GUAR",$D12="STIR",$D12="PUMP",$D12="SITE"), VLOOKUP($B12,'LOD 400 - UTLS'!B:O,14,FALSE),"N/A") -> N/A | Y12: =IFERROR(VLOOKUP($B12,'LOD 400 - ADMN'!B:S,18,FALSE),"N/A") -> OUTDATED | Z12: =IFERROR(VLOOKUP($B12,'LOD 400 - ADMN'!B:V,21,FALSE),"N/A") -> OUTDATED | AA12: =IFERROR(VLOOKUP($B12,'LOD 400 - ADMN'!$B:Y,24,FALSE),"N/A") -> OUTDATED | AB12: =IFERROR(VLOOKUP($B12,'LOD 400 - ADMN'!$B:AB,27,FALSE),"N/A") -> OUTDATED | AC12: =IFERROR(VLOOKUP($B12,'LOD 400 - ADMN'!$B:AE,30,FALSE),"N/A") -> OUTDATED | AD12: =IFERROR(VLOOKUP($B12,'LOD 400 - ADMN'!$B:AH,33,FALSE),"N/A") -> 0.52 | AE12: =IFERROR(VLOOKUP($B12,'LOD 400 - ADMN'!$B:AK,36,FALSE),"N/A") -> OUTDATED | AF12: =IFERROR(VLOOKUP($B12,'LOD 400 - ADMN'!$B:AN,39,FALSE),"N/A") -> NEXT ROUND | AG12: =IFERROR(VLOOKUP($B12,'LOD 400 - ADMN'!$B:AQ,42,FALSE),"N/A") -> 0.86 | AH12: =IFERROR(VLOOKUP($B12,'LOD 400 - ADMN'!$B:AT,45,FALSE),"N/A") -> OUTDATED | AI12: =IFERROR(VLOOKUP($B12,'LOD 400 - ADMN'!$B:AW,48,FALSE),"N/A") -> OUTDATED | AJ12: =IFERROR(VLOOKUP($B12,'LOD 400 - ADMN'!$B:AZ,51,FALSE),"N/A") -> OUTDATED | AK12: =IFERROR(VLOOKUP($B12,'LOD 400 - ADMN'!$B:BC,54,FALSE),"N/A") -> OUTDATED | AL12: =IFERROR(VLOOKUP($B12,'LOD 400 - ADMN'!$B:BF,57,FALSE),"N/A") -> OUTDATED | AM12: =IFERROR(VLOOKUP($B12,'LOD 400 - ADMN'!$B:BI,60,FALSE),"N/A") -> OUTDATED | AN12: =IFERROR(VLOOKUP($B12,'LOD 400 - ADMN'!$B:BL,63,FALSE),"N/A") -> OUTDATED | AO12: =IFERROR(VLOOKUP($B12,'LOD 400 - ADMN'!$B:BO,66,FALSE),"N/A") -> OUTDATED | AP12: =IFERROR(VLOOKUP($B12,'LOD 400 - ADMN'!$B:BR,69,FALSE),"N/A") -> OUTDATED | AQ12: =IFERROR(VLOOKUP($B12,'LOD 400 - ADMN'!$B:BU,72,FALSE),"N/A") -> OUTDATED | AR12: =IFERROR(VLOOKUP($B12,'LOD 400 - ADMN'!$B:BX,75,FALSE),"N/A") -> OUTDATED | AS12: =IFERROR(VLOOKUP($B12,'LOD 400 - ADMN'!$B:CA,78,FALSE),"N/A") -> 0.89 | AT12: =IFERROR(VLOOKUP($B12,'LOD 400 - ADMN'!$B:CD,81,FALSE),"N/A") -> OUTDATED | AU12: =IFERROR(VLOOKUP($B12,'LOD 400 - ADMN'!$B:CG,84,FALSE),"N/A") -> OUTDATED | AV12: =IFERROR(VLOOKUP($B12,'LOD 400 - ADMN'!$B:CJ,87,FALSE),"N/A") -> OUTDATED | AW12: =IFERROR(VLOOKUP($B12,'LOD 400 - ADMN'!$B:CM,90,FALSE),"N/A") -> OUTDATED | AX12: =IFERROR(VLOOKUP($B12,'LOD 400 - ADMN'!$B:CP,93,FALSE),"N/A") -> NEXT ROUND | AY12: =IFERROR(VLOOKUP($B12,'LOD 400 - ADMN'!$B:CS,96,FALSE),"N/A") -> 1 | AZ12: =IFERROR(VLOOKUP($B12,'LOD 400 - ADMN'!$B:CV,99,FALSE),"N/A") -> 1 | BA12: =IFERROR(VLOOKUP($B12,'LOD 400 - ADMN'!$B:CY,102,FALSE),"N/A") -> 1 | BB12: =IFERROR(VLOOKUP($B12,'LOD 400 - ADMN'!$B:DB,105,FALSE),"N/A") -> 1 | BC12: =IFERROR(VLOOKUP($B12,'LOD 400 - ADMN'!$B:DE,108,FALSE),"N/A") -> 1 | BD12: =IFERROR(VLOOKUP($B12,'LOD 400 - ADMN'!$B:DH,111,FALSE),"N/A") -> 1 | BE12: =IFERROR(VLOOKUP($B12,'LOD 400 - ADMN'!$B:DK,114,FALSE),"N/A") -> 1 | BF12: =IFERROR(VLOOKUP($B12,'LOD 400 - ADMN'!$B:DN,117,FALSE),"N/A") -> 1 | BG12: =IFERROR(__xludf.DUMMYFUNCTION("IFERROR( MAX(FILTER(Y12:BF12, ISNUMBER(Y12:BF12))), BF12 )"),1.0) -> 1 | BH12: =IFERROR(VLOOKUP($B12,'LOD 400 - COLO1'!B:S,18,FALSE),"N/A") -> OUTDATED | BI12: =IFERROR(VLOOKUP($B12,'LOD 400 - COLO1'!B:V,21,FALSE),"N/A") -> OUTDATED | BJ12: =IFERROR(VLOOKUP($B12,'LOD 400 - COLO1'!$B:Y,24,FALSE),"N/A") -> OUTDATED | BK12: =IFERROR(VLOOKUP($B12,'LOD 400 - COLO1'!$B:AB,27,FALSE),"N/A") -> OUTDATED | BL12: =IFERROR(VLOOKUP($B12,'LOD 400 - COLO1'!$B:AE,30,FALSE),"N/A") -> OUTDATED | BM12: =IFERROR(VLOOKUP($B12,'LOD 400 - COLO1'!$B:AH,33,FALSE),"N/A") -> 0.52 | BN12: =IFERROR(VLOOKUP($B12,'LOD 400 - COLO1'!$B:AK,36,FALSE),"N/A") -> OUTDATED | BO12: =IFERROR(VLOOKUP($B12,'LOD 400 - COLO1'!$B:AN,39,FALSE),"N/A") -> NEXT ROUND | BP12: =IFERROR(VLOOKUP($B12,'LOD 400 - COLO1'!$B:AQ,42,FALSE),"N/A") -> 0.86 | BQ12: =IFERROR(VLOOKUP($B12,'LOD 400 - COLO1'!$B:AT,45,FALSE),"N/A") -> OUTDATED | BR12: =IFERROR(VLOOKUP($B12,'LOD 400 - COLO1'!$B:AW,48,FALSE),"N/A") -> OUTDATED | BS12: =IFERROR(VLOOKUP($B12,'LOD 400 - COLO1'!$B:AZ,51,FALSE),"N/A") -> OUTDATED | BT12: =IFERROR(VLOOKUP($B12,'LOD 400 - COLO1'!$B:BC,54,FALSE),"N/A") -> OUTDATED | BU12: =IFERROR(VLOOKUP($B12,'LOD 400 - COLO1'!$B:BF,57,FALSE),"N/A") -> OUTDATED | BV12: =IFERROR(VLOOKUP($B12,'LOD 400 - COLO1'!$B:BI,60,FALSE),"N/A") -> OUTDATED | BW12: =IFERROR(VLOOKUP($B12,'LOD 400 - COLO1'!$B:BL,63,FALSE),"N/A") -> OUTDATED | BX12: =IFERROR(VLOOKUP($B12,'LOD 400 - COLO1'!$B:BO,66,FALSE),"N/A") -> OUTDATED | BY12: =IFERROR(VLOOKUP($B12,'LOD 400 - COLO1'!$B:BR,69,FALSE),"N/A") -> OUTDATED | BZ12: =IFERROR(VLOOKUP($B12,'LOD 400 - COLO1'!$B:BU,72,FALSE),"N/A") -> OUTDATED | CA12: =IFERROR(VLOOKUP($B12,'LOD 400 - COLO1'!$B:BX,75,FALSE),"N/A") -> OUTDATED | CB12: =IFERROR(VLOOKUP($B12,'LOD 400 - COLO1'!$B:CA,78,FALSE),"N/A") -> 0.89 | CC12: =IFERROR(VLOOKUP($B12,'LOD 400 - COLO1'!$B:CD,81,FALSE),"N/A") -> OUTDATED | CD12: =IFERROR(VLOOKUP($B12,'LOD 400 - COLO1'!$B:CG,84,FALSE),"N/A") -> OUTDATED | CE12: =IFERROR(VLOOKUP($B12,'LOD 400 - COLO1'!$B:CJ,87,FALSE),"N/A") -> OUTDATED | CF12: =IFERROR(VLOOKUP($B12,'LOD 400 - COLO1'!$B:CM,90,FALSE),"N/A") -> OUTDATED | CG12: =IFERROR(VLOOKUP($B12,'LOD 400 - COLO1'!$B:CP,93,FALSE),"N/A") -> NEXT ROUND | CH12: =IFERROR(VLOOKUP($B12,'LOD 400 - COLO1'!$B:CS,96,FALSE),"N/A") -> 1 | CI12: =IFERROR(VLOOKUP($B12,'LOD 400 - COLO1'!$B:CV,99,FALSE),"N/A") -> 1 | CJ12: =IFERROR(VLOOKUP($B12,'LOD 400 - COLO1'!$B:CY,102,FALSE),"N/A") -> 1 | CK12: =IFERROR(VLOOKUP($B12,'LOD 400 - COLO1'!$B:DB,105,FALSE),"N/A") -> 1 | CL12: =IFERROR(VLOOKUP($B12,'LOD 400 - COLO1'!$B:DE,108,FALSE),"N/A") -> 1 | CM12: =IFERROR(VLOOKUP($B12,'LOD 400 - COLO1'!$B:DH,111,FALSE),"N/A") -> 1 | CN12: =IFERROR(VLOOKUP($B12,'LOD 400 - COLO1'!$B:DK,114,FALSE),"N/A") -> 1 | CO12: =IFERROR(VLOOKUP($B12,'LOD 400 - COLO1'!$B:DN,117,FALSE),"N/A") -> 1 | CP12: =IFERROR(__xludf.DUMMYFUNCTION("IFERROR( MAX(FILTER(BH12:CO12, ISNUMBER(BH12:CO12))), CO12 )"),1.0) -> 1 | CQ12: =IFERROR(VLOOKUP($B12,'LOD 400 - COLO2'!B:S,18,FALSE),"N/A") -> OUTDATED | CR12: =IFERROR(VLOOKUP($B12,'LOD 400 - COLO2'!B:V,21,FALSE),"N/A") -> OUTDATED | CS12: =IFERROR(VLOOKUP($B12,'LOD 400 - COLO2'!$B:Y,24,FALSE),"N/A") -> OUTDATED | CT12: =IFERROR(VLOOKUP($B12,'LOD 400 - COLO2'!$B:DQ,27,FALSE),"N/A") -> OUTDATED | CU12: =IFERROR(VLOOKUP($B12,'LOD 400 - COLO2'!$B:AE,30,FALSE),"N/A") -> OUTDATED | CV12: =IFERROR(VLOOKUP($B12,'LOD 400 - COLO2'!$B:AH,33,FALSE),"N/A") -> 0.52 | CW12: =IFERROR(VLOOKUP($B12,'LOD 400 - COLO2'!$B:AK,36,FALSE),"N/A") -> OUTDATED | CX12: =IFERROR(VLOOKUP($B12,'LOD 400 - COLO2'!$B:AN,39,FALSE),"N/A") -> NEXT ROUND | CY12: =IFERROR(VLOOKUP($B12,'LOD 400 - COLO2'!$B:AQ,42,FALSE),"N/A") -> 0.86 | CZ12: =IFERROR(VLOOKUP($B12,'LOD 400 - COLO2'!$B:AT,45,FALSE),"N/A") -> OUTDATED | DA12: =IFERROR(VLOOKUP($B12,'LOD 400 - COLO2'!$B:AW,48,FALSE),"N/A") -> OUTDATED | DB12: =IFERROR(VLOOKUP($B12,'LOD 400 - COLO2'!$B:AZ,51,FALSE),"N/A") -> OUTDATED | DC12: =IFERROR(VLOOKUP($B12,'LOD 400 - COLO2'!$B:BC,54,FALSE),"N/A") -> OUTDATED | DD12: =IFERROR(VLOOKUP($B12,'LOD 400 - COLO2'!$B:BF,57,FALSE),"N/A") -> OUTDATED | DE12: =IFERROR(VLOOKUP($B12,'LOD 400 - COLO2'!$B:BI,60,FALSE),"N/A") -> OUTDATED | DF12: =IFERROR(VLOOKUP($B12,'LOD 400 - COLO2'!$B:BL,63,FALSE),"N/A") -> OUTDATED | DG12: =IFERROR(VLOOKUP($B12,'LOD 400 - COLO2'!$B:BO,66,FALSE),"N/A") -> OUTDATED | DH12: =IFERROR(VLOOKUP($B12,'LOD 400 - COLO2'!$B:BR,69,FALSE),"N/A") -> OUTDATED | DI12: =IFERROR(VLOOKUP($B12,'LOD 400 - COLO2'!$B:BU,72,FALSE),"N/A") -> OUTDATED | DJ12: =IFERROR(VLOOKUP($B12,'LOD 400 - COLO2'!$B:BX,75,FALSE),"N/A") -> OUTDATED | DK12: =IFERROR(VLOOKUP($B12,'LOD 400 - COLO2'!$B:CA,78,FALSE),"N/A") -> 0.89 | DL12: =IFERROR(VLOOKUP($B12,'LOD 400 - COLO2'!$B:CD,81,FALSE),"N/A") -> OUTDATED | DM12: =IFERROR(VLOOKUP($B12,'LOD 400 - COLO2'!$B:CG,84,FALSE),"N/A") -> OUTDATED | DN12: =IFERROR(VLOOKUP($B12,'LOD 400 - COLO2'!$B:CJ,87,FALSE),"N/A") -> OUTDATED | DO12: =IFERROR(VLOOKUP($B12,'LOD 400 - COLO2'!$B:CM,90,FALSE),"N/A") -> OUTDATED | DP12: =IFERROR(VLOOKUP($B12,'LOD 400 - COLO2'!$B:CP,93,FALSE),"N/A") -> NEXT ROUND | DQ12: =IFERROR(VLOOKUP($B12,'LOD 400 - COLO2'!$B:CS,96,FALSE),"N/A") -> 1 | DR12: =IFERROR(VLOOKUP($B12,'LOD 400 - COLO2'!$B:CV,99,FALSE),"N/A") -> 1 | DS12: =IFERROR(VLOOKUP($B12,'LOD 400 - COLO2'!$B:CY,102,FALSE),"N/A") -> 1 | DT12: =IFERROR(VLOOKUP($B12,'LOD 400 - COLO2'!$B:DB,105,FALSE),"N/A") -> 1 | DU12: =IFERROR(VLOOKUP($B12,'LOD 400 - COLO2'!$B:DE,108,FALSE),"N/A") -> 1 | DV12: =IFERROR(VLOOKUP($B12,'LOD 400 - COLO2'!$B:DH,111,FALSE),"N/A") -> 1 | DW12: =IFERROR(VLOOKUP($B12,'LOD 400 - COLO2'!$B:DK,114,FALSE),"N/A") -> 1 | DX12: =IFERROR(VLOOKUP($B12,'LOD 400 - COLO2'!$B:DN,117,FALSE),"N/A") -> 1 | DY12: =IFERROR(__xludf.DUMMYFUNCTION("IFERROR( MAX(FILTER(CQ12:DW12, ISNUMBER(CQ12:DW12))), DW12 )"),1.0) -> 1 | DZ12: =IFERROR(VLOOKUP($B12,'LOD 400 - COLO3'!B:S,18,FALSE),"N/A") -> 0 | EA12: =IFERROR(VLOOKUP($B12,'LOD 400 - COLO3'!B:V,21,FALSE),"N/A") -> 0 | EB12: =IFERROR(VLOOKUP($B12,'LOD 400 - COLO3'!B:Y,24,FALSE),"N/A") -> 0 | EC12: =IFERROR(VLOOKUP($B12,'LOD 400 - COLO3'!B:AB,27,FALSE),"N/A") -> 0.89 | ED12: =IFERROR(VLOOKUP($B12,'LOD 400 - COLO3'!B:AE,30,FALSE),"N/A") -> OUTDATED | EE12: =IFERROR(VLOOKUP($B12,'LOD 400 - COLO3'!B:AH,33,FALSE),"N/A") -> OUTDATED | EF12: =IFERROR(VLOOKUP($B12,'LOD 400 - COLO3'!B:AK,36,FALSE),"N/A") -> OUTDATED | EG12: =IFERROR(VLOOKUP($B12,'LOD 400 - COLO3'!B:AN,39,FALSE),"N/A") -> NEXT ROUND | EH12: =IFERROR(VLOOKUP($B12,'LOD 400 - COLO3'!B:AQ,42,FALSE),"N/A") -> 1 | EI12: =IFERROR(VLOOKUP($B12,'LOD 400 - COLO3'!B:AT,45,FALSE),"N/A") -> 1 | EJ12: =IFERROR(VLOOKUP($B12,'LOD 400 - COLO3'!B:AW,48,FALSE),"N/A") -> 1 | EK12: =IFERROR(VLOOKUP($B12,'LOD 400 - COLO3'!B:AZ,51,FALSE),"N/A") -> 1 | EL12: =IFERROR(VLOOKUP($B12,'LOD 400 - COLO3'!B:BC,54,FALSE),"N/A") -> 1 | EM12: =IFERROR(VLOOKUP($B12,'LOD 400 - COLO3'!B:BF,57,FALSE),"N/A") -> 1 | EN12: =IFERROR(VLOOKUP($B12,'LOD 400 - COLO3'!B:BI,60,FALSE),"N/A") -> 1 | EO12: =IFERROR(VLOOKUP($B12,'LOD 400 - COLO3'!B:BL,63,FALSE),"N/A") -> 1 | EP12: =IFERROR(__xludf.DUMMYFUNCTION("IFERROR( MAX(FILTER(DZ12:EO12, ISNUMBER(DZ12:EO12))), EO12 )"),1.0) -> 1 | EQ12: =IFERROR(VLOOKUP($B12,'LOD 400 - COLO4'!B:S,18,FALSE),"N/A") -> 0 | ER12: =IFERROR(__xludf.DUMMYFUNCTION("IFERROR( MAX(FILTER(EQ12, ISNUMBER(EQ12))), EQ12 )"),0.0) -> 0 | ES12: =IFERROR(VLOOKUP($B12,'LOD 400 - SITE'!B:S,18,FALSE),"N/A") -> N/A | ET12: =IFERROR(VLOOKUP($B12,'LOD 400 - SITE'!B:V,21,FALSE),"N/A") -> N/A | EU12: =IFERROR(VLOOKUP($B12,'LOD 400 - SITE'!$B:Y,24,FALSE),"N/A") -> N/A | EV12: =IFERROR(VLOOKUP($B12,'LOD 400 - SITE'!$B:AB,27,FALSE),"N/A") -> N/A | EW12: =IFERROR(VLOOKUP($B12,'LOD 400 - SITE'!$B:AE,30,FALSE),"N/A") -> N/A | EX12: =IFERROR(VLOOKUP($B12,'LOD 400 - SITE'!$B:AH,33,FALSE),"N/A") -> N/A | EY12: =IFERROR(VLOOKUP($B12,'LOD 400 - SITE'!$B:AK,36,FALSE),"N/A") -> N/A | EZ12: =IFERROR(VLOOKUP($B12,'LOD 400 - SITE'!$B:AN,39,FALSE),"N/A") -> N/A | FA12: =IFERROR(VLOOKUP($B12,'LOD 400 - SITE'!$B:AQ,42,FALSE),"N/A") -> N/A | FB12: =IFERROR(VLOOKUP($B12,'LOD 400 - SITE'!$B:AT,45,FALSE),"N/A") -> N/A | FC12: =IFERROR(VLOOKUP($B12,'LOD 400 - SITE'!$B:AW,48,FALSE),"N/A") -> N/A | FD12: =IFERROR(VLOOKUP($B12,'LOD 400 - SITE'!$B:AZ,51,FALSE),"N/A") -> N/A | FE12: =IFERROR(VLOOKUP($B12,'LOD 400 - SITE'!$B:BC,54,FALSE),"N/A") -> N/A | FF12: =IFERROR(VLOOKUP($B12,'LOD 400 - SITE'!$B:BF,57,FALSE),"N/A") -> N/A | FG12: =IFERROR(VLOOKUP($B12,'LOD 400 - SITE'!$B:BI,60,FALSE),"N/A") -> N/A | FH12: =IFERROR(VLOOKUP($B12,'LOD 400 - SITE'!$B:BL,63,FALSE),"N/A") -> N/A | FI12: =IFERROR(VLOOKUP($B12,'LOD 400 - SITE'!$B:BO,66,FALSE),"N/A") -> N/A | FJ12: =IFERROR(VLOOKUP($B12,'LOD 400 - SITE'!$B:BR,69,FALSE),"N/A") -> N/A | FK12: =IFERROR(VLOOKUP($B12,'LOD 400 - SITE'!$B:BU,72,FALSE),"N/A") -> N/A | FL12: =IFERROR(VLOOKUP($B12,'LOD 400 - SITE'!$B:BX,75,FALSE),"N/A") -> N/A | FM12: =IFERROR(VLOOKUP($B12,'LOD 400 - SITE'!$B:CA,78,FALSE),"N/A") -> N/A | FN12: =IFERROR(VLOOKUP($B12,'LOD 400 - SITE'!$B:CD,81,FALSE),"N/A") -> N/A | FO12: =IFERROR(VLOOKUP($B12,'LOD 400 - SITE'!$B:CG,84,FALSE),"N/A") -> N/A | FP12: =IFERROR(VLOOKUP($B12,'LOD 400 - SITE'!$B:CJ,87,FALSE),"N/A") -> N/A | FQ12: =IFERROR(VLOOKUP($B12,'LOD 400 - SITE'!$B:CM,90,FALSE),"N/A") -> N/A | FR12: =IFERROR(VLOOKUP($B12,'LOD 400 - SITE'!$B:CP,93,FALSE),"N/A") -> N/A | FS12: =IFERROR(VLOOKUP($B12,'LOD 400 - SITE'!$B:CS,96,FALSE),"N/A") -> N/A | FT12: =IFERROR(VLOOKUP($B12,'LOD 400 - SITE'!$B:CV,99,FALSE),"N/A") -> N/A | FU12: =IFERROR(VLOOKUP($B12,'LOD 400 - SITE'!$B:CY,102,FALSE),"N/A") -> N/A | FV12: =IFERROR(VLOOKUP($B12,'LOD 400 - SITE'!$B:DB,105,FALSE),"N/A") -> N/A | FW12: =IFERROR(VLOOKUP($B12,'LOD 400 - SITE'!$B:DE,108,FALSE),"N/A") -> N/A | FX12: =IFERROR(VLOOKUP($B12,'LOD 400 - SITE'!$B:DH,111,FALSE),"N/A") -> N/A | FY12: =IFERROR(VLOOKUP($B12,'LOD 400 - SITE'!$B:DK,114,FALSE),"N/A") -> N/A | FZ12: =IFERROR(__xludf.DUMMYFUNCTION("IFERROR( MAX(FILTER(ES12:FY12, ISNUMBER(ES12:FY12))), FY12 )"),"N/A") -> N/A | GA12: =IFERROR(VLOOKUP($B12,'LOD 400 - UTLS'!B:S,18,FALSE),"N/A") -> N/A | GB12: =IFERROR(VLOOKUP($B12,'LOD 400 - UTLS'!B:V,21,FALSE),"N/A") -> N/A | GC12: =IFERROR(VLOOKUP($B12,'LOD 400 - UTLS'!B:Y,24,FALSE),"N/A") -> N/A | GD12: =IFERROR(VLOOKUP($B12,'LOD 400 - UTLS'!$B:AB,27,FALSE),"N/A") -> N/A | GE12: =IFERROR(VLOOKUP($B12,'LOD 400 - UTLS'!$B:AE,30,FALSE),"N/A") -> N/A | GF12: =IFERROR(VLOOKUP($B12,'LOD 400 - UTLS'!$B:AH,33,FALSE),"N/A") -> N/A | GG12: =IFERROR(VLOOKUP($B12,'LOD 400 - UTLS'!$B:AK,36,FALSE),"N/A") -> N/A | GH12: =IFERROR(VLOOKUP($B12,'LOD 400 - UTLS'!$B:AN,39,FALSE),"N/A") -> N/A | GI12: =IFERROR(VLOOKUP($B12,'LOD 400 - UTLS'!$B:AQ,42,FALSE),"N/A") -> N/A | GJ12: =IFERROR(VLOOKUP($B12,'LOD 400 - UTLS'!$B:AT,45,FALSE),"N/A") -> N/A | GK12: =IFERROR(VLOOKUP($B12,'LOD 400 - UTLS'!$B:AW,48,FALSE),"N/A") -> N/A | GL12: =IFERROR(VLOOKUP($B12,'LOD 400 - UTLS'!$B:AZ,51,FALSE),"N/A") -> N/A | GM12: =IFERROR(VLOOKUP($B12,'LOD 400 - UTLS'!$B:BC,54,FALSE),"N/A") -> N/A | GN12: =IFERROR(VLOOKUP($B12,'LOD 400 - UTLS'!$B:BF,57,FALSE),"N/A") -> N/A | GO12: =IFERROR(VLOOKUP($B12,'LOD 400 - UTLS'!$B:BI,60,FALSE),"N/A") -> N/A | GP12: =IFERROR(VLOOKUP($B12,'LOD 400 - UTLS'!$B:BL,63,FALSE),"N/A") -> N/A | GQ12: =IFERROR(VLOOKUP($B12,'LOD 400 - UTLS'!$B:BO,66,FALSE),"N/A") -> N/A | GR12: =IFERROR(VLOOKUP($B12,'LOD 400 - UTLS'!$B:BR,69,FALSE),"N/A") -> N/A | GS12: =IFERROR(VLOOKUP($B12,'LOD 400 - UTLS'!$B:BU,72,FALSE),"N/A") -> N/A | GT12: =IFERROR(VLOOKUP($B12,'LOD 400 - UTLS'!$B:BX,75,FALSE),"N/A") -> N/A | GU12: =IFERROR(VLOOKUP($B12,'LOD 400 - UTLS'!$B:CA,78,FALSE),"N/A") -> N/A | GV12: =IFERROR(VLOOKUP($B12,'LOD 400 - UTLS'!$B:CD,81,FALSE),"N/A") -> N/A | GW12: =IFERROR(VLOOKUP($B12,'LOD 400 - UTLS'!$B:CG,84,FALSE),"N/A") -> N/A | GX12: =IFERROR(VLOOKUP($B12,'LOD 400 - UTLS'!$B:CJ,87,FALSE),"N/A") -> N/A | GY12: =IFERROR(VLOOKUP($B12,'LOD 400 - UTLS'!$B:CM,90,FALSE),"N/A") -> N/A | GZ12: =IFERROR(VLOOKUP($B12,'LOD 400 - UTLS'!$B:CP,93,FALSE),"N/A") -> N/A | HA12: =IFERROR(VLOOKUP($B12,'LOD 400 - UTLS'!$B:CS,96,FALSE),"N/A") -> N/A | HB12: =IFERROR(VLOOKUP($B12,'LOD 400 - UTLS'!$B:CV,99,FALSE),"N/A") -> N/A | HC12: =IFERROR(VLOOKUP($B12,'LOD 400 - UTLS'!$B:CY,102,FALSE),"N/A") -> N/A | HD12: =IFERROR(VLOOKUP($B12,'LOD 400 - UTLS'!$B:DB,105,FALSE),"N/A") -> N/A | HE12: =IFERROR(__xludf.DUMMYFUNCTION("IFERROR( MAX(FILTER(GA12:HD12, ISNUMBER(GA12:HD12))), HD12 )"),"N/A") -> N/A
A13: 15 | B13: CPQ11-ARCH-CHAI-SITE-R24.rvt | C13: CPQ11-ARCH-CHAI-SITE-R22.rvt | D13: =MID(B13,17,4) -> SITE | E13: S-VALE | F13: 1104 | G13: SPBIM | H13: 1127 | I13: =IFERROR(VLOOKUP($C10:C108,'R22 RELATÓRIO ACC'!B:F,5,FALSE),"NOT PUBLISHED") -> V12 | J13: =IFERROR(VLOOKUP($C10:C108,'R22 RELATÓRIO ACC'!B:P,15,FALSE),"NOT PUBLISHED") -> 06/04/2026 | K13: =IFERROR(VLOOKUP($B10:B108,'RELATÓRIO ACC'!B:F,5,FALSE),"NOT PUBLISHED") -> V1 | L13: =IFERROR(VLOOKUP($B10:B108,'RELATÓRIO ACC'!B:P,15,FALSE),"NOT PUBLISHED") -> 15/05/2026 | M13: =IF(OR($D13="UTLS",$D13="GUAR",$D13="STIR",$D13="PUMP",$D13="SITE"), VLOOKUP($B13,'LOD 400 - SITE'!B:M,12,FALSE), VLOOKUP($B13,'LOD 400 - ADMN'!B:M,12,FALSE) ) -> V2 | N13: =IF(OR($D13="UTLS",$D13="GUAR",$D13="STIR",$D13="PUMP",$D13="SITE"), VLOOKUP($B13,'LOD 400 - SITE'!B:N,13,FALSE), VLOOKUP($B13,'LOD 400 - ADMN'!B:N,13,FALSE) ) -> 46171 | O13: =IF(OR($D13="UTLS",$D13="GUAR",$D13="STIR",$D13="PUMP",$D13="SITE"), VLOOKUP($B13,'LOD 400 - SITE'!B:O,14,FALSE), VLOOKUP($B13,'LOD 400 - ADMN'!B:O,14,FALSE) ) -> R24 | P13: =IF(OR($D13="C345",$D13="C12A",$D13="DATA"), VLOOKUP($B13,'LOD 400 - COLO3'!B:M,12,FALSE),"N/A") -> N/A | Q13: =IF(OR($D13="C345",$D13="C12A",$D13="DATA"), VLOOKUP($B13,'LOD 400 - COLO3'!B:N,13,FALSE),"N/A") -> N/A | R13: =IF(OR($D13="C345",$D13="C12A",$D13="DATA"), VLOOKUP($B13,'LOD 400 - COLO3'!B:O,14,FALSE),"N/A") -> N/A | S13: =IF(OR($D13="C345",$D13="C12A",$D13="DATA"), VLOOKUP($B13,'LOD 400 - COLO4'!B:N,12,FALSE),"N/A") -> N/A | T13: =IF(OR($D13="C345",$D13="C12A",$D13="DATA"), VLOOKUP($B13,'LOD 400 - COLO4'!B:N,13,FALSE),"N/A") -> N/A | U13: =IF(OR($D13="C345",$D13="C12A",$D13="DATA"), VLOOKUP($B13,'LOD 400 - COLO4'!B:N,13,FALSE),"N/A") -> N/A | V13: =IF(OR($D13="UTLS",$D13="GUAR",$D13="STIR",$D13="PUMP",$D13="SITE"), VLOOKUP($B13,'LOD 400 - UTLS'!B:M,12,FALSE),"N/A") -> V2 | W13: =IF(OR($D13="UTLS",$D13="GUAR",$D13="STIR",$D13="PUMP",$D13="SITE"), VLOOKUP($B13,'LOD 400 - UTLS'!B:N,13,FALSE),"N/A") -> 46171 | X13: =IF(OR($D13="UTLS",$D13="GUAR",$D13="STIR",$D13="PUMP",$D13="SITE"), VLOOKUP($B13,'LOD 400 - UTLS'!B:O,14,FALSE),"N/A") -> R24 | Y13: =IFERROR(VLOOKUP($B13,'LOD 400 - ADMN'!B:S,18,FALSE),"N/A") -> N/A | Z13: =IFERROR(VLOOKUP($B13,'LOD 400 - ADMN'!B:V,21,FALSE),"N/A") -> N/A | AA13: =IFERROR(VLOOKUP($B13,'LOD 400 - ADMN'!$B:Y,24,FALSE),"N/A") -> N/A | AB13: =IFERROR(VLOOKUP($B13,'LOD 400 - ADMN'!$B:AB,27,FALSE),"N/A") -> N/A | AC13: =IFERROR(VLOOKUP($B13,'LOD 400 - ADMN'!$B:AE,30,FALSE),"N/A") -> N/A | AD13: =IFERROR(VLOOKUP($B13,'LOD 400 - ADMN'!$B:AH,33,FALSE),"N/A") -> N/A | AE13: =IFERROR(VLOOKUP($B13,'LOD 400 - ADMN'!$B:AK,36,FALSE),"N/A") -> N/A | AF13: =IFERROR(VLOOKUP($B13,'LOD 400 - ADMN'!$B:AN,39,FALSE),"N/A") -> N/A | AG13: =IFERROR(VLOOKUP($B13,'LOD 400 - ADMN'!$B:AQ,42,FALSE),"N/A") -> N/A | AH13: =IFERROR(VLOOKUP($B13,'LOD 400 - ADMN'!$B:AT,45,FALSE),"N/A") -> N/A | AI13: =IFERROR(VLOOKUP($B13,'LOD 400 - ADMN'!$B:AW,48,FALSE),"N/A") -> N/A | AJ13: =IFERROR(VLOOKUP($B13,'LOD 400 - ADMN'!$B:AZ,51,FALSE),"N/A") -> N/A | AK13: =IFERROR(VLOOKUP($B13,'LOD 400 - ADMN'!$B:BC,54,FALSE),"N/A") -> N/A | AL13: =IFERROR(VLOOKUP($B13,'LOD 400 - ADMN'!$B:BF,57,FALSE),"N/A") -> N/A | AM13: =IFERROR(VLOOKUP($B13,'LOD 400 - ADMN'!$B:BI,60,FALSE),"N/A") -> N/A | AN13: =IFERROR(VLOOKUP($B13,'LOD 400 - ADMN'!$B:BL,63,FALSE),"N/A") -> N/A | AO13: =IFERROR(VLOOKUP($B13,'LOD 400 - ADMN'!$B:BO,66,FALSE),"N/A") -> N/A | AP13: =IFERROR(VLOOKUP($B13,'LOD 400 - ADMN'!$B:BR,69,FALSE),"N/A") -> N/A | AQ13: =IFERROR(VLOOKUP($B13,'LOD 400 - ADMN'!$B:BU,72,FALSE),"N/A") -> N/A | AR13: =IFERROR(VLOOKUP($B13,'LOD 400 - ADMN'!$B:BX,75,FALSE),"N/A") -> N/A | AS13: =IFERROR(VLOOKUP($B13,'LOD 400 - ADMN'!$B:CA,78,FALSE),"N/A") -> N/A | AT13: =IFERROR(VLOOKUP($B13,'LOD 400 - ADMN'!$B:CD,81,FALSE),"N/A") -> N/A | AU13: =IFERROR(VLOOKUP($B13,'LOD 400 - ADMN'!$B:CG,84,FALSE),"N/A") -> N/A | AV13: =IFERROR(VLOOKUP($B13,'LOD 400 - ADMN'!$B:CJ,87,FALSE),"N/A") -> N/A | AW13: =IFERROR(VLOOKUP($B13,'LOD 400 - ADMN'!$B:CM,90,FALSE),"N/A") -> N/A | AX13: =IFERROR(VLOOKUP($B13,'LOD 400 - ADMN'!$B:CP,93,FALSE),"N/A") -> N/A | AY13: =IFERROR(VLOOKUP($B13,'LOD 400 - ADMN'!$B:CS,96,FALSE),"N/A") -> N/A | AZ13: =IFERROR(VLOOKUP($B13,'LOD 400 - ADMN'!$B:CV,99,FALSE),"N/A") -> N/A | BA13: =IFERROR(VLOOKUP($B13,'LOD 400 - ADMN'!$B:CY,102,FALSE),"N/A") -> N/A | BB13: =IFERROR(VLOOKUP($B13,'LOD 400 - ADMN'!$B:DB,105,FALSE),"N/A") -> N/A | BC13: =IFERROR(VLOOKUP($B13,'LOD 400 - ADMN'!$B:DE,108,FALSE),"N/A") -> N/A | BD13: =IFERROR(VLOOKUP($B13,'LOD 400 - ADMN'!$B:DH,111,FALSE),"N/A") -> N/A | BE13: =IFERROR(VLOOKUP($B13,'LOD 400 - ADMN'!$B:DK,114,FALSE),"N/A") -> N/A | BF13: =IFERROR(VLOOKUP($B13,'LOD 400 - ADMN'!$B:DN,117,FALSE),"N/A") -> N/A | BG13: =IFERROR(__xludf.DUMMYFUNCTION("IFERROR( MAX(FILTER(Y13:BF13, ISNUMBER(Y13:BF13))), BF13 )"),"N/A") -> N/A | BH13: =IFERROR(VLOOKUP($B13,'LOD 400 - COLO1'!B:S,18,FALSE),"N/A") -> N/A | BI13: =IFERROR(VLOOKUP($B13,'LOD 400 - COLO1'!B:V,21,FALSE),"N/A") -> N/A | BJ13: =IFERROR(VLOOKUP($B13,'LOD 400 - COLO1'!$B:Y,24,FALSE),"N/A") -> N/A | BK13: =IFERROR(VLOOKUP($B13,'LOD 400 - COLO1'!$B:AB,27,FALSE),"N/A") -> N/A | BL13: =IFERROR(VLOOKUP($B13,'LOD 400 - COLO1'!$B:AE,30,FALSE),"N/A") -> N/A | BM13: =IFERROR(VLOOKUP($B13,'LOD 400 - COLO1'!$B:AH,33,FALSE),"N/A") -> N/A | BN13: =IFERROR(VLOOKUP($B13,'LOD 400 - COLO1'!$B:AK,36,FALSE),"N/A") -> N/A | BO13: =IFERROR(VLOOKUP($B13,'LOD 400 - COLO1'!$B:AN,39,FALSE),"N/A") -> N/A | BP13: =IFERROR(VLOOKUP($B13,'LOD 400 - COLO1'!$B:AQ,42,FALSE),"N/A") -> N/A | BQ13: =IFERROR(VLOOKUP($B13,'LOD 400 - COLO1'!$B:AT,45,FALSE),"N/A") -> N/A | BR13: =IFERROR(VLOOKUP($B13,'LOD 400 - COLO1'!$B:AW,48,FALSE),"N/A") -> N/A | BS13: =IFERROR(VLOOKUP($B13,'LOD 400 - COLO1'!$B:AZ,51,FALSE),"N/A") -> N/A | BT13: =IFERROR(VLOOKUP($B13,'LOD 400 - COLO1'!$B:BC,54,FALSE),"N/A") -> N/A | BU13: =IFERROR(VLOOKUP($B13,'LOD 400 - COLO1'!$B:BF,57,FALSE),"N/A") -> N/A | BV13: =IFERROR(VLOOKUP($B13,'LOD 400 - COLO1'!$B:BI,60,FALSE),"N/A") -> N/A | BW13: =IFERROR(VLOOKUP($B13,'LOD 400 - COLO1'!$B:BL,63,FALSE),"N/A") -> N/A | BX13: =IFERROR(VLOOKUP($B13,'LOD 400 - COLO1'!$B:BO,66,FALSE),"N/A") -> N/A | BY13: =IFERROR(VLOOKUP($B13,'LOD 400 - COLO1'!$B:BR,69,FALSE),"N/A") -> N/A | BZ13: =IFERROR(VLOOKUP($B13,'LOD 400 - COLO1'!$B:BU,72,FALSE),"N/A") -> N/A | CA13: =IFERROR(VLOOKUP($B13,'LOD 400 - COLO1'!$B:BX,75,FALSE),"N/A") -> N/A | CB13: =IFERROR(VLOOKUP($B13,'LOD 400 - COLO1'!$B:CA,78,FALSE),"N/A") -> N/A | CC13: =IFERROR(VLOOKUP($B13,'LOD 400 - COLO1'!$B:CD,81,FALSE),"N/A") -> N/A | CD13: =IFERROR(VLOOKUP($B13,'LOD 400 - COLO1'!$B:CG,84,FALSE),"N/A") -> N/A | CE13: =IFERROR(VLOOKUP($B13,'LOD 400 - COLO1'!$B:CJ,87,FALSE),"N/A") -> N/A | CF13: =IFERROR(VLOOKUP($B13,'LOD 400 - COLO1'!$B:CM,90,FALSE),"N/A") -> N/A | CG13: =IFERROR(VLOOKUP($B13,'LOD 400 - COLO1'!$B:CP,93,FALSE),"N/A") -> N/A | CH13: =IFERROR(VLOOKUP($B13,'LOD 400 - COLO1'!$B:CS,96,FALSE),"N/A") -> N/A | CI13: =IFERROR(VLOOKUP($B13,'LOD 400 - COLO1'!$B:CV,99,FALSE),"N/A") -> N/A | CJ13: =IFERROR(VLOOKUP($B13,'LOD 400 - COLO1'!$B:CY,102,FALSE),"N/A") -> N/A | CK13: =IFERROR(VLOOKUP($B13,'LOD 400 - COLO1'!$B:DB,105,FALSE),"N/A") -> N/A | CL13: =IFERROR(VLOOKUP($B13,'LOD 400 - COLO1'!$B:DE,108,FALSE),"N/A") -> N/A | CM13: =IFERROR(VLOOKUP($B13,'LOD 400 - COLO1'!$B:DH,111,FALSE),"N/A") -> N/A | CN13: =IFERROR(VLOOKUP($B13,'LOD 400 - COLO1'!$B:DK,114,FALSE),"N/A") -> N/A | CO13: =IFERROR(VLOOKUP($B13,'LOD 400 - COLO1'!$B:DN,117,FALSE),"N/A") -> N/A | CP13: =IFERROR(__xludf.DUMMYFUNCTION("IFERROR( MAX(FILTER(BH13:CO13, ISNUMBER(BH13:CO13))), CO13 )"),"N/A") -> N/A | CQ13: =IFERROR(VLOOKUP($B13,'LOD 400 - COLO2'!B:S,18,FALSE),"N/A") -> N/A | CR13: =IFERROR(VLOOKUP($B13,'LOD 400 - COLO2'!B:V,21,FALSE),"N/A") -> N/A | CS13: =IFERROR(VLOOKUP($B13,'LOD 400 - COLO2'!$B:Y,24,FALSE),"N/A") -> N/A | CT13: =IFERROR(VLOOKUP($B13,'LOD 400 - COLO2'!$B:DQ,27,FALSE),"N/A") -> N/A | CU13: =IFERROR(VLOOKUP($B13,'LOD 400 - COLO2'!$B:AE,30,FALSE),"N/A") -> N/A | CV13: =IFERROR(VLOOKUP($B13,'LOD 400 - COLO2'!$B:AH,33,FALSE),"N/A") -> N/A | CW13: =IFERROR(VLOOKUP($B13,'LOD 400 - COLO2'!$B:AK,36,FALSE),"N/A") -> N/A | CX13: =IFERROR(VLOOKUP($B13,'LOD 400 - COLO2'!$B:AN,39,FALSE),"N/A") -> N/A | CY13: =IFERROR(VLOOKUP($B13,'LOD 400 - COLO2'!$B:AQ,42,FALSE),"N/A") -> N/A | CZ13: =IFERROR(VLOOKUP($B13,'LOD 400 - COLO2'!$B:AT,45,FALSE),"N/A") -> N/A | DA13: =IFERROR(VLOOKUP($B13,'LOD 400 - COLO2'!$B:AW,48,FALSE),"N/A") -> N/A | DB13: =IFERROR(VLOOKUP($B13,'LOD 400 - COLO2'!$B:AZ,51,FALSE),"N/A") -> N/A | DC13: =IFERROR(VLOOKUP($B13,'LOD 400 - COLO2'!$B:BC,54,FALSE),"N/A") -> N/A | DD13: =IFERROR(VLOOKUP($B13,'LOD 400 - COLO2'!$B:BF,57,FALSE),"N/A") -> N/A | DE13: =IFERROR(VLOOKUP($B13,'LOD 400 - COLO2'!$B:BI,60,FALSE),"N/A") -> N/A | DF13: =IFERROR(VLOOKUP($B13,'LOD 400 - COLO2'!$B:BL,63,FALSE),"N/A") -> N/A | DG13: =IFERROR(VLOOKUP($B13,'LOD 400 - COLO2'!$B:BO,66,FALSE),"N/A") -> N/A | DH13: =IFERROR(VLOOKUP($B13,'LOD 400 - COLO2'!$B:BR,69,FALSE),"N/A") -> N/A | DI13: =IFERROR(VLOOKUP($B13,'LOD 400 - COLO2'!$B:BU,72,FALSE),"N/A") -> N/A | DJ13: =IFERROR(VLOOKUP($B13,'LOD 400 - COLO2'!$B:BX,75,FALSE),"N/A") -> N/A | DK13: =IFERROR(VLOOKUP($B13,'LOD 400 - COLO2'!$B:CA,78,FALSE),"N/A") -> N/A | DL13: =IFERROR(VLOOKUP($B13,'LOD 400 - COLO2'!$B:CD,81,FALSE),"N/A") -> N/A | DM13: =IFERROR(VLOOKUP($B13,'LOD 400 - COLO2'!$B:CG,84,FALSE),"N/A") -> N/A | DN13: =IFERROR(VLOOKUP($B13,'LOD 400 - COLO2'!$B:CJ,87,FALSE),"N/A") -> N/A | DO13: =IFERROR(VLOOKUP($B13,'LOD 400 - COLO2'!$B:CM,90,FALSE),"N/A") -> N/A | DP13: =IFERROR(VLOOKUP($B13,'LOD 400 - COLO2'!$B:CP,93,FALSE),"N/A") -> N/A | DQ13: =IFERROR(VLOOKUP($B13,'LOD 400 - COLO2'!$B:CS,96,FALSE),"N/A") -> N/A | DR13: =IFERROR(VLOOKUP($B13,'LOD 400 - COLO2'!$B:CV,99,FALSE),"N/A") -> N/A | DS13: =IFERROR(VLOOKUP($B13,'LOD 400 - COLO2'!$B:CY,102,FALSE),"N/A") -> N/A | DT13: =IFERROR(VLOOKUP($B13,'LOD 400 - COLO2'!$B:DB,105,FALSE),"N/A") -> N/A | DU13: =IFERROR(VLOOKUP($B13,'LOD 400 - COLO2'!$B:DE,108,FALSE),"N/A") -> N/A | DV13: =IFERROR(VLOOKUP($B13,'LOD 400 - COLO2'!$B:DH,111,FALSE),"N/A") -> N/A | DW13: =IFERROR(VLOOKUP($B13,'LOD 400 - COLO2'!$B:DK,114,FALSE),"N/A") -> N/A | DX13: =IFERROR(VLOOKUP($B13,'LOD 400 - COLO2'!$B:DN,117,FALSE),"N/A") -> N/A | DY13: =IFERROR(__xludf.DUMMYFUNCTION("IFERROR( MAX(FILTER(CQ13:DW13, ISNUMBER(CQ13:DW13))), DW13 )"),"N/A") -> N/A | DZ13: =IFERROR(VLOOKUP($B13,'LOD 400 - COLO3'!B:S,18,FALSE),"N/A") -> N/A | EA13: =IFERROR(VLOOKUP($B13,'LOD 400 - COLO3'!B:V,21,FALSE),"N/A") -> N/A | EB13: =IFERROR(VLOOKUP($B13,'LOD 400 - COLO3'!B:Y,24,FALSE),"N/A") -> N/A | EC13: =IFERROR(VLOOKUP($B13,'LOD 400 - COLO3'!B:AB,27,FALSE),"N/A") -> N/A | ED13: =IFERROR(VLOOKUP($B13,'LOD 400 - COLO3'!B:AE,30,FALSE),"N/A") -> N/A | EE13: =IFERROR(VLOOKUP($B13,'LOD 400 - COLO3'!B:AH,33,FALSE),"N/A") -> N/A | EF13: =IFERROR(VLOOKUP($B13,'LOD 400 - COLO3'!B:AK,36,FALSE),"N/A") -> N/A | EG13: =IFERROR(VLOOKUP($B13,'LOD 400 - COLO3'!B:AN,39,FALSE),"N/A") -> N/A | EH13: =IFERROR(VLOOKUP($B13,'LOD 400 - COLO3'!B:AQ,42,FALSE),"N/A") -> N/A | EI13: =IFERROR(VLOOKUP($B13,'LOD 400 - COLO3'!B:AT,45,FALSE),"N/A") -> N/A | EJ13: =IFERROR(VLOOKUP($B13,'LOD 400 - COLO3'!B:AW,48,FALSE),"N/A") -> N/A | EK13: =IFERROR(VLOOKUP($B13,'LOD 400 - COLO3'!B:AZ,51,FALSE),"N/A") -> N/A | EL13: =IFERROR(VLOOKUP($B13,'LOD 400 - COLO3'!B:BC,54,FALSE),"N/A") -> N/A | EM13: =IFERROR(VLOOKUP($B13,'LOD 400 - COLO3'!B:BF,57,FALSE),"N/A") -> N/A | EN13: =IFERROR(VLOOKUP($B13,'LOD 400 - COLO3'!B:BI,60,FALSE),"N/A") -> N/A | EO13: =IFERROR(VLOOKUP($B13,'LOD 400 - COLO3'!B:BL,63,FALSE),"N/A") -> N/A | EP13: =IFERROR(__xludf.DUMMYFUNCTION("IFERROR( MAX(FILTER(DZ13:EO13, ISNUMBER(DZ13:EO13))), EO13 )"),"N/A") -> N/A | EQ13: =IFERROR(VLOOKUP($B13,'LOD 400 - COLO4'!B:S,18,FALSE),"N/A") -> N/A | ER13: =IFERROR(__xludf.DUMMYFUNCTION("IFERROR( MAX(FILTER(EQ13, ISNUMBER(EQ13))), EQ13 )"),"N/A") -> N/A | ES13: =IFERROR(VLOOKUP($B13,'LOD 400 - SITE'!B:S,18,FALSE),"N/A") -> OUTDATED | ET13: =IFERROR(VLOOKUP($B13,'LOD 400 - SITE'!B:V,21,FALSE),"N/A") -> OUTDATED | EU13: =IFERROR(VLOOKUP($B13,'LOD 400 - SITE'!$B:Y,24,FALSE),"N/A") -> OUTDATED | EV13: =IFERROR(VLOOKUP($B13,'LOD 400 - SITE'!$B:AB,27,FALSE),"N/A") -> OUTDATED | EW13: =IFERROR(VLOOKUP($B13,'LOD 400 - SITE'!$B:AE,30,FALSE),"N/A") -> OUTDATED | EX13: =IFERROR(VLOOKUP($B13,'LOD 400 - SITE'!$B:AH,33,FALSE),"N/A") -> 0.11 | EY13: =IFERROR(VLOOKUP($B13,'LOD 400 - SITE'!$B:AK,36,FALSE),"N/A") -> OUTDATED | EZ13: =IFERROR(VLOOKUP($B13,'LOD 400 - SITE'!$B:AN,39,FALSE),"N/A") -> NEXT ROUND | FA13: =IFERROR(VLOOKUP($B13,'LOD 400 - SITE'!$B:AQ,42,FALSE),"N/A") -> 0.43 | FB13: =IFERROR(VLOOKUP($B13,'LOD 400 - SITE'!$B:AT,45,FALSE),"N/A") -> 0.43 | FC13: =IFERROR(VLOOKUP($B13,'LOD 400 - SITE'!$B:AW,48,FALSE),"N/A") -> 0.43 | FD13: =IFERROR(VLOOKUP($B13,'LOD 400 - SITE'!$B:AZ,51,FALSE),"N/A") -> OUTDATED | FE13: =IFERROR(VLOOKUP($B13,'LOD 400 - SITE'!$B:BC,54,FALSE),"N/A") -> OUTDATED | FF13: =IFERROR(VLOOKUP($B13,'LOD 400 - SITE'!$B:BF,57,FALSE),"N/A") -> OUTDATED | FG13: =IFERROR(VLOOKUP($B13,'LOD 400 - SITE'!$B:BI,60,FALSE),"N/A") -> OUTDATED | FH13: =IFERROR(VLOOKUP($B13,'LOD 400 - SITE'!$B:BL,63,FALSE),"N/A") -> OUTDATED | FI13: =IFERROR(VLOOKUP($B13,'LOD 400 - SITE'!$B:BO,66,FALSE),"N/A") -> OUTDATED | FJ13: =IFERROR(VLOOKUP($B13,'LOD 400 - SITE'!$B:BR,69,FALSE),"N/A") -> NEXT ROUND | FK13: =IFERROR(VLOOKUP($B13,'LOD 400 - SITE'!$B:BU,72,FALSE),"N/A") -> NEXT ROUND | FL13: =IFERROR(VLOOKUP($B13,'LOD 400 - SITE'!$B:BX,75,FALSE),"N/A") -> NEXT ROUND | FM13: =IFERROR(VLOOKUP($B13,'LOD 400 - SITE'!$B:CA,78,FALSE),"N/A") -> NEXT ROUND | FN13: =IFERROR(VLOOKUP($B13,'LOD 400 - SITE'!$B:CD,81,FALSE),"N/A") -> NEXT ROUND | FO13: =IFERROR(VLOOKUP($B13,'LOD 400 - SITE'!$B:CG,84,FALSE),"N/A") -> NEXT ROUND | FP13: =IFERROR(VLOOKUP($B13,'LOD 400 - SITE'!$B:CJ,87,FALSE),"N/A") -> NEXT ROUND | FQ13: =IFERROR(VLOOKUP($B13,'LOD 400 - SITE'!$B:CM,90,FALSE),"N/A") -> NEXT ROUND | FR13: =IFERROR(VLOOKUP($B13,'LOD 400 - SITE'!$B:CP,93,FALSE),"N/A") -> 1 | FS13: =IFERROR(VLOOKUP($B13,'LOD 400 - SITE'!$B:CS,96,FALSE),"N/A") -> 1 | FT13: =IFERROR(VLOOKUP($B13,'LOD 400 - SITE'!$B:CV,99,FALSE),"N/A") -> 1 | FU13: =IFERROR(VLOOKUP($B13,'LOD 400 - SITE'!$B:CY,102,FALSE),"N/A") -> 1 | FV13: =IFERROR(VLOOKUP($B13,'LOD 400 - SITE'!$B:DB,105,FALSE),"N/A") -> 1 | FW13: =IFERROR(VLOOKUP($B13,'LOD 400 - SITE'!$B:DE,108,FALSE),"N/A") -> 1 | FX13: =IFERROR(VLOOKUP($B13,'LOD 400 - SITE'!$B:DH,111,FALSE),"N/A") -> 1 | FY13: =IFERROR(VLOOKUP($B13,'LOD 400 - SITE'!$B:DK,114,FALSE),"N/A") -> 1 | FZ13: =IFERROR(__xludf.DUMMYFUNCTION("IFERROR( MAX(FILTER(ES13:FY13, ISNUMBER(ES13:FY13))), FY13 )"),1.0) -> 1 | GA13: =IFERROR(VLOOKUP($B13,'LOD 400 - UTLS'!B:S,18,FALSE),"N/A") -> OUTDATED | GB13: =IFERROR(VLOOKUP($B13,'LOD 400 - UTLS'!B:V,21,FALSE),"N/A") -> 0.11 | GC13: =IFERROR(VLOOKUP($B13,'LOD 400 - UTLS'!B:Y,24,FALSE),"N/A") -> IMPROPER | GD13: =IFERROR(VLOOKUP($B13,'LOD 400 - UTLS'!$B:AB,27,FALSE),"N/A") -> OUTDATED | GE13: =IFERROR(VLOOKUP($B13,'LOD 400 - UTLS'!$B:AE,30,FALSE),"N/A") -> NEXT ROUND | GF13: =IFERROR(VLOOKUP($B13,'LOD 400 - UTLS'!$B:AH,33,FALSE),"N/A") -> 0.43 | GG13: =IFERROR(VLOOKUP($B13,'LOD 400 - UTLS'!$B:AK,36,FALSE),"N/A") -> OUTDATED | GH13: =IFERROR(VLOOKUP($B13,'LOD 400 - UTLS'!$B:AN,39,FALSE),"N/A") -> OUTDATED | GI13: =IFERROR(VLOOKUP($B13,'LOD 400 - UTLS'!$B:AQ,42,FALSE),"N/A") -> OUTDATED | GJ13: =IFERROR(VLOOKUP($B13,'LOD 400 - UTLS'!$B:AT,45,FALSE),"N/A") -> OUTDATED | GK13: =IFERROR(VLOOKUP($B13,'LOD 400 - UTLS'!$B:AW,48,FALSE),"N/A") -> OUTDATED | GL13: =IFERROR(VLOOKUP($B13,'LOD 400 - UTLS'!$B:AZ,51,FALSE),"N/A") -> OUTDATED | GM13: =IFERROR(VLOOKUP($B13,'LOD 400 - UTLS'!$B:BC,54,FALSE),"N/A") -> OUTDATED | GN13: =IFERROR(VLOOKUP($B13,'LOD 400 - UTLS'!$B:BF,57,FALSE),"N/A") -> OUTDATED | GO13: =IFERROR(VLOOKUP($B13,'LOD 400 - UTLS'!$B:BI,60,FALSE),"N/A") -> NEXT ROUND | GP13: =IFERROR(VLOOKUP($B13,'LOD 400 - UTLS'!$B:BL,63,FALSE),"N/A") -> NEXT ROUND | GQ13: =IFERROR(VLOOKUP($B13,'LOD 400 - UTLS'!$B:BO,66,FALSE),"N/A") -> NEXT ROUND | GR13: =IFERROR(VLOOKUP($B13,'LOD 400 - UTLS'!$B:BR,69,FALSE),"N/A") -> NEXT ROUND | GS13: =IFERROR(VLOOKUP($B13,'LOD 400 - UTLS'!$B:BU,72,FALSE),"N/A") -> NEXT ROUND | GT13: =IFERROR(VLOOKUP($B13,'LOD 400 - UTLS'!$B:BX,75,FALSE),"N/A") -> NEXT ROUND | GU13: =IFERROR(VLOOKUP($B13,'LOD 400 - UTLS'!$B:CA,78,FALSE),"N/A") -> NEXT ROUND | GV13: =IFERROR(VLOOKUP($B13,'LOD 400 - UTLS'!$B:CD,81,FALSE),"N/A") -> NEXT ROUND | GW13: =IFERROR(VLOOKUP($B13,'LOD 400 - UTLS'!$B:CG,84,FALSE),"N/A") -> 1 | GX13: =IFERROR(VLOOKUP($B13,'LOD 400 - UTLS'!$B:CJ,87,FALSE),"N/A") -> 1 | GY13: =IFERROR(VLOOKUP($B13,'LOD 400 - UTLS'!$B:CM,90,FALSE),"N/A") -> 1 | GZ13: =IFERROR(VLOOKUP($B13,'LOD 400 - UTLS'!$B:CP,93,FALSE),"N/A") -> 1 | HA13: =IFERROR(VLOOKUP($B13,'LOD 400 - UTLS'!$B:CS,96,FALSE),"N/A") -> 1 | HB13: =IFERROR(VLOOKUP($B13,'LOD 400 - UTLS'!$B:CV,99,FALSE),"N/A") -> 1 | HC13: =IFERROR(VLOOKUP($B13,'LOD 400 - UTLS'!$B:CY,102,FALSE),"N/A") -> 1 | HD13: =IFERROR(VLOOKUP($B13,'LOD 400 - UTLS'!$B:DB,105,FALSE),"N/A") -> 1 | HE13: =IFERROR(__xludf.DUMMYFUNCTION("IFERROR( MAX(FILTER(GA13:HD13, ISNUMBER(GA13:HD13))), HD13 )"),1.0) -> 1
A14: 16 | B14: CPQ11-ARCH-FURN-DATA-R24.rvt | C14: CPQ11-ARCH-FURN-DATA-R22.rvt | D14: =MID(B14,17,4) -> DATA | E14: RACION/AL | F14: 1106 | G14: CONTRACTING | H14: 0 | I14: =IFERROR(VLOOKUP($C11:C108,'R22 RELATÓRIO ACC'!B:F,5,FALSE),"NOT PUBLISHED") -> NOT PUBLISHED | J14: =IFERROR(VLOOKUP($C11:C108,'R22 RELATÓRIO ACC'!B:P,15,FALSE),"NOT PUBLISHED") -> NOT PUBLISHED | K14: =IFERROR(VLOOKUP($B11:B108,'RELATÓRIO ACC'!B:F,5,FALSE),"NOT PUBLISHED") -> NOT PUBLISHED | L14: =IFERROR(VLOOKUP($B11:B108,'RELATÓRIO ACC'!B:P,15,FALSE),"NOT PUBLISHED") -> NOT PUBLISHED | M14: =IF(OR($D14="UTLS",$D14="GUAR",$D14="STIR",$D14="PUMP",$D14="SITE"), VLOOKUP($B14,'LOD 400 - SITE'!B:M,12,FALSE), VLOOKUP($B14,'LOD 400 - ADMN'!B:M,12,FALSE) ) -> NOT PUBLISHED | N14: =IF(OR($D14="UTLS",$D14="GUAR",$D14="STIR",$D14="PUMP",$D14="SITE"), VLOOKUP($B14,'LOD 400 - SITE'!B:N,13,FALSE), VLOOKUP($B14,'LOD 400 - ADMN'!B:N,13,FALSE) ) -> NOT PUBLISHED | O14: =IF(OR($D14="UTLS",$D14="GUAR",$D14="STIR",$D14="PUMP",$D14="SITE"), VLOOKUP($B14,'LOD 400 - SITE'!B:O,14,FALSE), VLOOKUP($B14,'LOD 400 - ADMN'!B:O,14,FALSE) ) -> NOT PUBLISHED | P14: =IF(OR($D14="C345",$D14="C12A",$D14="DATA"), VLOOKUP($B14,'LOD 400 - COLO3'!B:M,12,FALSE),"N/A") -> NOT PUBLISHED | Q14: =IF(OR($D14="C345",$D14="C12A",$D14="DATA"), VLOOKUP($B14,'LOD 400 - COLO3'!B:N,13,FALSE),"N/A") -> NOT PUBLISHED | R14: =IF(OR($D14="C345",$D14="C12A",$D14="DATA"), VLOOKUP($B14,'LOD 400 - COLO3'!B:O,14,FALSE),"N/A") -> NOT PUBLISHED | S14: =IFERROR(VLOOKUP($B13:J108,'RELATÓRIO ACC'!J:N,5,FALSE),"NOT PUBLISHED") -> NOT PUBLISHED | T14: =IFERROR(VLOOKUP($B13:K108,'RELATÓRIO ACC'!K:O,5,FALSE),"NOT PUBLISHED") -> NOT PUBLISHED | U14: =IFERROR(VLOOKUP($B13:L108,'RELATÓRIO ACC'!L:P,5,FALSE),"NOT PUBLISHED") -> NOT PUBLISHED | V14: =IF(OR($D14="UTLS",$D14="GUAR",$D14="STIR",$D14="PUMP",$D14="SITE"), VLOOKUP($B14,'LOD 400 - UTLS'!B:M,12,FALSE),"N/A") -> N/A | W14: =IF(OR($D14="UTLS",$D14="GUAR",$D14="STIR",$D14="PUMP",$D14="SITE"), VLOOKUP($B14,'LOD 400 - UTLS'!B:N,13,FALSE),"N/A") -> N/A | X14: =IF(OR($D14="UTLS",$D14="GUAR",$D14="STIR",$D14="PUMP",$D14="SITE"), VLOOKUP($B14,'LOD 400 - UTLS'!B:O,14,FALSE),"N/A") -> N/A | Y14: =IFERROR(VLOOKUP($B14,'LOD 400 - ADMN'!B:S,18,FALSE),"N/A") -> NOT PUBLISHED | Z14: =IFERROR(VLOOKUP($B14,'LOD 400 - ADMN'!B:V,21,FALSE),"N/A") -> NOT PUBLISHED | AA14: =IFERROR(VLOOKUP($B14,'LOD 400 - ADMN'!$B:Y,24,FALSE),"N/A") -> NOT PUBLISHED | AB14: =IFERROR(VLOOKUP($B14,'LOD 400 - ADMN'!$B:AB,27,FALSE),"N/A") -> NOT PUBLISHED | AC14: =IFERROR(VLOOKUP($B14,'LOD 400 - ADMN'!$B:AE,30,FALSE),"N/A") -> NOT PUBLISHED | AD14: =IFERROR(VLOOKUP($B14,'LOD 400 - ADMN'!$B:AH,33,FALSE),"N/A") -> NOT PUBLISHED | AE14: =IFERROR(VLOOKUP($B14,'LOD 400 - ADMN'!$B:AK,36,FALSE),"N/A") -> NOT PUBLISHED | AF14: =IFERROR(VLOOKUP($B14,'LOD 400 - ADMN'!$B:AN,39,FALSE),"N/A") -> NOT PUBLISHED | AG14: =IFERROR(VLOOKUP($B14,'LOD 400 - ADMN'!$B:AQ,42,FALSE),"N/A") -> NOT PUBLISHED | AH14: =IFERROR(VLOOKUP($B14,'LOD 400 - ADMN'!$B:AT,45,FALSE),"N/A") -> NOT PUBLISHED | AI14: =IFERROR(VLOOKUP($B14,'LOD 400 - ADMN'!$B:AW,48,FALSE),"N/A") -> NOT PUBLISHED | AJ14: =IFERROR(VLOOKUP($B14,'LOD 400 - ADMN'!$B:AZ,51,FALSE),"N/A") -> NOT PUBLISHED | AK14: =IFERROR(VLOOKUP($B14,'LOD 400 - ADMN'!$B:BC,54,FALSE),"N/A") -> NOT PUBLISHED | AL14: =IFERROR(VLOOKUP($B14,'LOD 400 - ADMN'!$B:BF,57,FALSE),"N/A") -> NOT PUBLISHED | AM14: =IFERROR(VLOOKUP($B14,'LOD 400 - ADMN'!$B:BI,60,FALSE),"N/A") -> NOT PUBLISHED | AN14: =IFERROR(VLOOKUP($B14,'LOD 400 - ADMN'!$B:BL,63,FALSE),"N/A") -> NOT PUBLISHED | AO14: =IFERROR(VLOOKUP($B14,'LOD 400 - ADMN'!$B:BO,66,FALSE),"N/A") -> NOT PUBLISHED | AP14: =IFERROR(VLOOKUP($B14,'LOD 400 - ADMN'!$B:BR,69,FALSE),"N/A") -> NOT PUBLISHED | AQ14: =IFERROR(VLOOKUP($B14,'LOD 400 - ADMN'!$B:BU,72,FALSE),"N/A") -> NOT PUBLISHED | AR14: =IFERROR(VLOOKUP($B14,'LOD 400 - ADMN'!$B:BX,75,FALSE),"N/A") -> NOT PUBLISHED | AS14: =IFERROR(VLOOKUP($B14,'LOD 400 - ADMN'!$B:CA,78,FALSE),"N/A") -> NOT PUBLISHED | AT14: =IFERROR(VLOOKUP($B14,'LOD 400 - ADMN'!$B:CD,81,FALSE),"N/A") -> NOT PUBLISHED | AU14: =IFERROR(VLOOKUP($B14,'LOD 400 - ADMN'!$B:CG,84,FALSE),"N/A") -> NOT PUBLISHED | AV14: =IFERROR(VLOOKUP($B14,'LOD 400 - ADMN'!$B:CJ,87,FALSE),"N/A") -> NOT PUBLISHED | AW14: =IFERROR(VLOOKUP($B14,'LOD 400 - ADMN'!$B:CM,90,FALSE),"N/A") -> NOT PUBLISHED | AX14: =IFERROR(VLOOKUP($B14,'LOD 400 - ADMN'!$B:CP,93,FALSE),"N/A") -> NOT PUBLISHED | AY14: =IFERROR(VLOOKUP($B14,'LOD 400 - ADMN'!$B:CS,96,FALSE),"N/A") -> NOT PUBLISHED | AZ14: =IFERROR(VLOOKUP($B14,'LOD 400 - ADMN'!$B:CV,99,FALSE),"N/A") -> NOT PUBLISHED | BA14: =IFERROR(VLOOKUP($B14,'LOD 400 - ADMN'!$B:CY,102,FALSE),"N/A") -> NOT PUBLISHED | BB14: =IFERROR(VLOOKUP($B14,'LOD 400 - ADMN'!$B:DB,105,FALSE),"N/A") -> NOT PUBLISHED | BC14: =IFERROR(VLOOKUP($B14,'LOD 400 - ADMN'!$B:DE,108,FALSE),"N/A") -> NOT PUBLISHED | BD14: =IFERROR(VLOOKUP($B14,'LOD 400 - ADMN'!$B:DH,111,FALSE),"N/A") -> NOT PUBLISHED | BE14: =IFERROR(VLOOKUP($B14,'LOD 400 - ADMN'!$B:DK,114,FALSE),"N/A") -> NOT PUBLISHED | BF14: =IFERROR(VLOOKUP($B14,'LOD 400 - ADMN'!$B:DN,117,FALSE),"N/A") -> NOT PUBLISHED | BG14: =IFERROR(__xludf.DUMMYFUNCTION("IFERROR( MAX(FILTER(Y14:BF14, ISNUMBER(Y14:BF14))), BF14 )"),"NOT PUBLISHED") -> NOT PUBLISHED | BH14: =IFERROR(VLOOKUP($B14,'LOD 400 - COLO1'!B:S,18,FALSE),"N/A") -> NOT PUBLISHED | BI14: =IFERROR(VLOOKUP($B14,'LOD 400 - COLO1'!B:V,21,FALSE),"N/A") -> NOT PUBLISHED | BJ14: =IFERROR(VLOOKUP($B14,'LOD 400 - COLO1'!$B:Y,24,FALSE),"N/A") -> NOT PUBLISHED | BK14: =IFERROR(VLOOKUP($B14,'LOD 400 - COLO1'!$B:AB,27,FALSE),"N/A") -> NOT PUBLISHED | BL14: =IFERROR(VLOOKUP($B14,'LOD 400 - COLO1'!$B:AE,30,FALSE),"N/A") -> NOT PUBLISHED | BM14: =IFERROR(VLOOKUP($B14,'LOD 400 - COLO1'!$B:AH,33,FALSE),"N/A") -> NOT PUBLISHED | BN14: =IFERROR(VLOOKUP($B14,'LOD 400 - COLO1'!$B:AK,36,FALSE),"N/A") -> NOT PUBLISHED | BO14: =IFERROR(VLOOKUP($B14,'LOD 400 - COLO1'!$B:AN,39,FALSE),"N/A") -> NOT PUBLISHED | BP14: =IFERROR(VLOOKUP($B14,'LOD 400 - COLO1'!$B:AQ,42,FALSE),"N/A") -> NOT PUBLISHED | BQ14: =IFERROR(VLOOKUP($B14,'LOD 400 - COLO1'!$B:AT,45,FALSE),"N/A") -> NOT PUBLISHED | BR14: =IFERROR(VLOOKUP($B14,'LOD 400 - COLO1'!$B:AW,48,FALSE),"N/A") -> NOT PUBLISHED | BS14: =IFERROR(VLOOKUP($B14,'LOD 400 - COLO1'!$B:AZ,51,FALSE),"N/A") -> NOT PUBLISHED | BT14: =IFERROR(VLOOKUP($B14,'LOD 400 - COLO1'!$B:BC,54,FALSE),"N/A") -> NOT PUBLISHED | BU14: =IFERROR(VLOOKUP($B14,'LOD 400 - COLO1'!$B:BF,57,FALSE),"N/A") -> NOT PUBLISHED | BV14: =IFERROR(VLOOKUP($B14,'LOD 400 - COLO1'!$B:BI,60,FALSE),"N/A") -> NOT PUBLISHED | BW14: =IFERROR(VLOOKUP($B14,'LOD 400 - COLO1'!$B:BL,63,FALSE),"N/A") -> NOT PUBLISHED | BX14: =IFERROR(VLOOKUP($B14,'LOD 400 - COLO1'!$B:BO,66,FALSE),"N/A") -> NOT PUBLISHED | BY14: =IFERROR(VLOOKUP($B14,'LOD 400 - COLO1'!$B:BR,69,FALSE),"N/A") -> NOT PUBLISHED | BZ14: =IFERROR(VLOOKUP($B14,'LOD 400 - COLO1'!$B:BU,72,FALSE),"N/A") -> NOT PUBLISHED | CA14: =IFERROR(VLOOKUP($B14,'LOD 400 - COLO1'!$B:BX,75,FALSE),"N/A") -> NOT PUBLISHED | CB14: =IFERROR(VLOOKUP($B14,'LOD 400 - COLO1'!$B:CA,78,FALSE),"N/A") -> NOT PUBLISHED | CC14: =IFERROR(VLOOKUP($B14,'LOD 400 - COLO1'!$B:CD,81,FALSE),"N/A") -> NOT PUBLISHED | CD14: =IFERROR(VLOOKUP($B14,'LOD 400 - COLO1'!$B:CG,84,FALSE),"N/A") -> NOT PUBLISHED | CE14: =IFERROR(VLOOKUP($B14,'LOD 400 - COLO1'!$B:CJ,87,FALSE),"N/A") -> NOT PUBLISHED | CF14: =IFERROR(VLOOKUP($B14,'LOD 400 - COLO1'!$B:CM,90,FALSE),"N/A") -> NOT PUBLISHED | CG14: =IFERROR(VLOOKUP($B14,'LOD 400 - COLO1'!$B:CP,93,FALSE),"N/A") -> NOT PUBLISHED | CH14: =IFERROR(VLOOKUP($B14,'LOD 400 - COLO1'!$B:CS,96,FALSE),"N/A") -> NOT PUBLISHED | CI14: =IFERROR(VLOOKUP($B14,'LOD 400 - COLO1'!$B:CV,99,FALSE),"N/A") -> NOT PUBLISHED | CJ14: =IFERROR(VLOOKUP($B14,'LOD 400 - COLO1'!$B:CY,102,FALSE),"N/A") -> NOT PUBLISHED | CK14: =IFERROR(VLOOKUP($B14,'LOD 400 - COLO1'!$B:DB,105,FALSE),"N/A") -> NOT PUBLISHED | CL14: =IFERROR(VLOOKUP($B14,'LOD 400 - COLO1'!$B:DE,108,FALSE),"N/A") -> NOT PUBLISHED | CM14: =IFERROR(VLOOKUP($B14,'LOD 400 - COLO1'!$B:DH,111,FALSE),"N/A") -> NOT PUBLISHED | CN14: =IFERROR(VLOOKUP($B14,'LOD 400 - COLO1'!$B:DK,114,FALSE),"N/A") -> NOT PUBLISHED | CO14: =IFERROR(VLOOKUP($B14,'LOD 400 - COLO1'!$B:DN,117,FALSE),"N/A") -> NOT PUBLISHED | CP14: =IFERROR(__xludf.DUMMYFUNCTION("IFERROR( MAX(FILTER(BH14:CO14, ISNUMBER(BH14:CO14))), CO14 )"),"NOT PUBLISHED") -> NOT PUBLISHED | CQ14: =IFERROR(VLOOKUP($B14,'LOD 400 - COLO2'!B:S,18,FALSE),"N/A") -> NOT PUBLISHED | CR14: =IFERROR(VLOOKUP($B14,'LOD 400 - COLO2'!B:V,21,FALSE),"N/A") -> NOT PUBLISHED | CS14: =IFERROR(VLOOKUP($B14,'LOD 400 - COLO2'!$B:Y,24,FALSE),"N/A") -> NOT PUBLISHED | CT14: =IFERROR(VLOOKUP($B14,'LOD 400 - COLO2'!$B:DQ,27,FALSE),"N/A") -> NOT PUBLISHED | CU14: =IFERROR(VLOOKUP($B14,'LOD 400 - COLO2'!$B:AE,30,FALSE),"N/A") -> NOT PUBLISHED | CV14: =IFERROR(VLOOKUP($B14,'LOD 400 - COLO2'!$B:AH,33,FALSE),"N/A") -> NOT PUBLISHED | CW14: =IFERROR(VLOOKUP($B14,'LOD 400 - COLO2'!$B:AK,36,FALSE),"N/A") -> NOT PUBLISHED | CX14: =IFERROR(VLOOKUP($B14,'LOD 400 - COLO2'!$B:AN,39,FALSE),"N/A") -> NOT PUBLISHED | CY14: =IFERROR(VLOOKUP($B14,'LOD 400 - COLO2'!$B:AQ,42,FALSE),"N/A") -> NOT PUBLISHED | CZ14: =IFERROR(VLOOKUP($B14,'LOD 400 - COLO2'!$B:AT,45,FALSE),"N/A") -> NOT PUBLISHED | DA14: =IFERROR(VLOOKUP($B14,'LOD 400 - COLO2'!$B:AW,48,FALSE),"N/A") -> NOT PUBLISHED | DB14: =IFERROR(VLOOKUP($B14,'LOD 400 - COLO2'!$B:AZ,51,FALSE),"N/A") -> NOT PUBLISHED | DC14: =IFERROR(VLOOKUP($B14,'LOD 400 - COLO2'!$B:BC,54,FALSE),"N/A") -> NOT PUBLISHED | DD14: =IFERROR(VLOOKUP($B14,'LOD 400 - COLO2'!$B:BF,57,FALSE),"N/A") -> NOT PUBLISHED | DE14: =IFERROR(VLOOKUP($B14,'LOD 400 - COLO2'!$B:BI,60,FALSE),"N/A") -> NOT PUBLISHED | DF14: =IFERROR(VLOOKUP($B14,'LOD 400 - COLO2'!$B:BL,63,FALSE),"N/A") -> NOT PUBLISHED | DG14: =IFERROR(VLOOKUP($B14,'LOD 400 - COLO2'!$B:BO,66,FALSE),"N/A") -> NOT PUBLISHED | DH14: =IFERROR(VLOOKUP($B14,'LOD 400 - COLO2'!$B:BR,69,FALSE),"N/A") -> NOT PUBLISHED | DI14: =IFERROR(VLOOKUP($B14,'LOD 400 - COLO2'!$B:BU,72,FALSE),"N/A") -> NOT PUBLISHED | DJ14: =IFERROR(VLOOKUP($B14,'LOD 400 - COLO2'!$B:BX,75,FALSE),"N/A") -> NOT PUBLISHED | DK14: =IFERROR(VLOOKUP($B14,'LOD 400 - COLO2'!$B:CA,78,FALSE),"N/A") -> NOT PUBLISHED | DL14: =IFERROR(VLOOKUP($B14,'LOD 400 - COLO2'!$B:CD,81,FALSE),"N/A") -> NOT PUBLISHED | DM14: =IFERROR(VLOOKUP($B14,'LOD 400 - COLO2'!$B:CG,84,FALSE),"N/A") -> NOT PUBLISHED | DN14: =IFERROR(VLOOKUP($B14,'LOD 400 - COLO2'!$B:CJ,87,FALSE),"N/A") -> NOT PUBLISHED | DO14: =IFERROR(VLOOKUP($B14,'LOD 400 - COLO2'!$B:CM,90,FALSE),"N/A") -> NOT PUBLISHED | DP14: =IFERROR(VLOOKUP($B14,'LOD 400 - COLO2'!$B:CP,93,FALSE),"N/A") -> NOT PUBLISHED | DQ14: =IFERROR(VLOOKUP($B14,'LOD 400 - COLO2'!$B:CS,96,FALSE),"N/A") -> NOT PUBLISHED | DR14: =IFERROR(VLOOKUP($B14,'LOD 400 - COLO2'!$B:CV,99,FALSE),"N/A") -> NOT PUBLISHED | DS14: =IFERROR(VLOOKUP($B14,'LOD 400 - COLO2'!$B:CY,102,FALSE),"N/A") -> NOT PUBLISHED | DT14: =IFERROR(VLOOKUP($B14,'LOD 400 - COLO2'!$B:DB,105,FALSE),"N/A") -> NOT PUBLISHED | DU14: =IFERROR(VLOOKUP($B14,'LOD 400 - COLO2'!$B:DE,108,FALSE),"N/A") -> NOT PUBLISHED | DV14: =IFERROR(VLOOKUP($B14,'LOD 400 - COLO2'!$B:DH,111,FALSE),"N/A") -> NOT PUBLISHED | DW14: =IFERROR(VLOOKUP($B14,'LOD 400 - COLO2'!$B:DK,114,FALSE),"N/A") -> NOT PUBLISHED | DX14: =IFERROR(VLOOKUP($B14,'LOD 400 - COLO2'!$B:DN,117,FALSE),"N/A") -> NOT PUBLISHED | DY14: =IFERROR(__xludf.DUMMYFUNCTION("IFERROR( MAX(FILTER(CQ14:DW14, ISNUMBER(CQ14:DW14))), DW14 )"),"NOT PUBLISHED") -> NOT PUBLISHED | DZ14: =IFERROR(VLOOKUP($B14,'LOD 400 - COLO3'!B:S,18,FALSE),"N/A") -> NOT PUBLISHED | EA14: =IFERROR(VLOOKUP($B14,'LOD 400 - COLO3'!B:V,21,FALSE),"N/A") -> NOT PUBLISHED | EB14: =IFERROR(VLOOKUP($B14,'LOD 400 - COLO3'!B:Y,24,FALSE),"N/A") -> NOT PUBLISHED | EC14: =IFERROR(VLOOKUP($B14,'LOD 400 - COLO3'!B:AB,27,FALSE),"N/A") -> NOT PUBLISHED | ED14: =IFERROR(VLOOKUP($B14,'LOD 400 - COLO3'!B:AE,30,FALSE),"N/A") -> NOT PUBLISHED | EE14: =IFERROR(VLOOKUP($B14,'LOD 400 - COLO3'!B:AH,33,FALSE),"N/A") -> NOT PUBLISHED | EF14: =IFERROR(VLOOKUP($B14,'LOD 400 - COLO3'!B:AK,36,FALSE),"N/A") -> NOT PUBLISHED | EG14: =IFERROR(VLOOKUP($B14,'LOD 400 - COLO3'!B:AN,39,FALSE),"N/A") -> NOT PUBLISHED | EH14: =IFERROR(VLOOKUP($B14,'LOD 400 - COLO3'!B:AQ,42,FALSE),"N/A") -> NOT PUBLISHED | EI14: =IFERROR(VLOOKUP($B14,'LOD 400 - COLO3'!B:AT,45,FALSE),"N/A") -> NOT PUBLISHED | EJ14: =IFERROR(VLOOKUP($B14,'LOD 400 - COLO3'!B:AW,48,FALSE),"N/A") -> NOT PUBLISHED | EK14: =IFERROR(VLOOKUP($B14,'LOD 400 - COLO3'!B:AZ,51,FALSE),"N/A") -> NOT PUBLISHED | EL14: =IFERROR(VLOOKUP($B14,'LOD 400 - COLO3'!B:BC,54,FALSE),"N/A") -> NOT PUBLISHED | EM14: =IFERROR(VLOOKUP($B14,'LOD 400 - COLO3'!B:BF,57,FALSE),"N/A") -> NOT PUBLISHED | EN14: =IFERROR(VLOOKUP($B14,'LOD 400 - COLO3'!B:BI,60,FALSE),"N/A") -> NOT PUBLISHED | EO14: =IFERROR(VLOOKUP($B14,'LOD 400 - COLO3'!B:BL,63,FALSE),"N/A") -> NOT PUBLISHED | EP14: =IFERROR(__xludf.DUMMYFUNCTION("IFERROR( MAX(FILTER(DZ14:EO14, ISNUMBER(DZ14:EO14))), EO14 )"),"NOT PUBLISHED") -> NOT PUBLISHED | EQ14: =IFERROR(VLOOKUP($B14,'LOD 400 - COLO4'!B:S,18,FALSE),"N/A") -> NOT PUBLISHED | ER14: =IFERROR(__xludf.DUMMYFUNCTION("IFERROR( MAX(FILTER(EQ14, ISNUMBER(EQ14))), EQ14 )"),"NOT PUBLISHED") -> NOT PUBLISHED | ES14: =IFERROR(VLOOKUP($B14,'LOD 400 - SITE'!B:S,18,FALSE),"N/A") -> N/A | ET14: =IFERROR(VLOOKUP($B14,'LOD 400 - SITE'!B:V,21,FALSE),"N/A") -> N/A | EU14: =IFERROR(VLOOKUP($B14,'LOD 400 - SITE'!$B:Y,24,FALSE),"N/A") -> N/A | EV14: =IFERROR(VLOOKUP($B14,'LOD 400 - SITE'!$B:AB,27,FALSE),"N/A") -> N/A | EW14: =IFERROR(VLOOKUP($B14,'LOD 400 - SITE'!$B:AE,30,FALSE),"N/A") -> N/A | EX14: =IFERROR(VLOOKUP($B14,'LOD 400 - SITE'!$B:AH,33,FALSE),"N/A") -> N/A | EY14: =IFERROR(VLOOKUP($B14,'LOD 400 - SITE'!$B:AK,36,FALSE),"N/A") -> N/A | EZ14: =IFERROR(VLOOKUP($B14,'LOD 400 - SITE'!$B:AN,39,FALSE),"N/A") -> N/A | FA14: =IFERROR(VLOOKUP($B14,'LOD 400 - SITE'!$B:AQ,42,FALSE),"N/A") -> N/A | FB14: =IFERROR(VLOOKUP($B14,'LOD 400 - SITE'!$B:AT,45,FALSE),"N/A") -> N/A | FC14: =IFERROR(VLOOKUP($B14,'LOD 400 - SITE'!$B:AW,48,FALSE),"N/A") -> N/A | FD14: =IFERROR(VLOOKUP($B14,'LOD 400 - SITE'!$B:AZ,51,FALSE),"N/A") -> N/A | FE14: =IFERROR(VLOOKUP($B14,'LOD 400 - SITE'!$B:BC,54,FALSE),"N/A") -> N/A | FF14: =IFERROR(VLOOKUP($B14,'LOD 400 - SITE'!$B:BF,57,FALSE),"N/A") -> N/A | FG14: =IFERROR(VLOOKUP($B14,'LOD 400 - SITE'!$B:BI,60,FALSE),"N/A") -> N/A | FH14: =IFERROR(VLOOKUP($B14,'LOD 400 - SITE'!$B:BL,63,FALSE),"N/A") -> N/A | FI14: =IFERROR(VLOOKUP($B14,'LOD 400 - SITE'!$B:BO,66,FALSE),"N/A") -> N/A | FJ14: =IFERROR(VLOOKUP($B14,'LOD 400 - SITE'!$B:BR,69,FALSE),"N/A") -> N/A | FK14: =IFERROR(VLOOKUP($B14,'LOD 400 - SITE'!$B:BU,72,FALSE),"N/A") -> N/A | FL14: =IFERROR(VLOOKUP($B14,'LOD 400 - SITE'!$B:BX,75,FALSE),"N/A") -> N/A | FM14: =IFERROR(VLOOKUP($B14,'LOD 400 - SITE'!$B:CA,78,FALSE),"N/A") -> N/A | FN14: =IFERROR(VLOOKUP($B14,'LOD 400 - SITE'!$B:CD,81,FALSE),"N/A") -> N/A | FO14: =IFERROR(VLOOKUP($B14,'LOD 400 - SITE'!$B:CG,84,FALSE),"N/A") -> N/A | FP14: =IFERROR(VLOOKUP($B14,'LOD 400 - SITE'!$B:CJ,87,FALSE),"N/A") -> N/A | FQ14: =IFERROR(VLOOKUP($B14,'LOD 400 - SITE'!$B:CM,90,FALSE),"N/A") -> N/A | FR14: =IFERROR(VLOOKUP($B14,'LOD 400 - SITE'!$B:CP,93,FALSE),"N/A") -> N/A | FS14: =IFERROR(VLOOKUP($B14,'LOD 400 - SITE'!$B:CS,96,FALSE),"N/A") -> N/A | FT14: =IFERROR(VLOOKUP($B14,'LOD 400 - SITE'!$B:CV,99,FALSE),"N/A") -> N/A | FU14: =IFERROR(VLOOKUP($B14,'LOD 400 - SITE'!$B:CY,102,FALSE),"N/A") -> N/A | FV14: =IFERROR(VLOOKUP($B14,'LOD 400 - SITE'!$B:DB,105,FALSE),"N/A") -> N/A | FW14: =IFERROR(VLOOKUP($B14,'LOD 400 - SITE'!$B:DE,108,FALSE),"N/A") -> N/A | FX14: =IFERROR(VLOOKUP($B14,'LOD 400 - SITE'!$B:DH,111,FALSE),"N/A") -> N/A | FY14: =IFERROR(VLOOKUP($B14,'LOD 400 - SITE'!$B:DK,114,FALSE),"N/A") -> N/A | FZ14: =IFERROR(__xludf.DUMMYFUNCTION("IFERROR( MAX(FILTER(ES14:FY14, ISNUMBER(ES14:FY14))), FY14 )"),"N/A") -> N/A | GA14: =IFERROR(VLOOKUP($B14,'LOD 400 - UTLS'!B:S,18,FALSE),"N/A") -> N/A | GB14: =IFERROR(VLOOKUP($B14,'LOD 400 - UTLS'!B:V,21,FALSE),"N/A") -> N/A | GC14: =IFERROR(VLOOKUP($B14,'LOD 400 - UTLS'!B:Y,24,FALSE),"N/A") -> N/A | GD14: =IFERROR(VLOOKUP($B14,'LOD 400 - UTLS'!$B:AB,27,FALSE),"N/A") -> N/A | GE14: =IFERROR(VLOOKUP($B14,'LOD 400 - UTLS'!$B:AE,30,FALSE),"N/A") -> N/A | GF14: =IFERROR(VLOOKUP($B14,'LOD 400 - UTLS'!$B:AH,33,FALSE),"N/A") -> N/A | GG14: =IFERROR(VLOOKUP($B14,'LOD 400 - UTLS'!$B:AK,36,FALSE),"N/A") -> N/A | GH14: =IFERROR(VLOOKUP($B14,'LOD 400 - UTLS'!$B:AN,39,FALSE),"N/A") -> N/A | GI14: =IFERROR(VLOOKUP($B14,'LOD 400 - UTLS'!$B:AQ,42,FALSE),"N/A") -> N/A | GJ14: =IFERROR(VLOOKUP($B14,'LOD 400 - UTLS'!$B:AT,45,FALSE),"N/A") -> N/A | GK14: =IFERROR(VLOOKUP($B14,'LOD 400 - UTLS'!$B:AW,48,FALSE),"N/A") -> N/A | GL14: =IFERROR(VLOOKUP($B14,'LOD 400 - UTLS'!$B:AZ,51,FALSE),"N/A") -> N/A | GM14: =IFERROR(VLOOKUP($B14,'LOD 400 - UTLS'!$B:BC,54,FALSE),"N/A") -> N/A | GN14: =IFERROR(VLOOKUP($B14,'LOD 400 - UTLS'!$B:BF,57,FALSE),"N/A") -> N/A | GO14: =IFERROR(VLOOKUP($B14,'LOD 400 - UTLS'!$B:BI,60,FALSE),"N/A") -> N/A | GP14: =IFERROR(VLOOKUP($B14,'LOD 400 - UTLS'!$B:BL,63,FALSE),"N/A") -> N/A | GQ14: =IFERROR(VLOOKUP($B14,'LOD 400 - UTLS'!$B:BO,66,FALSE),"N/A") -> N/A | GR14: =IFERROR(VLOOKUP($B14,'LOD 400 - UTLS'!$B:BR,69,FALSE),"N/A") -> N/A | GS14: =IFERROR(VLOOKUP($B14,'LOD 400 - UTLS'!$B:BU,72,FALSE),"N/A") -> N/A | GT14: =IFERROR(VLOOKUP($B14,'LOD 400 - UTLS'!$B:BX,75,FALSE),"N/A") -> N/A | GU14: =IFERROR(VLOOKUP($B14,'LOD 400 - UTLS'!$B:CA,78,FALSE),"N/A") -> N/A | GV14: =IFERROR(VLOOKUP($B14,'LOD 400 - UTLS'!$B:CD,81,FALSE),"N/A") -> N/A | GW14: =IFERROR(VLOOKUP($B14,'LOD 400 - UTLS'!$B:CG,84,FALSE),"N/A") -> N/A | GX14: =IFERROR(VLOOKUP($B14,'LOD 400 - UTLS'!$B:CJ,87,FALSE),"N/A") -> N/A | GY14: =IFERROR(VLOOKUP($B14,'LOD 400 - UTLS'!$B:CM,90,FALSE),"N/A") -> N/A | GZ14: =IFERROR(VLOOKUP($B14,'LOD 400 - UTLS'!$B:CP,93,FALSE),"N/A") -> N/A | HA14: =IFERROR(VLOOKUP($B14,'LOD 400 - UTLS'!$B:CS,96,FALSE),"N/A") -> N/A | HB14: =IFERROR(VLOOKUP($B14,'LOD 400 - UTLS'!$B:CV,99,FALSE),"N/A") -> N/A | HC14: =IFERROR(VLOOKUP($B14,'LOD 400 - UTLS'!$B:CY,102,FALSE),"N/A") -> N/A | HD14: =IFERROR(VLOOKUP($B14,'LOD 400 - UTLS'!$B:DB,105,FALSE),"N/A") -> N/A | HE14: =IFERROR(__xludf.DUMMYFUNCTION("IFERROR( MAX(FILTER(GA14:HD14, ISNUMBER(GA14:HD14))), HD14 )"),"N/A") -> N/A
A15: 18 | B15: CPQ11-ARCH-WTRP-DATA-R24.rvt | C15: CPQ11-ARCH-WTRP-DATA-R22.rvt | D15: =MID(B15,17,4) -> DATA | E15: ITS | F15: 1107 | G15: RBV | H15: 0 | I15: =IFERROR(VLOOKUP($C12:C108,'R22 RELATÓRIO ACC'!B:F,5,FALSE),"NOT PUBLISHED") -> NOT PUBLISHED | J15: =IFERROR(VLOOKUP($C12:C108,'R22 RELATÓRIO ACC'!B:P,15,FALSE),"NOT PUBLISHED") -> NOT PUBLISHED | K15: =IFERROR(VLOOKUP($B12:B108,'RELATÓRIO ACC'!B:F,5,FALSE),"NOT PUBLISHED") -> NOT PUBLISHED | L15: =IFERROR(VLOOKUP($B12:B108,'RELATÓRIO ACC'!B:P,15,FALSE),"NOT PUBLISHED") -> NOT PUBLISHED | M15: =IF(OR($D15="UTLS",$D15="GUAR",$D15="STIR",$D15="PUMP",$D15="SITE"), VLOOKUP($B15,'LOD 400 - SITE'!B:M,12,FALSE), VLOOKUP($B15,'LOD 400 - ADMN'!B:M,12,FALSE) ) -> NOT PUBLISHED | N15: =IF(OR($D15="UTLS",$D15="GUAR",$D15="STIR",$D15="PUMP",$D15="SITE"), VLOOKUP($B15,'LOD 400 - SITE'!B:N,13,FALSE), VLOOKUP($B15,'LOD 400 - ADMN'!B:N,13,FALSE) ) -> NOT PUBLISHED | O15: =IF(OR($D15="UTLS",$D15="GUAR",$D15="STIR",$D15="PUMP",$D15="SITE"), VLOOKUP($B15,'LOD 400 - SITE'!B:O,14,FALSE), VLOOKUP($B15,'LOD 400 - ADMN'!B:O,14,FALSE) ) -> NOT PUBLISHED | P15: =IF(OR($D15="C345",$D15="C12A",$D15="DATA"), VLOOKUP($B15,'LOD 400 - COLO3'!B:M,12,FALSE),"N/A") -> NOT PUBLISHED | Q15: =IF(OR($D15="C345",$D15="C12A",$D15="DATA"), VLOOKUP($B15,'LOD 400 - COLO3'!B:N,13,FALSE),"N/A") -> NOT PUBLISHED | R15: =IF(OR($D15="C345",$D15="C12A",$D15="DATA"), VLOOKUP($B15,'LOD 400 - COLO3'!B:O,14,FALSE),"N/A") -> NOT PUBLISHED | S15: =IFERROR(VLOOKUP($B14:J108,'RELATÓRIO ACC'!J:N,5,FALSE),"NOT PUBLISHED") -> NOT PUBLISHED | T15: =IFERROR(VLOOKUP($B14:K108,'RELATÓRIO ACC'!K:O,5,FALSE),"NOT PUBLISHED") -> NOT PUBLISHED | U15: =IFERROR(VLOOKUP($B14:L108,'RELATÓRIO ACC'!L:P,5,FALSE),"NOT PUBLISHED") -> NOT PUBLISHED | V15: =IF(OR($D15="UTLS",$D15="GUAR",$D15="STIR",$D15="PUMP",$D15="SITE"), VLOOKUP($B15,'LOD 400 - UTLS'!B:M,12,FALSE),"N/A") -> N/A | W15: =IF(OR($D15="UTLS",$D15="GUAR",$D15="STIR",$D15="PUMP",$D15="SITE"), VLOOKUP($B15,'LOD 400 - UTLS'!B:N,13,FALSE),"N/A") -> N/A | X15: =IF(OR($D15="UTLS",$D15="GUAR",$D15="STIR",$D15="PUMP",$D15="SITE"), VLOOKUP($B15,'LOD 400 - UTLS'!B:O,14,FALSE),"N/A") -> N/A | Y15: =IFERROR(VLOOKUP($B15,'LOD 400 - ADMN'!B:S,18,FALSE),"N/A") -> NOT PUBLISHED | Z15: =IFERROR(VLOOKUP($B15,'LOD 400 - ADMN'!B:V,21,FALSE),"N/A") -> NOT PUBLISHED | AA15: =IFERROR(VLOOKUP($B15,'LOD 400 - ADMN'!$B:Y,24,FALSE),"N/A") -> NOT PUBLISHED | AB15: =IFERROR(VLOOKUP($B15,'LOD 400 - ADMN'!$B:AB,27,FALSE),"N/A") -> NOT PUBLISHED | AC15: =IFERROR(VLOOKUP($B15,'LOD 400 - ADMN'!$B:AE,30,FALSE),"N/A") -> NOT PUBLISHED | AD15: =IFERROR(VLOOKUP($B15,'LOD 400 - ADMN'!$B:AH,33,FALSE),"N/A") -> NOT PUBLISHED | AE15: =IFERROR(VLOOKUP($B15,'LOD 400 - ADMN'!$B:AK,36,FALSE),"N/A") -> NOT PUBLISHED | AF15: =IFERROR(VLOOKUP($B15,'LOD 400 - ADMN'!$B:AN,39,FALSE),"N/A") -> NOT PUBLISHED | AG15: =IFERROR(VLOOKUP($B15,'LOD 400 - ADMN'!$B:AQ,42,FALSE),"N/A") -> NOT PUBLISHED | AH15: =IFERROR(VLOOKUP($B15,'LOD 400 - ADMN'!$B:AT,45,FALSE),"N/A") -> NOT PUBLISHED | AI15: =IFERROR(VLOOKUP($B15,'LOD 400 - ADMN'!$B:AW,48,FALSE),"N/A") -> NOT PUBLISHED | AJ15: =IFERROR(VLOOKUP($B15,'LOD 400 - ADMN'!$B:AZ,51,FALSE),"N/A") -> NOT PUBLISHED | AK15: =IFERROR(VLOOKUP($B15,'LOD 400 - ADMN'!$B:BC,54,FALSE),"N/A") -> NOT PUBLISHED | AL15: =IFERROR(VLOOKUP($B15,'LOD 400 - ADMN'!$B:BF,57,FALSE),"N/A") -> NOT PUBLISHED | AM15: =IFERROR(VLOOKUP($B15,'LOD 400 - ADMN'!$B:BI,60,FALSE),"N/A") -> NOT PUBLISHED | AN15: =IFERROR(VLOOKUP($B15,'LOD 400 - ADMN'!$B:BL,63,FALSE),"N/A") -> NOT PUBLISHED | AO15: =IFERROR(VLOOKUP($B15,'LOD 400 - ADMN'!$B:BO,66,FALSE),"N/A") -> NOT PUBLISHED | AP15: =IFERROR(VLOOKUP($B15,'LOD 400 - ADMN'!$B:BR,69,FALSE),"N/A") -> NOT PUBLISHED | AQ15: =IFERROR(VLOOKUP($B15,'LOD 400 - ADMN'!$B:BU,72,FALSE),"N/A") -> NOT PUBLISHED | AR15: =IFERROR(VLOOKUP($B15,'LOD 400 - ADMN'!$B:BX,75,FALSE),"N/A") -> NOT PUBLISHED | AS15: =IFERROR(VLOOKUP($B15,'LOD 400 - ADMN'!$B:CA,78,FALSE),"N/A") -> NOT PUBLISHED | AT15: =IFERROR(VLOOKUP($B15,'LOD 400 - ADMN'!$B:CD,81,FALSE),"N/A") -> NOT PUBLISHED | AU15: =IFERROR(VLOOKUP($B15,'LOD 400 - ADMN'!$B:CG,84,FALSE),"N/A") -> NOT PUBLISHED | AV15: =IFERROR(VLOOKUP($B15,'LOD 400 - ADMN'!$B:CJ,87,FALSE),"N/A") -> NOT PUBLISHED | AW15: =IFERROR(VLOOKUP($B15,'LOD 400 - ADMN'!$B:CM,90,FALSE),"N/A") -> NOT PUBLISHED | AX15: =IFERROR(VLOOKUP($B15,'LOD 400 - ADMN'!$B:CP,93,FALSE),"N/A") -> NOT PUBLISHED | AY15: =IFERROR(VLOOKUP($B15,'LOD 400 - ADMN'!$B:CS,96,FALSE),"N/A") -> NOT PUBLISHED | AZ15: =IFERROR(VLOOKUP($B15,'LOD 400 - ADMN'!$B:CV,99,FALSE),"N/A") -> NOT PUBLISHED | BA15: =IFERROR(VLOOKUP($B15,'LOD 400 - ADMN'!$B:CY,102,FALSE),"N/A") -> NOT PUBLISHED | BB15: =IFERROR(VLOOKUP($B15,'LOD 400 - ADMN'!$B:DB,105,FALSE),"N/A") -> NOT PUBLISHED | BC15: =IFERROR(VLOOKUP($B15,'LOD 400 - ADMN'!$B:DE,108,FALSE),"N/A") -> NOT PUBLISHED | BD15: =IFERROR(VLOOKUP($B15,'LOD 400 - ADMN'!$B:DH,111,FALSE),"N/A") -> NOT PUBLISHED | BE15: =IFERROR(VLOOKUP($B15,'LOD 400 - ADMN'!$B:DK,114,FALSE),"N/A") -> NOT PUBLISHED | BF15: =IFERROR(VLOOKUP($B15,'LOD 400 - ADMN'!$B:DN,117,FALSE),"N/A") -> NOT PUBLISHED | BG15: =IFERROR(__xludf.DUMMYFUNCTION("IFERROR( MAX(FILTER(Y15:BF15, ISNUMBER(Y15:BF15))), BF15 )"),"NOT PUBLISHED") -> NOT PUBLISHED | BH15: =IFERROR(VLOOKUP($B15,'LOD 400 - COLO1'!B:S,18,FALSE),"N/A") -> NOT PUBLISHED | BI15: =IFERROR(VLOOKUP($B15,'LOD 400 - COLO1'!B:V,21,FALSE),"N/A") -> NOT PUBLISHED | BJ15: =IFERROR(VLOOKUP($B15,'LOD 400 - COLO1'!$B:Y,24,FALSE),"N/A") -> NOT PUBLISHED | BK15: =IFERROR(VLOOKUP($B15,'LOD 400 - COLO1'!$B:AB,27,FALSE),"N/A") -> NOT PUBLISHED | BL15: =IFERROR(VLOOKUP($B15,'LOD 400 - COLO1'!$B:AE,30,FALSE),"N/A") -> NOT PUBLISHED | BM15: =IFERROR(VLOOKUP($B15,'LOD 400 - COLO1'!$B:AH,33,FALSE),"N/A") -> NOT PUBLISHED | BN15: =IFERROR(VLOOKUP($B15,'LOD 400 - COLO1'!$B:AK,36,FALSE),"N/A") -> NOT PUBLISHED | BO15: =IFERROR(VLOOKUP($B15,'LOD 400 - COLO1'!$B:AN,39,FALSE),"N/A") -> NOT PUBLISHED | BP15: =IFERROR(VLOOKUP($B15,'LOD 400 - COLO1'!$B:AQ,42,FALSE),"N/A") -> NOT PUBLISHED | BQ15: =IFERROR(VLOOKUP($B15,'LOD 400 - COLO1'!$B:AT,45,FALSE),"N/A") -> NOT PUBLISHED | BR15: =IFERROR(VLOOKUP($B15,'LOD 400 - COLO1'!$B:AW,48,FALSE),"N/A") -> NOT PUBLISHED | BS15: =IFERROR(VLOOKUP($B15,'LOD 400 - COLO1'!$B:AZ,51,FALSE),"N/A") -> NOT PUBLISHED | BT15: =IFERROR(VLOOKUP($B15,'LOD 400 - COLO1'!$B:BC,54,FALSE),"N/A") -> NOT PUBLISHED | BU15: =IFERROR(VLOOKUP($B15,'LOD 400 - COLO1'!$B:BF,57,FALSE),"N/A") -> NOT PUBLISHED | BV15: =IFERROR(VLOOKUP($B15,'LOD 400 - COLO1'!$B:BI,60,FALSE),"N/A") -> NOT PUBLISHED | BW15: =IFERROR(VLOOKUP($B15,'LOD 400 - COLO1'!$B:BL,63,FALSE),"N/A") -> NOT PUBLISHED | BX15: =IFERROR(VLOOKUP($B15,'LOD 400 - COLO1'!$B:BO,66,FALSE),"N/A") -> NOT PUBLISHED | BY15: =IFERROR(VLOOKUP($B15,'LOD 400 - COLO1'!$B:BR,69,FALSE),"N/A") -> NOT PUBLISHED | BZ15: =IFERROR(VLOOKUP($B15,'LOD 400 - COLO1'!$B:BU,72,FALSE),"N/A") -> NOT PUBLISHED | CA15: =IFERROR(VLOOKUP($B15,'LOD 400 - COLO1'!$B:BX,75,FALSE),"N/A") -> NOT PUBLISHED | CB15: =IFERROR(VLOOKUP($B15,'LOD 400 - COLO1'!$B:CA,78,FALSE),"N/A") -> NOT PUBLISHED | CC15: =IFERROR(VLOOKUP($B15,'LOD 400 - COLO1'!$B:CD,81,FALSE),"N/A") -> NOT PUBLISHED | CD15: =IFERROR(VLOOKUP($B15,'LOD 400 - COLO1'!$B:CG,84,FALSE),"N/A") -> NOT PUBLISHED | CE15: =IFERROR(VLOOKUP($B15,'LOD 400 - COLO1'!$B:CJ,87,FALSE),"N/A") -> NOT PUBLISHED | CF15: =IFERROR(VLOOKUP($B15,'LOD 400 - COLO1'!$B:CM,90,FALSE),"N/A") -> NOT PUBLISHED | CG15: =IFERROR(VLOOKUP($B15,'LOD 400 - COLO1'!$B:CP,93,FALSE),"N/A") -> NOT PUBLISHED | CH15: =IFERROR(VLOOKUP($B15,'LOD 400 - COLO1'!$B:CS,96,FALSE),"N/A") -> NOT PUBLISHED | CI15: =IFERROR(VLOOKUP($B15,'LOD 400 - COLO1'!$B:CV,99,FALSE),"N/A") -> NOT PUBLISHED | CJ15: =IFERROR(VLOOKUP($B15,'LOD 400 - COLO1'!$B:CY,102,FALSE),"N/A") -> NOT PUBLISHED | CK15: =IFERROR(VLOOKUP($B15,'LOD 400 - COLO1'!$B:DB,105,FALSE),"N/A") -> NOT PUBLISHED | CL15: =IFERROR(VLOOKUP($B15,'LOD 400 - COLO1'!$B:DE,108,FALSE),"N/A") -> NOT PUBLISHED | CM15: =IFERROR(VLOOKUP($B15,'LOD 400 - COLO1'!$B:DH,111,FALSE),"N/A") -> NOT PUBLISHED | CN15: =IFERROR(VLOOKUP($B15,'LOD 400 - COLO1'!$B:DK,114,FALSE),"N/A") -> NOT PUBLISHED | CO15: =IFERROR(VLOOKUP($B15,'LOD 400 - COLO1'!$B:DN,117,FALSE),"N/A") -> NOT PUBLISHED | CP15: =IFERROR(__xludf.DUMMYFUNCTION("IFERROR( MAX(FILTER(BH15:CO15, ISNUMBER(BH15:CO15))), CO15 )"),"NOT PUBLISHED") -> NOT PUBLISHED | CQ15: =IFERROR(VLOOKUP($B15,'LOD 400 - COLO2'!B:S,18,FALSE),"N/A") -> NOT PUBLISHED | CR15: =IFERROR(VLOOKUP($B15,'LOD 400 - COLO2'!B:V,21,FALSE),"N/A") -> NOT PUBLISHED | CS15: =IFERROR(VLOOKUP($B15,'LOD 400 - COLO2'!$B:Y,24,FALSE),"N/A") -> NOT PUBLISHED | CT15: =IFERROR(VLOOKUP($B15,'LOD 400 - COLO2'!$B:DQ,27,FALSE),"N/A") -> NOT PUBLISHED | CU15: =IFERROR(VLOOKUP($B15,'LOD 400 - COLO2'!$B:AE,30,FALSE),"N/A") -> NOT PUBLISHED | CV15: =IFERROR(VLOOKUP($B15,'LOD 400 - COLO2'!$B:AH,33,FALSE),"N/A") -> NOT PUBLISHED | CW15: =IFERROR(VLOOKUP($B15,'LOD 400 - COLO2'!$B:AK,36,FALSE),"N/A") -> NOT PUBLISHED | CX15: =IFERROR(VLOOKUP($B15,'LOD 400 - COLO2'!$B:AN,39,FALSE),"N/A") -> NOT PUBLISHED | CY15: =IFERROR(VLOOKUP($B15,'LOD 400 - COLO2'!$B:AQ,42,FALSE),"N/A") -> NOT PUBLISHED | CZ15: =IFERROR(VLOOKUP($B15,'LOD 400 - COLO2'!$B:AT,45,FALSE),"N/A") -> NOT PUBLISHED | DA15: =IFERROR(VLOOKUP($B15,'LOD 400 - COLO2'!$B:AW,48,FALSE),"N/A") -> NOT PUBLISHED | DB15: =IFERROR(VLOOKUP($B15,'LOD 400 - COLO2'!$B:AZ,51,FALSE),"N/A") -> NOT PUBLISHED | DC15: =IFERROR(VLOOKUP($B15,'LOD 400 - COLO2'!$B:BC,54,FALSE),"N/A") -> NOT PUBLISHED | DD15: =IFERROR(VLOOKUP($B15,'LOD 400 - COLO2'!$B:BF,57,FALSE),"N/A") -> NOT PUBLISHED | DE15: =IFERROR(VLOOKUP($B15,'LOD 400 - COLO2'!$B:BI,60,FALSE),"N/A") -> NOT PUBLISHED | DF15: =IFERROR(VLOOKUP($B15,'LOD 400 - COLO2'!$B:BL,63,FALSE),"N/A") -> NOT PUBLISHED | DG15: =IFERROR(VLOOKUP($B15,'LOD 400 - COLO2'!$B:BO,66,FALSE),"N/A") -> NOT PUBLISHED | DH15: =IFERROR(VLOOKUP($B15,'LOD 400 - COLO2'!$B:BR,69,FALSE),"N/A") -> NOT PUBLISHED | DI15: =IFERROR(VLOOKUP($B15,'LOD 400 - COLO2'!$B:BU,72,FALSE),"N/A") -> NOT PUBLISHED | DJ15: =IFERROR(VLOOKUP($B15,'LOD 400 - COLO2'!$B:BX,75,FALSE),"N/A") -> NOT PUBLISHED | DK15: =IFERROR(VLOOKUP($B15,'LOD 400 - COLO2'!$B:CA,78,FALSE),"N/A") -> NOT PUBLISHED | DL15: =IFERROR(VLOOKUP($B15,'LOD 400 - COLO2'!$B:CD,81,FALSE),"N/A") -> NOT PUBLISHED | DM15: =IFERROR(VLOOKUP($B15,'LOD 400 - COLO2'!$B:CG,84,FALSE),"N/A") -> NOT PUBLISHED | DN15: =IFERROR(VLOOKUP($B15,'LOD 400 - COLO2'!$B:CJ,87,FALSE),"N/A") -> NOT PUBLISHED | DO15: =IFERROR(VLOOKUP($B15,'LOD 400 - COLO2'!$B:CM,90,FALSE),"N/A") -> NOT PUBLISHED | DP15: =IFERROR(VLOOKUP($B15,'LOD 400 - COLO2'!$B:CP,93,FALSE),"N/A") -> NOT PUBLISHED | DQ15: =IFERROR(VLOOKUP($B15,'LOD 400 - COLO2'!$B:CS,96,FALSE),"N/A") -> NOT PUBLISHED | DR15: =IFERROR(VLOOKUP($B15,'LOD 400 - COLO2'!$B:CV,99,FALSE),"N/A") -> NOT PUBLISHED | DS15: =IFERROR(VLOOKUP($B15,'LOD 400 - COLO2'!$B:CY,102,FALSE),"N/A") -> NOT PUBLISHED | DT15: =IFERROR(VLOOKUP($B15,'LOD 400 - COLO2'!$B:DB,105,FALSE),"N/A") -> NOT PUBLISHED | DU15: =IFERROR(VLOOKUP($B15,'LOD 400 - COLO2'!$B:DE,108,FALSE),"N/A") -> NOT PUBLISHED | DV15: =IFERROR(VLOOKUP($B15,'LOD 400 - COLO2'!$B:DH,111,FALSE),"N/A") -> NOT PUBLISHED | DW15: =IFERROR(VLOOKUP($B15,'LOD 400 - COLO2'!$B:DK,114,FALSE),"N/A") -> NOT PUBLISHED | DX15: =IFERROR(VLOOKUP($B15,'LOD 400 - COLO2'!$B:DN,117,FALSE),"N/A") -> NOT PUBLISHED | DY15: =IFERROR(__xludf.DUMMYFUNCTION("IFERROR( MAX(FILTER(CQ15:DW15, ISNUMBER(CQ15:DW15))), DW15 )"),"NOT PUBLISHED") -> NOT PUBLISHED | DZ15: =IFERROR(VLOOKUP($B15,'LOD 400 - COLO3'!B:S,18,FALSE),"N/A") -> NOT PUBLISHED | EA15: =IFERROR(VLOOKUP($B15,'LOD 400 - COLO3'!B:V,21,FALSE),"N/A") -> NOT PUBLISHED | EB15: =IFERROR(VLOOKUP($B15,'LOD 400 - COLO3'!B:Y,24,FALSE),"N/A") -> NOT PUBLISHED | EC15: =IFERROR(VLOOKUP($B15,'LOD 400 - COLO3'!B:AB,27,FALSE),"N/A") -> NOT PUBLISHED | ED15: =IFERROR(VLOOKUP($B15,'LOD 400 - COLO3'!B:AE,30,FALSE),"N/A") -> NOT PUBLISHED | EE15: =IFERROR(VLOOKUP($B15,'LOD 400 - COLO3'!B:AH,33,FALSE),"N/A") -> NOT PUBLISHED | EF15: =IFERROR(VLOOKUP($B15,'LOD 400 - COLO3'!B:AK,36,FALSE),"N/A") -> NOT PUBLISHED | EG15: =IFERROR(VLOOKUP($B15,'LOD 400 - COLO3'!B:AN,39,FALSE),"N/A") -> NOT PUBLISHED | EH15: =IFERROR(VLOOKUP($B15,'LOD 400 - COLO3'!B:AQ,42,FALSE),"N/A") -> NOT PUBLISHED | EI15: =IFERROR(VLOOKUP($B15,'LOD 400 - COLO3'!B:AT,45,FALSE),"N/A") -> NOT PUBLISHED | EJ15: =IFERROR(VLOOKUP($B15,'LOD 400 - COLO3'!B:AW,48,FALSE),"N/A") -> NOT PUBLISHED | EK15: =IFERROR(VLOOKUP($B15,'LOD 400 - COLO3'!B:AZ,51,FALSE),"N/A") -> NOT PUBLISHED | EL15: =IFERROR(VLOOKUP($B15,'LOD 400 - COLO3'!B:BC,54,FALSE),"N/A") -> NOT PUBLISHED | EM15: =IFERROR(VLOOKUP($B15,'LOD 400 - COLO3'!B:BF,57,FALSE),"N/A") -> NOT PUBLISHED | EN15: =IFERROR(VLOOKUP($B15,'LOD 400 - COLO3'!B:BI,60,FALSE),"N/A") -> NOT PUBLISHED | EO15: =IFERROR(VLOOKUP($B15,'LOD 400 - COLO3'!B:BL,63,FALSE),"N/A") -> NOT PUBLISHED | EP15: =IFERROR(__xludf.DUMMYFUNCTION("IFERROR( MAX(FILTER(DZ15:EO15, ISNUMBER(DZ15:EO15))), EO15 )"),"NOT PUBLISHED") -> NOT PUBLISHED | EQ15: =IFERROR(VLOOKUP($B15,'LOD 400 - COLO4'!B:S,18,FALSE),"N/A") -> NOT PUBLISHED | ER15: =IFERROR(__xludf.DUMMYFUNCTION("IFERROR( MAX(FILTER(EQ15, ISNUMBER(EQ15))), EQ15 )"),"NOT PUBLISHED") -> NOT PUBLISHED | ES15: =IFERROR(VLOOKUP($B15,'LOD 400 - SITE'!B:S,18,FALSE),"N/A") -> N/A | ET15: =IFERROR(VLOOKUP($B15,'LOD 400 - SITE'!B:V,21,FALSE),"N/A") -> N/A | EU15: =IFERROR(VLOOKUP($B15,'LOD 400 - SITE'!$B:Y,24,FALSE),"N/A") -> N/A | EV15: =IFERROR(VLOOKUP($B15,'LOD 400 - SITE'!$B:AB,27,FALSE),"N/A") -> N/A | EW15: =IFERROR(VLOOKUP($B15,'LOD 400 - SITE'!$B:AE,30,FALSE),"N/A") -> N/A | EX15: =IFERROR(VLOOKUP($B15,'LOD 400 - SITE'!$B:AH,33,FALSE),"N/A") -> N/A | EY15: =IFERROR(VLOOKUP($B15,'LOD 400 - SITE'!$B:AK,36,FALSE),"N/A") -> N/A | EZ15: =IFERROR(VLOOKUP($B15,'LOD 400 - SITE'!$B:AN,39,FALSE),"N/A") -> N/A | FA15: =IFERROR(VLOOKUP($B15,'LOD 400 - SITE'!$B:AQ,42,FALSE),"N/A") -> N/A | FB15: =IFERROR(VLOOKUP($B15,'LOD 400 - SITE'!$B:AT,45,FALSE),"N/A") -> N/A | FC15: =IFERROR(VLOOKUP($B15,'LOD 400 - SITE'!$B:AW,48,FALSE),"N/A") -> N/A | FD15: =IFERROR(VLOOKUP($B15,'LOD 400 - SITE'!$B:AZ,51,FALSE),"N/A") -> N/A | FE15: =IFERROR(VLOOKUP($B15,'LOD 400 - SITE'!$B:BC,54,FALSE),"N/A") -> N/A | FF15: =IFERROR(VLOOKUP($B15,'LOD 400 - SITE'!$B:BF,57,FALSE),"N/A") -> N/A | FG15: =IFERROR(VLOOKUP($B15,'LOD 400 - SITE'!$B:BI,60,FALSE),"N/A") -> N/A | FH15: =IFERROR(VLOOKUP($B15,'LOD 400 - SITE'!$B:BL,63,FALSE),"N/A") -> N/A | FI15: =IFERROR(VLOOKUP($B15,'LOD 400 - SITE'!$B:BO,66,FALSE),"N/A") -> N/A | FJ15: =IFERROR(VLOOKUP($B15,'LOD 400 - SITE'!$B:BR,69,FALSE),"N/A") -> N/A | FK15: =IFERROR(VLOOKUP($B15,'LOD 400 - SITE'!$B:BU,72,FALSE),"N/A") -> N/A | FL15: =IFERROR(VLOOKUP($B15,'LOD 400 - SITE'!$B:BX,75,FALSE),"N/A") -> N/A | FM15: =IFERROR(VLOOKUP($B15,'LOD 400 - SITE'!$B:CA,78,FALSE),"N/A") -> N/A | FN15: =IFERROR(VLOOKUP($B15,'LOD 400 - SITE'!$B:CD,81,FALSE),"N/A") -> N/A | FO15: =IFERROR(VLOOKUP($B15,'LOD 400 - SITE'!$B:CG,84,FALSE),"N/A") -> N/A | FP15: =IFERROR(VLOOKUP($B15,'LOD 400 - SITE'!$B:CJ,87,FALSE),"N/A") -> N/A | FQ15: =IFERROR(VLOOKUP($B15,'LOD 400 - SITE'!$B:CM,90,FALSE),"N/A") -> N/A | FR15: =IFERROR(VLOOKUP($B15,'LOD 400 - SITE'!$B:CP,93,FALSE),"N/A") -> N/A | FS15: =IFERROR(VLOOKUP($B15,'LOD 400 - SITE'!$B:CS,96,FALSE),"N/A") -> N/A | FT15: =IFERROR(VLOOKUP($B15,'LOD 400 - SITE'!$B:CV,99,FALSE),"N/A") -> N/A | FU15: =IFERROR(VLOOKUP($B15,'LOD 400 - SITE'!$B:CY,102,FALSE),"N/A") -> N/A | FV15: =IFERROR(VLOOKUP($B15,'LOD 400 - SITE'!$B:DB,105,FALSE),"N/A") -> N/A | FW15: =IFERROR(VLOOKUP($B15,'LOD 400 - SITE'!$B:DE,108,FALSE),"N/A") -> N/A | FX15: =IFERROR(VLOOKUP($B15,'LOD 400 - SITE'!$B:DH,111,FALSE),"N/A") -> N/A | FY15: =IFERROR(VLOOKUP($B15,'LOD 400 - SITE'!$B:DK,114,FALSE),"N/A") -> N/A | FZ15: =IFERROR(__xludf.DUMMYFUNCTION("IFERROR( MAX(FILTER(ES15:FY15, ISNUMBER(ES15:FY15))), FY15 )"),"N/A") -> N/A | GA15: =IFERROR(VLOOKUP($B15,'LOD 400 - UTLS'!B:S,18,FALSE),"N/A") -> N/A | GB15: =IFERROR(VLOOKUP($B15,'LOD 400 - UTLS'!B:V,21,FALSE),"N/A") -> N/A | GC15: =IFERROR(VLOOKUP($B15,'LOD 400 - UTLS'!B:Y,24,FALSE),"N/A") -> N/A | GD15: =IFERROR(VLOOKUP($B15,'LOD 400 - UTLS'!$B:AB,27,FALSE),"N/A") -> N/A | GE15: =IFERROR(VLOOKUP($B15,'LOD 400 - UTLS'!$B:AE,30,FALSE),"N/A") -> N/A | GF15: =IFERROR(VLOOKUP($B15,'LOD 400 - UTLS'!$B:AH,33,FALSE),"N/A") -> N/A | GG15: =IFERROR(VLOOKUP($B15,'LOD 400 - UTLS'!$B:AK,36,FALSE),"N/A") -> N/A | GH15: =IFERROR(VLOOKUP($B15,'LOD 400 - UTLS'!$B:AN,39,FALSE),"N/A") -> N/A | GI15: =IFERROR(VLOOKUP($B15,'LOD 400 - UTLS'!$B:AQ,42,FALSE),"N/A") -> N/A | GJ15: =IFERROR(VLOOKUP($B15,'LOD 400 - UTLS'!$B:AT,45,FALSE),"N/A") -> N/A | GK15: =IFERROR(VLOOKUP($B15,'LOD 400 - UTLS'!$B:AW,48,FALSE),"N/A") -> N/A | GL15: =IFERROR(VLOOKUP($B15,'LOD 400 - UTLS'!$B:AZ,51,FALSE),"N/A") -> N/A | GM15: =IFERROR(VLOOKUP($B15,'LOD 400 - UTLS'!$B:BC,54,FALSE),"N/A") -> N/A | GN15: =IFERROR(VLOOKUP($B15,'LOD 400 - UTLS'!$B:BF,57,FALSE),"N/A") -> N/A | GO15: =IFERROR(VLOOKUP($B15,'LOD 400 - UTLS'!$B:BI,60,FALSE),"N/A") -> N/A | GP15: =IFERROR(VLOOKUP($B15,'LOD 400 - UTLS'!$B:BL,63,FALSE),"N/A") -> N/A | GQ15: =IFERROR(VLOOKUP($B15,'LOD 400 - UTLS'!$B:BO,66,FALSE),"N/A") -> N/A | GR15: =IFERROR(VLOOKUP($B15,'LOD 400 - UTLS'!$B:BR,69,FALSE),"N/A") -> N/A | GS15: =IFERROR(VLOOKUP($B15,'LOD 400 - UTLS'!$B:BU,72,FALSE),"N/A") -> N/A | GT15: =IFERROR(VLOOKUP($B15,'LOD 400 - UTLS'!$B:BX,75,FALSE),"N/A") -> N/A | GU15: =IFERROR(VLOOKUP($B15,'LOD 400 - UTLS'!$B:CA,78,FALSE),"N/A") -> N/A | GV15: =IFERROR(VLOOKUP($B15,'LOD 400 - UTLS'!$B:CD,81,FALSE),"N/A") -> N/A | GW15: =IFERROR(VLOOKUP($B15,'LOD 400 - UTLS'!$B:CG,84,FALSE),"N/A") -> N/A | GX15: =IFERROR(VLOOKUP($B15,'LOD 400 - UTLS'!$B:CJ,87,FALSE),"N/A") -> N/A | GY15: =IFERROR(VLOOKUP($B15,'LOD 400 - UTLS'!$B:CM,90,FALSE),"N/A") -> N/A | GZ15: =IFERROR(VLOOKUP($B15,'LOD 400 - UTLS'!$B:CP,93,FALSE),"N/A") -> N/A | HA15: =IFERROR(VLOOKUP($B15,'LOD 400 - UTLS'!$B:CS,96,FALSE),"N/A") -> N/A | HB15: =IFERROR(VLOOKUP($B15,'LOD 400 - UTLS'!$B:CV,99,FALSE),"N/A") -> N/A | HC15: =IFERROR(VLOOKUP($B15,'LOD 400 - UTLS'!$B:CY,102,FALSE),"N/A") -> N/A | HD15: =IFERROR(VLOOKUP($B15,'LOD 400 - UTLS'!$B:DB,105,FALSE),"N/A") -> N/A | HE15: =IFERROR(__xludf.DUMMYFUNCTION("IFERROR( MAX(FILTER(GA15:HD15, ISNUMBER(GA15:HD15))), HD15 )"),"N/A") -> N/A
